{
    "query_state": [
        0.18254637718200684,
        -0.35053426027297974,
        0.0855715423822403,
        -2.519258975982666,
        0.10027708858251572,
        2.195408821105957,
        -0.023411689326167107,
        0.0
    ],
    "query_prompt": "pick up the poke ball and put it in the tray",
    "inference_time": true,
    "retrieved_0_state": [
        0.12125131487846375,
        -0.38892680406570435,
        0.042330849915742874,
        -2.571793794631958,
        0.0397987924516201,
        2.218233108520508,
        -0.02780456282198429,
        0.0
    ],
    "retrieved_0_actions": [
        [
            0.04114354494959116,
            0.5171121656894684,
            0.10952284559607506,
            -0.04419328644871712,
            0.01783334999345243,
            0.5160035565495491,
            -0.12452147901058197,
            0.0
        ],
        [
            0.002919496037065983,
            0.5477460473775864,
            0.11745171621441841,
            0.06153253372758627,
            -0.09978721849620342,
            0.4513966292142868,
            -0.08221891708672047,
            0.0
        ],
        [
            -0.0077713740756735206,
            0.5655010789632797,
            0.09998390451073647,
            0.1369098387658596,
            -0.1344463136047125,
            0.4096786305308342,
            -0.0728099001571536,
            0.0
        ],
        [
            -0.0034492556005716324,
            0.5646350607275963,
            0.07718607783317566,
            0.17161371186375618,
            -0.1119658350944519,
            0.40637675672769547,
            -0.09315493516623974,
            0.0
        ],
        [
            -0.0023505980789195746,
            0.5718810856342316,
            0.06942247040569782,
            0.21754002198576927,
            -0.11503990739583969,
            0.40851302444934845,
            -0.07666097488254309,
            0.0
        ],
        [
            -0.008463250123895705,
            0.552501268684864,
            0.06730367429554462,
            0.2704871632158756,
            -0.1850631833076477,
            0.3897222504019737,
            -0.034088792745023966,
            0.0
        ],
        [
            -0.00689223175868392,
            0.5176661163568497,
            0.051956092938780785,
            0.31132645905017853,
            -0.21924767643213272,
            0.33379700034856796,
            -0.0029839022317901254,
            0.0
        ],
        [
            0.010517870541661978,
            0.47669101506471634,
            0.041091861203312874,
            0.409323088824749,
            -0.20625196397304535,
            0.18800172954797745,
            0.029162117280066013,
            0.0
        ],
        [
            0.026031509041786194,
            0.43101493269205093,
            0.015324171399697661,
            0.3845757618546486,
            -0.2319631725549698,
            0.15723761171102524,
            0.07878161035478115,
            0.0
        ],
        [
            0.056971004232764244,
            0.37867605686187744,
            -0.030471172649413347,
            0.3354615718126297,
            -0.3292010724544525,
            0.1459330879151821,
            0.15438872389495373,
            0.0
        ],
        [
            0.07585893385112286,
            0.3340311720967293,
            -0.05772238131612539,
            0.2749791741371155,
            -0.29895978048443794,
            0.14540004543960094,
            0.15185234136879444,
            0.0
        ],
        [
            0.08510559797286987,
            0.29685860499739647,
            -0.0726880831643939,
            0.2256433293223381,
            -0.2380213513970375,
            0.1323242299258709,
            0.14263330958783627,
            0.0
        ],
        [
            0.09907734580338001,
            0.26272643357515335,
            -0.0935569778084755,
            0.16876854002475739,
            -0.21576687693595886,
            0.1487047877162695,
            0.15064616687595844,
            0.0
        ],
        [
            0.11967008002102375,
            0.22380519658327103,
            -0.12712369672954082,
            0.13328226283192635,
            -0.2288844808936119,
            0.14854528941214085,
            0.18396470695734024,
            0.21813149999999998
        ],
        [
            0.13370664790272713,
            0.16155824065208435,
            -0.1515806559473276,
            0.10112878866493702,
            -0.23427259176969528,
            0.1450453419238329,
            0.19167399033904076,
            0.31167397714705347
        ]
    ],
    "retrieved_0_prompt": "pick up the poke ball and put it in the tray",
    "retrieved_1_state": [
        0.07083651423454285,
        -0.3780081570148468,
        0.045227691531181335,
        -2.591616630554199,
        0.013246993534266949,
        2.2534842491149902,
        0.04454854503273964,
        0.0
    ],