{
    "query_state": [
        -0.020376306027173996,
        -0.3802415132522583,
        0.0018705367110669613,
        -2.521322250366211,
        0.0247187539935112,
        2.1370511054992676,
        -0.018162984400987625,
        0.0
    ],
    "query_prompt": "",
    "inference_time": true,
    "retrieved_0_state": [
        -0.028443535789847374,
        -0.10059678554534912,
        -0.002217552624642849,
        -2.631011724472046,
        -0.024975860491394997,
        2.551571846008301,
        -0.014769131317734718,
        0.0
    ],
    "retrieved_0_actions": [
        [
            0.006435204413719475,
            0.5993372574448586,
            -0.020964546129107475,
            0.25214703753590584,
            -0.09790114127099514,
            0.20818166434764862,
            0.11329672299325466,
            0.0
        ],
        [
            0.024052083026617765,
            0.5399474501609802,
            -0.02584609668701887,
            0.2428070269525051,
            -0.13069669716060162,
            0.1681494526565075,
            0.14373506419360638,
            0.0
        ],
        [
            0.04627981688827276,
            0.4830590635538101,
            -0.0319128786213696,
            0.22100312635302544,
            -0.14140588231384754,
            0.13983700424432755,
            0.14950040727853775,
            0.0
        ],
        [
            0.06983043625950813,
            0.4430338740348816,
            -0.036297268234193325,
            0.18480060622096062,
            -0.14896301552653313,
            0.1382066309452057,
            0.1579076237976551,
            0.0
        ],
        [
            0.09208105504512787,
            0.37398941814899445,
            -0.035200645215809345,
            0.14753597788512707,
            -0.14395495876669884,
            0.1148364506661892,
            0.16218692064285278,
            0.0
        ],
        [
            0.10184909217059612,
            0.3037150949239731,
            -0.031067056115716696,
            0.11467033997178078,
            -0.12300662696361542,
            0.09173868224024773,
            0.1518411748111248,
            0.0
        ],
        [
            0.11304514482617378,
            0.22974317893385887,
            -0.030339499935507774,
            0.05840262398123741,
            -0.13013886287808418,
            0.08056357502937317,
            0.1556833367794752,
            0.0
        ],
        [
            0.1048083882778883,
            0.1801449991762638,
            -0.03375024534761906,
            0.04414727911353111,
            -0.12745585292577744,
            0.06588700227439404,
            0.14042620547115803,
            0.0
        ],
        [
            0.08678331971168518,
            0.15369358472526073,
            -0.03546983236446977,
            0.06366644520312548,
            -0.11525288224220276,
            0.061667230911552906,
            0.11927720159292221,
            0.0
        ],
        [
            0.0607404625043273,
            0.13609602116048336,
            -0.03819358767941594,
            0.08277680724859238,
            -0.09968877770006657,
            0.0657584797590971,
            0.08942846208810806,
            0.0
        ]
    ],
    "retrieved_0_prompt": "move the idli plate to the right",
    "final_image_shape": [
        672,
        448,
        3
    ]
}