{
    "query_state": [
        -0.019823415204882622,
        -0.4687400460243225,
        0.0016778631834313273,
        -2.4844729900360107,
        0.026375193148851395,
        2.012547492980957,
        -0.023271987214684486,
        0.0
    ],
    "query_prompt": "move the idli plate to the right",
    "inference_time": true,
    "retrieved_0_state": [
        -0.046187110245227814,
        0.07719177007675171,
        -0.0213947556912899,
        -2.2550246715545654,
        -0.03801371157169342,
        2.3388173580169678,
        -0.022907482460141182,
        0.0
    ],
    "retrieved_0_actions": [
        [
            0.02442268654704094,
            0.20246140658855438,
            -0.05342268384993076,
            0.02270143711939454,
            -0.17086517065763474,
            0.26701459661126137,
            0.186065211892128,
            0.0
        ],
        [
            0.0081136409426108,
            0.48225946724414825,
            -0.09489312767982483,
            0.21464142948389053,
            -0.27844682335853577,
            0.4680030420422554,
            0.25074781849980354,
            0.0
        ],
        [
            0.011511347256600857,
            0.5781913176178932,
            -0.12098124250769615,
            0.3356296196579933,
            -0.29791930690407753,
            0.44312451034784317,
            0.26431433856487274,
            0.0
        ],
        [
            0.006756072398275137,
            0.6350593268871307,
            -0.13129869475960732,
            0.47465942800045013,
            -0.20014336332678795,
            0.30940424650907516,
            0.18637647852301598,
            0.0
        ],
        [
            0.010590521851554513,
            0.6090255454182625,
            -0.11857429519295692,
            0.536792017519474,
            -0.11389590799808502,
            0.16811497509479523,
            0.1172862108796835,
            0.0
        ],
        [
            0.017965601291507483,
            0.5986593291163445,
            -0.09506888687610626,
            0.5843823775649071,
            -0.05846573505550623,
            0.04786199890077114,
            0.08514366112649441,
            0.0
        ],
        [
            0.025462948251515627,
            0.5665997415781021,
            -0.06950637325644493,
            0.5892641842365265,
            -0.024520123843103647,
            -0.03145141759887338,
            0.06331171374768019,
            0.0
        ],
        [
            0.02992777619510889,
            0.5376997217535973,
            -0.04220579285174608,
            0.5851548910140991,
            0.0037769030313938856,
            -0.07907457649707794,
            0.03504582680761814,
            0.0
        ],
        [
            0.041423216462135315,
            0.5057122558355331,
            -0.031054755672812462,
            0.5776769295334816,
            0.017942532431334257,
            -0.12114866636693478,
            0.034819627180695534,
            0.0
        ],
        [
            0.049709780141711235,
            0.4263569414615631,
            -0.024119103327393532,
            0.5510697141289711,
            0.03513646079227328,
            -0.1903550699353218,
            0.04191196523606777,
            0.0
        ],
        [
            0.04851084668189287,
            0.392269529402256,
            -0.020522652193903923,
            0.5214155465364456,
            0.045852549374103546,
            -0.18967844545841217,
            0.04519690293818712,
            0.0
        ],
        [
            0.03822069149464369,
            0.3594991937279701,
            -0.01304376288317144,
            0.49566686153411865,
            0.06132822949439287,
            -0.17889918759465218,
            0.03361845854669809,
            0.0
        ],
        [
            0.01673612743616104,
            0.3732896223664284,
            0.0037292754859663546,
            0.4766399413347244,
            0.08560489863157272,
            -0.1491937506943941,
            0.011193895479664207,
            0.0
        ],
        [
            0.020980434492230415,
            0.35563472658395767,
            0.0033857341622933745,
            0.43997615575790405,
            0.07981295697391033,
            -0.13976492919027805,
            0.008029940072447062,
            0.0
        ],
        [
            0.03703364636749029,
            0.3182287886738777,
            0.01103257411159575,
            0.3690209984779358,
            0.07687749806791544,
            -0.13027732260525227,
            0.010936048347502947,
            0.0
        ]
    ],
    "retrieved_0_prompt": "move the idli plate to the right",
    "retrieved_1_state": [
        -0.045618265867233276,
        0.09913116693496704,
        -0.02262968011200428,
        -2.2586870193481445,
        -0.04842139035463333,
        2.372100830078125,
        -0.0070767952129244804,
        0.0
    ],