{
    "query_state": [
        -0.3915870189666748,
        0.9598488211631775,
        -0.01579958386719227,
        -1.433517336845398,
        0.22440192103385925,
        2.282979965209961,
        -0.1845618337392807,
        0.0
    ],
    "query_prompt": "move the idli plate to the right",
    "inference_time": true,
    "retrieved_0_state": [
        -0.4092673659324646,
        1.0085527896881104,
        -0.04937842860817909,
        -1.3146768808364868,
        0.17486213147640228,
        2.1584725379943848,
        -0.013898941688239574,
        0.0
    ],
    "retrieved_0_actions": [
        [
            -0.24609467014670372,
            0.2595757506787777,
            -0.0730827683582902,
            0.4618379846215248,
            0.24120783433318138,
            -0.2213231846690178,
            -0.031620298977941275,
            0.0
        ],
        [
            -0.19323140382766724,
            0.2628215029835701,
            -0.06501553114503622,
            0.4667515307664871,
            0.21264711394906044,
            -0.22735338658094406,
            -0.012729852460324764,
            0.0
        ],
        [
            -0.1713455654680729,
            0.2554597519338131,
            -0.058740777894854546,
            0.45981515198946,
            0.20616022869944572,
            -0.23548629134893417,
            0.0012551239342428744,
            0.0
        ],
        [
            -0.16415387392044067,
            0.2524968609213829,
            -0.054854522459208965,
            0.4556127265095711,
            0.21146371960639954,
            -0.2438332512974739,
            0.022399434819817543,
            0.0
        ],
        [
            -0.17097804695367813,
            0.2469252608716488,
            -0.05828732158988714,
            0.4476184770464897,
            0.216422900557518,
            -0.23733826354146004,
            0.03925605211406946,
            0.0
        ],
        [
            -0.18706176429986954,
            0.23157253861427307,
            -0.04904819652438164,
            0.407123900949955,
            0.21732207387685776,
            -0.19845528528094292,
            0.056591806933283806,
            0.0
        ],
        [
            -0.2029266022145748,
            0.22901592776179314,
            -0.04028708674013615,
            0.38588937371969223,
            0.22143375128507614,
            -0.18229683861136436,
            0.07627722341567278,
            0.0
        ],
        [
            -0.18997587263584137,
            0.2592974901199341,
            -0.02857466461136937,
            0.3713395446538925,
            0.22241219878196716,
            -0.1280368398874998,
            0.119837811216712,
            0.0
        ],
        [
            -0.17633259296417236,
            0.2450704202055931,
            -0.02461642026901245,
            0.3397864103317261,
            0.202240701764822,
            -0.10975460521876812,
            0.1349030714482069,
            0.0
        ],
        [
            -0.1387516874819994,
            0.2139553427696228,
            -0.03446236718446016,
            0.3039972670376301,
            0.15992052853107452,
            -0.09602644480764866,
            0.1438018586486578,
            0.0
        ],
        [
            -0.09218651801347733,
            0.13158448971807957,
            -0.013031447306275368,
            0.19188322126865387,
            0.0913565419614315,
            -0.039849402382969856,
            0.1630394533276558,
            0.0
        ],
        [
            0.0,
            0.0,
            0.0,
            0.0,
            0.0,
            0.0,
            0.0,
            0.0
        ],
        [
            0.0,
            0.0,
            0.0,
            0.0,
            0.0,
            0.0,
            0.0,
            0.0
        ],
        [
            0.0,
            0.0,
            0.0,
            0.0,
            0.0,
            0.0,
            0.0,
            0.0
        ],
        [
            0.0,
            0.0,
            0.0,
            0.0,
            0.0,
            0.0,
            0.0,
            0.0
        ]
    ],
    "retrieved_0_prompt": "move the idli plate to the right",
    "retrieved_1_state": [
        -0.045508790761232376,
        0.08111018687486649,
        -0.021459616720676422,
        -2.2590880393981934,
        -0.03870278596878052,
        2.3436179161071777,
        -0.020624566823244095,
        0.0
    ],