{
    "query_state": [
        -0.016799509525299072,
        -0.438986212015152,
        -0.04873404651880264,
        -2.4244279861450195,
        -0.054495152086019516,
        1.9496220350265503,
        -0.09748826175928116,
        0.0
    ],
    "query_prompt": "pick up the bagel and put it in the toaster",
    "inference_time": true,
    "retrieved_0_state": [
        -0.10994978249073029,
        -0.07819997519254684,
        -0.17542128264904022,
        -2.3654468059539795,
        -0.06531766057014465,
        2.3513967990875244,
        -0.1294216513633728,
        0.0
    ],
    "retrieved_0_actions": [
        [
            -0.08512827567756176,
            0.5159089714288712,
            0.006460830918513238,
            0.24692241102457047,
            0.16334401443600655,
            0.3035731054842472,
            -0.13360301032662392,
            0.0
        ],
        [
            -0.09470571763813496,
            0.5109580233693123,
            0.02360510639846325,
            0.23757917806506157,
            0.14981520362198353,
            0.28637174516916275,
            -0.08647137321531773,
            0.0
        ],
        [
            -0.09857685305178165,
            0.48220034688711166,
            0.04255890380591154,
            0.23918597027659416,
            0.13586491346359253,
            0.2547953836619854,
            -0.0630615558475256,
            0.0
        ],
        [
            -0.09697704575955868,
            0.4614301025867462,
            0.06727940868586302,
            0.2513554319739342,
            0.1265945192426443,
            0.2473612315952778,
            -0.05369812250137329,
            0.0
        ],
        [
            -0.09640730917453766,
            0.43380558490753174,
            0.08994790725409985,
            0.27027545496821404,
            0.11161304078996181,
            0.22417638450860977,
            -0.04561081528663635,
            0.0
        ],
        [
            -0.09514203295111656,
            0.42359281331300735,
            0.11226754635572433,
            0.3035214729607105,
            0.10295295156538486,
            0.18094688653945923,
            -0.027776777278631926,
            0.0
        ],
        [
            -0.09515720419585705,
            0.4014753922820091,
            0.12607441283762455,
            0.3184882551431656,
            0.10203861631453037,
            0.13972987420856953,
            -0.00724164885468781,
            0.0
        ],
        [
            -0.09091520681977272,
            0.368582047522068,
            0.12927700765430927,
            0.29631199315190315,
            0.09447691030800343,
            0.11665484867990017,
            0.02690444467589259,
            0.0
        ],
        [
            -0.08867816999554634,
            0.34665945917367935,
            0.11295570060610771,
            0.2561476267874241,
            0.07509573362767696,
            0.11114388704299927,
            0.067041190341115,
            0.0
        ],
        [
            -0.08430695161223412,
            0.3456924110651016,
            0.09282263927161694,
            0.2304869331419468,
            0.06124699488282204,
            0.1288533490151167,
            0.10885621421039104,
            0.0
        ],
        [
            -0.08384091779589653,
            0.32399557530879974,
            0.09142754599452019,
            0.22042974829673767,
            0.06314562633633614,
            0.12816834263503551,
            0.11236620135605335,
            0.0
        ],
        [
            -0.08373407647013664,
            0.2859470620751381,
            0.10419769212603569,
            0.21437996998429298,
            0.07488674484193325,
            0.1332738809287548,
            0.10035288520157337,
            0.0
        ],
        [
            -0.0736752524971962,
            0.23678943514823914,
            0.1084723137319088,
            0.20630018785595894,
            0.07307623978704214,
            0.13565110974013805,
            0.09908114559948444,
            0.0
        ],
        [
            -0.07290389388799667,
            0.18412001430988312,
            0.11351704597473145,
            0.18894540145993233,
            0.08105243556201458,
            0.12527259066700935,
            0.08848029188811779,
            0.0
        ],
        [
            -0.05907619837671518,
            0.12872900813817978,
            0.09646229445934296,
            0.15978967770934105,
            0.07721259724348783,
            0.11925850063562393,
            0.1049931813031435,
            0.1956045
        ]
    ],
    "retrieved_0_prompt": "pick up the bagel and put it in the toaster",
    "retrieved_1_state": [
        -0.04705158248543739,
        -0.547568678855896,
        -0.03227783739566803,
        -2.5626375675201416,
        -0.11357379704713821,
        2.005873203277588,
        0.014336032792925835,
        0.0
    ],