{
    "query_state": [
        -0.031230689957737923,
        -0.5074462294578552,
        -0.027464909479022026,
        -2.4917211532592773,
        -0.054737720638513565,
        1.963010549545288,
        -0.036407265812158585,
        0.0
    ],
    "query_prompt": "pick up the bagel and put it in the toaster",
    "inference_time": true,
    "retrieved_0_state": [
        -0.09560069441795349,
        -0.06315058469772339,
        -0.09639924019575119,
        -2.233571767807007,
        -0.0956893265247345,
        2.1959588527679443,
        0.004226983524858952,
        0.0
    ],
    "retrieved_0_actions": [
        [
            -0.026755649596452713,
            0.7174952328205109,
            -0.02476645167917013,
            0.5418387055397034,
            0.07006419822573662,
            0.21171428263187408,
            -0.04302975721657276,
            0.0
        ],
        [
            -0.029684551991522312,
            0.6752224266529083,
            -0.015832906356081367,
            0.5130962654948235,
            0.08690948598086834,
            0.20265664905309677,
            -0.024742700625211,
            0.0
        ],
        [
            -0.038070997688919306,
            0.6417212635278702,
            -0.012635292951017618,
            0.49901049584150314,
            0.10612566024065018,
            0.1910286396741867,
            -0.012259026989340782,
            0.0
        ],
        [
            -0.04307894501835108,
            0.6297685205936432,
            -0.01094230217859149,
            0.5022458732128143,
            0.11718164198100567,
            0.16260264441370964,
            0.022308595944195986,
            0.0
        ],
        [
            -0.03510905662551522,
            0.6055288016796112,
            -0.00880359613802284,
            0.49184538424015045,
            0.1094143744558096,
            0.15079627744853497,
            0.0625772774219513,
            0.0
        ],
        [
            -0.0257594371214509,
            0.5482802912592888,
            -0.0021500645380001515,
            0.4766615480184555,
            0.1038140244781971,
            0.11900278739631176,
            0.07120313122868538,
            0.0
        ],
        [
            -0.024356571957468987,
            0.488346703350544,
            -0.001963159302249551,
            0.4499311000108719,
            0.10050936602056026,
            0.08544349111616611,
            0.07659387774765491,
            0.0
        ],
        [
            -0.036143274046480656,
            0.45812420547008514,
            0.0057881721295416355,
            0.4217993840575218,
            0.11095704510807991,
            0.08941215462982655,
            0.05385295953601599,
            0.0
        ],
        [
            -0.030266093090176582,
            0.44592488557100296,
            0.005281142075546086,
            0.41695769876241684,
            0.09755978360772133,
            0.09891858324408531,
            0.06107618100941181,
            0.0
        ],
        [
            -0.0201155967079103,
            0.417572520673275,
            0.005949505721218884,
            0.4190771281719208,
            0.0931465532630682,
            0.07735495455563068,
            0.07735290564596653,
            0.0
        ],
        [
            -0.0057502172421664,
            0.38514330983161926,
            0.003914439294021577,
            0.40342483669519424,
            0.08527250960469246,
            0.058448887430131435,
            0.09129957295954227,
            0.0
        ],
        [
            0.001562424295116216,
            0.3454868495464325,
            0.002840283268596977,
            0.3596237301826477,
            0.08466026745736599,
            0.047611212357878685,
            0.09121021255850792,
            0.0
        ],
        [
            0.0026916273054666817,
            0.30361004173755646,
            0.0003324933277326636,
            0.3355926647782326,
            0.0869178120046854,
            0.024090316146612167,
            0.08598544634878635,
            0.0
        ],
        [
            0.0008482566045131534,
            0.2567986398935318,
            0.0035311502870172262,
            0.304462555795908,
            0.09227129630744457,
            0.019873150158673525,
            0.07274642121046782,
            0.0
        ],
        [
            0.006800187402404845,
            0.21224668249487877,
            0.0033793124021030962,
            0.2696388401091099,
            0.09021258912980556,
            0.024725114926695824,
            0.07026973180472851,
            0.0
        ]
    ],
    "retrieved_0_prompt": "pick up the bagel and put it in the toaster",
    "retrieved_1_state": [
        -0.11796650290489197,
        0.0276276096701622,
        -0.17761628329753876,
        -2.344186544418335,
        -0.050141822546720505,
        2.4364819526672363,
        -0.13168485462665558,
        0.0
    ],