{
    "query_state": [
        -0.11359482258558273,
        0.2929454445838928,
        -0.0914018377661705,
        -2.0743954181671143,
        0.01200804952532053,
        2.2531981468200684,
        0.11493904888629913,
        0.0
    ],
    "query_prompt": "move the idli plate to the right",
    "inference_time": true,
    "retrieved_0_state": [
        -0.4026587903499603,
        0.7292841076850891,
        -0.09444078803062439,
        -1.7243982553482056,
        0.09902818500995636,
        2.3317437171936035,
        -0.0667511373758316,
        0.0
    ],
    "retrieved_0_actions": [
        [
            -0.048182057216763496,
            0.029087753500789404,
            -0.03869400592520833,
            0.2685416489839554,
            0.19536606967449188,
            -0.2662700042128563,
            -0.12909979559481144,
            0.0
        ],
        [
            0.03451027674600482,
            -0.13621317222714424,
            -0.017435551853850484,
            0.08948493748903275,
            0.16402050852775574,
            -0.22494928911328316,
            -0.12447708286345005,
            0.0
        ],
        [
            0.13115509413182735,
            -0.31601767987012863,
            -0.0018310760788153857,
            -0.13350690715014935,
            0.11934912763535976,
            -0.1592390425503254,
            -0.1151170115917921,
            0.0
        ],
        [
            0.20529642701148987,
            -0.3921499103307724,
            0.009515684796497226,
            -0.27264051139354706,
            0.08198260329663754,
            -0.10090222582221031,
            -0.09356890805065632,
            0.0
        ],
        [
            0.2458154782652855,
            -0.3895092010498047,
            0.029234644025564194,
            -0.33963344991207123,
            0.043515125289559364,
            -0.09749633260071278,
            -0.10816791094839573,
            0.0
        ],
        [
            0.22996891289949417,
            -0.35289324820041656,
            0.05906479433178902,
            -0.3217390552163124,
            0.0038811549893580377,
            -0.20413799211382866,
            -0.21197279915213585,
            0.0
        ],
        [
            0.18174011260271072,
            -0.2820785157382488,
            0.08802010677754879,
            -0.23222580552101135,
            -0.040912250988185406,
            -0.3766768053174019,
            -0.3502263128757477,
            0.0
        ],
        [
            0.17126046121120453,
            -0.19466355443000793,
            0.039388258010149,
            -0.12398202903568745,
            -0.13852610252797604,
            -0.4494180530309677,
            -0.3426589071750641,
            0.0
        ],
        [
            0.1662551425397396,
            -0.13377376832067966,
            -0.018286650301888585,
            -0.04380696453154087,
            -0.22973742336034775,
            -0.46080097556114197,
            -0.2945242263376713,
            0.0
        ],
        [
            0.1341857947409153,
            -0.07948553189635277,
            -0.05081368610262871,
            0.034034226555377245,
            -0.25896843522787094,
            -0.44486187398433685,
            -0.26344478130340576,
            0.0
        ]
    ],
    "retrieved_0_prompt": "move the idli plate to the right",
    "retrieved_1_state": [
        -0.039075493812561035,
        0.6531480550765991,
        -0.06923156976699829,
        -1.8176660537719727,
        -0.10023614019155502,
        2.5223183631896973,
        0.05447196960449219,
        0.0
    ],
    "retrieved_1_actions": [
        [
            0.03703364636749029,
            0.3182287886738777,
            0.01103257411159575,
            0.3690209984779358,
            0.07687749806791544,
            -0.13027732260525227,
            0.010936048347502947,
            0.0
        ],
        [
            0.05094649735838175,
            0.2597779221832752,
            0.01631322898901999,
            0.2906334772706032,
            0.07508511655032635,
            -0.130159305408597,
            0.0101104483474046,
            0.0
        ],
        [
            0.051985546015203,
            0.22016089409589767,
            0.016041493508964777,
            0.23860512301325798,
            0.07567696738988161,
            -0.12049312703311443,
            0.0064091000240296125,
            0.0
        ],
        [
            0.03735322039574385,
            0.2040283940732479,
            0.009847822366282344,
            0.23695314303040504,
            0.0751269981265068,
            -0.11852089315652847,
            -0.005578401032835245,
            0.0
        ],
        [
            0.02546677365899086,
            0.005300020566210151,
            -0.028530422132462263,
            0.009475370752625167,
            0.03609625156968832,
            -0.006708268774673343,
            -0.024188910610973835,
            0.0
        ],
        [
            0.011477555381134152,
            -0.04182307980954647,
            -0.01102212117984891,
            -0.0805868860334158,
            0.03234254661947489,
            0.07416876498609781,
            -0.06103613879531622,
            0.0
        ],
        [
            -0.03382199676707387,
            -0.02427684608846903,
            0.017229007789865136,
            -0.10676374658942223,
            0.04819515161216259,
            0.15976518392562866,
            -0.12248333543539047,
            0.0
        ],
        [
            -0.08583254180848598,
            0.08497022092342377,
            0.04788734018802643,
            -0.02854133490473032,
            0.07683529518544674,
            0.17606116831302643,
            -0.1750498078763485,
            0.0
        ],
        [
            -0.11228580959141254,
            0.17899412661790848,
            0.04256104584783316,
            0.05837543401867151,
            0.09973414242267609,
            0.12424301356077194,
            -0.16316208988428116,
            0.0
        ],
        [
            -0.1581084169447422,
            0.2091275155544281,
            0.0382423959672451,
            0.1062964927405119,
            0.1315070129930973,
            0.07919255644083023,
            -0.16887983307242393,
            0.0
        ]
    ],
    "retrieved_1_prompt": "move the idli plate to the right",
    "retrieved_2_state": [
        -0.10082247108221054,
        0.3803333640098572,
        -0.0939963161945343,
        -2.172170639038086,
        -0.264872282743454,
        2.3934972286224365,
        -0.020103415474295616,
        0.0
    ],