{
    "query_state": [
        -0.07194197922945023,
        -0.031710121780633926,
        -0.07213782519102097,
        -2.2985002994537354,
        -0.05360349267721176,
        2.221022605895996,
        0.09620554745197296,
        0.0
    ],
    "query_prompt": "move the idli plate to the right",
    "inference_time": true,
    "retrieved_0_state": [
        -0.09144555032253265,
        -0.1254417449235916,
        -0.03279373422265053,
        -2.439434289932251,
        -0.08584525436162949,
        2.3107004165649414,
        0.03334328904747963,
        0.0
    ],
    "retrieved_0_actions": [
        [
            -0.05393002647906542,
            0.7353251427412033,
            -0.10496933944523335,
            0.3434485197067261,
            -0.3694241866469383,
            0.23264262825250626,
            -0.053956336341798306,
            0.0
        ],
        [
            -0.04136625677347183,
            0.7463949173688889,
            -0.12242204509675503,
            0.4541464149951935,
            -0.3997739776968956,
            0.11796502396464348,
            -0.05778219550848007,
            0.0
        ],
        [
            -0.018113559344783425,
            0.762845054268837,
            -0.1376681588590145,
            0.5498022958636284,
            -0.361735038459301,
            0.04790961276739836,
            -0.08488894440233707,
            0.0
        ],
        [
            -0.0002854519698303193,
            0.7612353563308716,
            -0.13228432275354862,
            0.6000056117773056,
            -0.26657771319150925,
            0.02593579702079296,
            -0.14950471930205822,
            0.0
        ],
        [
            0.008696982986293733,
            0.8113081008195877,
            -0.10141347534954548,
            0.6476128101348877,
            -0.16108732670545578,
            0.04609393887221813,
            -0.22317362949252129,
            0.0
        ],
        [
            0.016297099646180868,
            0.789601132273674,
            -0.05517651792615652,
            0.6424177438020706,
            -0.06307648029178381,
            0.026790385600179434,
            -0.2466043457388878,
            0.0
        ],
        [
            0.027829145547002554,
            0.6963004916906357,
            -0.002888142771553248,
            0.5875265970826149,
            0.01512859482318163,
            -0.0015999239985831082,
            -0.24504564702510834,
            0.0
        ],
        [
            0.024545432534068823,
            0.611492395401001,
            0.038097144570201635,
            0.5168528482317924,
            0.06136887241154909,
            -0.012090731179341674,
            -0.26250172406435013,
            0.0
        ],
        [
            0.03405238967388868,
            0.5630440264940262,
            0.0487170135602355,
            0.4624463617801666,
            0.05763023626059294,
            -0.016033235006034374,
            -0.2388371154665947,
            0.0
        ],
        [
            0.039483425207436085,
            0.4878988489508629,
            0.05730772856622934,
            0.3972722962498665,
            0.06443265359848738,
            -0.035652213264256716,
            -0.2187100611627102,
            0.0
        ]
    ],
    "retrieved_0_prompt": "move the idli plate to the right",
    "retrieved_1_state": [
        -0.043623123317956924,
        0.035930290818214417,
        -0.022938445210456848,
        -2.3601815700531006,
        -0.03401144593954086,
        2.426313638687134,
        0.012670011259615421,
        0.0
    ],
    "retrieved_1_actions": [
        [
            -0.014467856381088495,
            0.6101770326495171,
            -0.09034903720021248,
            0.3975657746195793,
            -0.17691642045974731,
            0.3865884989500046,
            0.2188897505402565,
            0.0
        ],
        [
            0.006892852834425867,
            0.571773573756218,
            -0.09934550151228905,
            0.41589532047510147,
            -0.1819397509098053,
            0.2951476164162159,
            0.20927276462316513,
            0.0
        ],
        [
            0.024830955080688,
            0.563485249876976,
            -0.10280289687216282,
            0.4479743167757988,
            -0.15302852727472782,
            0.2160111628472805,
            0.1989811472594738,
            0.0
        ],
        [
            0.04176623187959194,
            0.5587216466665268,
            -0.09409667924046516,
            0.4766162484884262,
            -0.11222155764698982,
            0.11661798693239689,
            0.17782533541321754,
            0.0
        ],
        [
            0.06002087611705065,
            0.5441498011350632,
            -0.08182668127119541,
            0.48813942819833755,
            -0.08530073799192905,
            0.037178697530180216,
            0.15227751806378365,
            0.0
        ],
        [
            0.084831602871418,
            0.5252986773848534,
            -0.07873881608247757,
            0.48189904540777206,
            -0.08450760506093502,
            0.0120106665417552,
            0.1496567204594612,
            0.0
        ],
        [
            0.0992833822965622,
            0.4505004361271858,
            -0.07527973968535662,
            0.4440268874168396,
            -0.0748012401163578,
            -0.021682374645024538,
            0.13440568931400776,
            0.0
        ],
        [
            0.10735486634075642,
            0.4732116684317589,
            -0.0729714659973979,
            0.4468321427702904,
            -0.07122559007257223,
            0.001648322504479438,
            0.11813393794000149,
            0.0
        ],
        [
            0.10997464880347252,
            0.44735435396432877,
            -0.07293470669537783,
            0.43663281947374344,
            -0.06485309451818466,
            0.010051263961941004,
            0.11095674708485603,
            0.0
        ],
        [
            0.10490083135664463,
            0.4312554746866226,
            -0.0722945062443614,
            0.4478152096271515,
            -0.04482567310333252,
            -0.009077261784113944,
            0.11501241475343704,
            0.0
        ]
    ],
    "retrieved_1_prompt": "move the idli plate to the right",
    "retrieved_2_state": [
        -0.031855929642915726,
        0.7411423325538635,
        -0.015906408429145813,
        -1.8321088552474976,
        -0.03512336313724518,
        2.4439620971679688,
        0.05264246091246605,
        0.0
    ],