{
    "query_state": [
        -0.020674340426921844,
        -0.4322828948497772,
        -0.03145572915673256,
        -2.4605648517608643,
        -0.049445271492004395,
        1.9736852645874023,
        -0.011592422612011433,
        0.0
    ],
    "query_prompt": "use the squeegee to clean the counter and push everything into the sink",
    "inference_time": true,
    "retrieved_0_state": [
        -0.019566670060157776,
        -0.511267900466919,
        -0.016250232234597206,
        -2.515357732772827,
        0.007488596718758345,
        2.0066640377044678,
        0.012930255383253098,
        0.0
    ],
    "retrieved_0_actions": [
        [
            -0.1574372500181198,
            0.4521804302930832,
            -0.12989397160708904,
            0.10196756571531296,
            -0.15871686860919,
            0.36873340606689453,
            -0.09752392768859863,
            0.0
        ],
        [
            -0.15486028045415878,
            0.5261792242527008,
            -0.12729618698358536,
            0.1460016705095768,
            -0.1516410056501627,
            0.36117348819971085,
            -0.08152280002832413,
            0.0
        ],
        [
            -0.145280659198761,
            0.5466403067111969,
            -0.13031437061727047,
            0.2513984590768814,
            -0.12996919453144073,
            0.26435060426592827,
            -0.07967821322381496,
            0.0
        ],
        [
            -0.11618047021329403,
            0.5588294193148613,
            -0.14097784645855427,
            0.37782449275255203,
            -0.06780858151614666,
            0.1603453978896141,
            -0.12388824485242367,
            0.0
        ],
        [
            -0.07581940852105618,
            0.5059845745563507,
            -0.1220319140702486,
            0.47669723629951477,
            -0.01790405949577689,
            0.03242539707571268,
            -0.15241011045873165,
            0.0
        ],
        [
            -0.043891798704862595,
            0.4437189921736717,
            -0.08673601783812046,
            0.500873290002346,
            0.02066823188215494,
            -0.025037459563463926,
            -0.15570435672998428,
            0.0
        ],
        [
            -0.02869920339435339,
            0.38853831589221954,
            -0.06427671760320663,
            0.49885645508766174,
            0.07313503883779049,
            -0.0785896647721529,
            -0.15081153251230717,
            0.0
        ],
        [
            0.011942170094698668,
            0.6499260663986206,
            0.018138308078050613,
            0.1421113684773445,
            0.06387926638126373,
            0.4451204836368561,
            0.021915044635534286,
            0.0
        ],
        [
            0.036259538028389215,
            0.6682589650154114,
            0.08683149702847004,
            0.15293346717953682,
            -0.06294618360698223,
            0.46049389988183975,
            0.1941484399139881,
            0.0
        ],
        [
            0.05121736787259579,
            0.6604479998350143,
            0.0837875995784998,
            0.10725347325205803,
            -0.022225049324333668,
            0.5128298327326775,
            0.23332130163908005,
            0.0
        ],
        [
            0.05943389609456062,
            0.6198609247803688,
            0.07501146756112576,
            0.16192594543099403,
            0.0393075542524457,
            0.4233955219388008,
            0.24047387763857841,
            0.0
        ],
        [
            0.06433929316699505,
            0.5304620787501335,
            0.058887810446321964,
            0.1929699443280697,
            0.047574988566339016,
            0.33697888255119324,
            0.22332608699798584,
            0.0
        ],
        [
            0.0782571267336607,
            0.4328145831823349,
            0.04173578694462776,
            0.16363667324185371,
            0.026174494996666908,
            0.33180829137563705,
            0.23126261308789253,
            0.0
        ],
        [
            0.0848206877708435,
            0.32499972730875015,
            0.024808463640511036,
            0.1502872258424759,
            0.030948948115110397,
            0.27556663379073143,
            0.2374400943517685,
            0.0
        ],
        [
            0.08276814594864845,
            0.1926291547715664,
            0.009950425010174513,
            0.1164327934384346,
            0.04981968551874161,
            0.1891138032078743,
            0.22894510999321938,
            0.0
        ]
    ],
    "retrieved_0_prompt": "use the squeegee to clean the counter and push everything into the sink",
    "retrieved_1_state": [
        -0.11067121475934982,
        -0.13139380514621735,
        -0.12851080298423767,
        -2.4689218997955322,
        0.0020419638603925705,
        2.346299886703491,
        -0.015870438888669014,
        0.0
    ],