{
    "query_state": [
        -0.00856751762330532,
        0.05925742909312248,
        0.07174772024154663,
        -2.4130496978759766,
        -0.15092255175113678,
        2.5631794929504395,
        0.14353103935718536,
        0.0
    ],
    "query_prompt": "pick up the poke ball and put it in the tray",
    "inference_time": true,
    "retrieved_0_state": [
        -0.008500557392835617,
        0.09990011900663376,
        0.06879982352256775,
        -2.471651554107666,
        -0.4499107599258423,
        2.8921515941619873,
        0.35593563318252563,
        0.0
    ],
    "retrieved_0_actions": [
        [
            0.11911232955753803,
            0.6382158398628235,
            -0.1791161671280861,
            0.6423725187778473,
            -0.40483057498931885,
            0.15328971669077873,
            0.44880740344524384,
            0.0
        ],
        [
            0.1615137979388237,
            0.6532388925552368,
            -0.2089380845427513,
            0.6534969061613083,
            -0.31937845051288605,
            0.09938453324139118,
            0.4241398721933365,
            0.0
        ],
        [
            0.17609123140573502,
            0.649740993976593,
            -0.20066475495696068,
            0.6371796131134033,
            -0.21102309226989746,
            0.0638266559690237,
            0.3781018406152725,
            0.0
        ],
        [
            0.16950873658061028,
            0.6506776809692383,
            -0.16702543944120407,
            0.5833000689744949,
            -0.09477170184254646,
            0.059742508456110954,
            0.34208841621875763,
            0.0
        ],
        [
            0.17905822023749352,
            0.6237436830997467,
            -0.15484127216041088,
            0.4891607537865639,
            -0.053631458431482315,
            0.09517828933894634,
            0.3359784185886383,
            0.0
        ],
        [
            0.18230626359581947,
            0.5592424049973488,
            -0.11923786252737045,
            0.4229823127388954,
            -0.011550735216587782,
            0.08653631433844566,
            0.3031662665307522,
            0.0
        ],
        [
            0.15812501311302185,
            0.47600187361240387,
            -0.061438800767064095,
            0.35912614315748215,
            0.0385143724270165,
            0.07281909696757793,
            0.2502545900642872,
            0.0
        ],
        [
            0.12818064540624619,
            0.3860186040401459,
            -0.022240255493670702,
            0.3068384528160095,
            0.06372733041644096,
            0.04429436754435301,
            0.19928989931941032,
            0.25
        ],
        [
            0.07822900079190731,
            0.2976372092962265,
            0.016024652868509293,
            0.28653817251324654,
            0.08500736206769943,
            -0.004040179483126849,
            0.12877616100013256,
            0.31167397714705347
        ],
        [
            0.058753532357513905,
            0.21959807723760605,
            -0.00741124153137207,
            0.2214558608829975,
            0.05274378228932619,
            -0.023363179061561823,
            0.09206819348037243,
            0.43061670996914847
        ],
        [
            0.03455932019278407,
            0.14171134680509567,
            -0.0158296141307801,
            0.1626748964190483,
            0.03731401404365897,
            -0.052467482164502144,
            0.058012534864246845,
            0.5407489121933308
        ],
        [
            0.007019341574050486,
            0.04971990827471018,
            -0.03161104395985603,
            0.08793153800070286,
            0.021718572825193405,
            -0.06438633427023888,
            0.03482153406366706,
            0.6376651870398116
        ],
        [
            0.2809656225144863,
            -0.1267373003065586,
            -0.3232485055923462,
            -0.07851400412619114,
            0.6429565697908401,
            -0.014939064858481288,
            -0.47020304948091507,
            0.7610132289878071
        ],
        [
            0.13141263276338577,
            -0.2906986325979233,
            -0.19293170422315598,
            -0.13543947599828243,
            0.6871131807565689,
            -0.16219086945056915,
            -0.5741440504789352,
            0.8667400782591447
        ],
        [
            0.05780909676104784,
            -0.5043767765164375,
            -0.20024921745061874,
            -0.24978095665574074,
            0.5933898687362671,
            -0.2768724225461483,
            -0.555485375225544,
            0.9636563969325698
        ]
    ],
    "retrieved_0_prompt": "pick up the poke ball and put it in the tray",
    "retrieved_1_state": [
        0.12086138874292374,
        0.17024008929729462,
        0.05855884775519371,
        -2.4749867916107178,
        -0.010170568712055683,
        2.937366247177124,
        -0.06463737040758133,
        0.0
    ],