{
    "query_state": [
        0.09816201776266098,
        0.4626248776912689,
        0.019050193950533867,
        -2.018751621246338,
        -0.1534491628408432,
        2.568819999694824,
        0.1768917590379715,
        0.0
    ],
    "query_prompt": "pick up the poke ball and put it in the tray",
    "inference_time": true,
    "retrieved_0_state": [
        0.1860157996416092,
        0.5715957283973694,
        -0.0026032072491943836,
        -2.097959041595459,
        -0.08029355853796005,
        3.1707944869995117,
        -0.034382790327072144,
        0.6123348129601884
    ],
    "retrieved_0_actions": [
        [
            0.0540009094402194,
            -0.36666136234998703,
            -0.366922952234745,
            -0.3056107647716999,
            -0.02280832501128316,
            0.0897407066076994,
            0.06992578972131014,
            0.879955961809902
        ],
        [
            0.1266564056277275,
            -0.41393037885427475,
            -0.5049213394522667,
            -0.3745807707309723,
            -0.02161953365430236,
            0.09055663831532001,
            0.13115156441926956,
            0.9151982375958572
        ],
        [
            0.2135203406214714,
            -0.39625637233257294,
            -0.6183046847581863,
            -0.3929005563259125,
            0.0002699740798561834,
            0.061448318883776665,
            0.1634502038359642,
            0.9196035248082857
        ],
        [
            0.28402866795659065,
            -0.33894021064043045,
            -0.6950370222330093,
            -0.37754714488983154,
            -0.008142263977788389,
            0.02858111634850502,
            0.19406750798225403,
            0.922907490217607
        ],
        [
            0.3936617076396942,
            -0.267203152179718,
            -0.8143296837806702,
            -0.36197278648614883,
            -0.017648698994889855,
            -0.010888322722166777,
            0.2435406669974327,
            0.9240088120207139
        ],
        [
            0.44254686683416367,
            -0.17625153064727783,
            -0.8226028084754944,
            -0.31209686771035194,
            -0.028511069249361753,
            -0.02595291705802083,
            0.24697240442037582,
            0.9207048466113927
        ],
        [
            0.4775327816605568,
            -0.08940647356212139,
            -0.8147922903299332,
            -0.2601153217256069,
            -0.03137342166155577,
            -0.029823083896189928,
            0.24475863203406334,
            0.9207048466113927
        ],
        [
            0.4752526804804802,
            -0.02991976449266076,
            -0.7392266392707825,
            -0.20932212471961975,
            -0.016150128794834018,
            -0.048820688389241695,
            0.2337406948208809,
            0.9207048466113927
        ],
        [
            0.4716285318136215,
            0.004179684910923243,
            -0.6760792434215546,
            -0.17404705286026,
            -3.226697117497679e-05,
            -0.07126343436539173,
            0.22526219487190247,
            0.9207048466113927
        ],
        [
            0.439244844019413,
            0.015398676041513681,
            -0.5759688839316368,
            -0.15772562474012375,
            0.02232175087556243,
            -0.1004993449896574,
            0.21408060565590858,
            0.9207048466113927
        ],
        [
            0.4045441001653671,
            0.010725382016971707,
            -0.47838762402534485,
            -0.16381142660975456,
            0.03495222423225641,
            -0.11549214832484722,
            0.2028939686715603,
            0.9207048466113927
        ],
        [
            0.3735838457942009,
            0.004468000552151352,
            -0.40087413042783737,
            -0.15331707894802094,
            0.0409406702965498,
            -0.11458260007202625,
            0.19183745607733727,
            0.9207048466113927
        ],
        [
            0.34477565437555313,
            -0.016235499642789364,
            -0.34551989287137985,
            -0.1309995073825121,
            0.04034583456814289,
            -0.13486952520906925,
            0.17632326111197472,
            0.43281938644557083
        ],
        [
            0.36008216440677643,
            -0.08253167383372784,
            -0.36570388823747635,
            -0.0913771241903305,
            0.01252813613973558,
            -0.19697921350598335,
            0.1429307647049427,
            0.3667400782591447
        ],
        [
            0.34810036420822144,
            -0.0990160834044218,
            -0.3502963110804558,
            -0.06913258228451014,
            -0.002694960858207196,
            -0.20478792488574982,
            0.12526949867606163,
            0.24339208013809344
        ]
    ],
    "retrieved_0_prompt": "pick up the poke ball and put it in the tray",
    "retrieved_1_state": [
        0.0613689050078392,
        0.5815144777297974,
        0.022200433537364006,
        -2.040260076522827,
        -0.5497903823852539,
        2.92085862159729,
        0.625720739364624,
        0.44933920801380933
    ],