{
    "query_state": [
        -0.23621095716953278,
        1.0201069116592407,
        -0.04102475568652153,
        -1.2718948125839233,
        0.1536901891231537,
        2.200528621673584,
        -0.02469821274280548,
        0.0
    ],
    "query_prompt": "move the idli plate to the right",
    "inference_time": true,
    "retrieved_0_state": [
        -0.28178471326828003,
        0.9759477972984314,
        -0.03310782089829445,
        -1.3533660173416138,
        0.1841137856245041,
        2.3035683631896973,
        -0.04006560519337654,
        0.0
    ],
    "retrieved_0_actions": [
        [
            -0.4144957661628723,
            -0.028290310874581337,
            0.07302398793399334,
            -0.11870428919792175,
            0.283733494579792,
            0.1875631883740425,
            -0.22452469915151596,
            0.0
        ],
        [
            -0.36344844847917557,
            -0.035740730818361044,
            0.04526744596660137,
            -0.10314238257706165,
            0.25417113676667213,
            0.1663871482014656,
            -0.19148997962474823,
            0.0
        ],
        [
            -0.3197655826807022,
            -0.048567336052656174,
            0.01642414485104382,
            -0.090643260627985,
            0.2342471107840538,
            0.14449731446802616,
            -0.1541714183986187,
            0.0
        ],
        [
            -0.29796136543154716,
            -0.08066745474934578,
            0.010350237134844065,
            -0.10560549795627594,
            0.23861316964030266,
            0.12721609324216843,
            -0.15157567337155342,
            0.0
        ],
        [
            -0.2865344285964966,
            -0.10928643867373466,
            -0.025208552833646536,
            -0.1312415488064289,
            0.23750092834234238,
            0.13395525515079498,
            -0.13592206872999668,
            0.0
        ],
        [
            -0.27713149785995483,
            -0.1361238770186901,
            -0.05271533504128456,
            -0.16655467450618744,
            0.24596907198429108,
            0.13467083685100079,
            -0.10615566745400429,
            0.0
        ],
        [
            -0.287977010011673,
            -0.20420506596565247,
            -0.014561257557943463,
            -0.2647988125681877,
            0.199180468916893,
            0.17450829967856407,
            -0.06303346250206232,
            0.0
        ],
        [
            -0.19772285595536232,
            -0.2840372174978256,
            -0.03534943796694279,
            -0.37516694515943527,
            0.15235541388392448,
            0.19816666841506958,
            -0.02239320194348693,
            0.0
        ],
        [
            -0.11015336960554123,
            -0.3843534365296364,
            -0.019112818408757448,
            -0.4982070252299309,
            0.09863761253654957,
            0.1848851889371872,
            -0.05740221589803696,
            0.0
        ],
        [
            0.0,
            0.0,
            0.0,
            0.0,
            0.0,
            0.0,
            0.0,
            0.0
        ],
        [
            0.0,
            0.0,
            0.0,
            0.0,
            0.0,
            0.0,
            0.0,
            0.0
        ],
        [
            0.0,
            0.0,
            0.0,
            0.0,
            0.0,
            0.0,
            0.0,
            0.0
        ],
        [
            0.0,
            0.0,
            0.0,
            0.0,
            0.0,
            0.0,
            0.0,
            0.0
        ],
        [
            0.0,
            0.0,
            0.0,
            0.0,
            0.0,
            0.0,
            0.0,
            0.0
        ],
        [
            0.0,
            0.0,
            0.0,
            0.0,
            0.0,
            0.0,
            0.0,
            0.0
        ]
    ],
    "retrieved_0_prompt": "move the idli plate to the right",
    "retrieved_1_state": [
        -0.30133721232414246,
        0.9852616190910339,
        -0.03480996564030647,
        -1.3672423362731934,
        0.12014058232307434,
        2.1849443912506104,
        -0.009488974697887897,
        0.0
    ],