{
    "query_state": [
        0.13087356090545654,
        0.2688905894756317,
        0.011991605162620544,
        -2.1751058101654053,
        -0.2816373109817505,
        2.198591947555542,
        0.40663766860961914,
        0.0
    ],
    "query_prompt": "pick up the poke ball and put it in the tray",
    "inference_time": true,
    "retrieved_0_state": [
        0.13256601989269257,
        0.3122321367263794,
        0.11791517585515976,
        -2.2751498222351074,
        -0.24972906708717346,
        2.6329405307769775,
        0.14103400707244873,
        0.0
    ],
    "retrieved_0_actions": [
        [
            0.22432228550314903,
            0.40384307503700256,
            -0.17146747559309006,
            0.48272252082824707,
            -0.11407747864723206,
            -0.0007999585795914754,
            0.011714538559317589,
            0.0
        ],
        [
            0.24092048406600952,
            0.32578859478235245,
            -0.20970148965716362,
            0.4427999258041382,
            -0.17113607376813889,
            -0.02086531138047576,
            0.020452160388231277,
            0.0
        ],
        [
            0.22349780425429344,
            0.2480749599635601,
            -0.21361568942666054,
            0.37507638335227966,
            -0.1717822626233101,
            -0.02503559459000826,
            0.012218133779242635,
            0.25
        ],
        [
            0.1913372427225113,
            0.1657285913825035,
            -0.1945645920932293,
            0.2968892455101013,
            -0.15119937248528004,
            -0.043337903916835785,
            -0.009705263655632734,
            0.2940529159512283
        ],
        [
            0.15390900894999504,
            0.11049265041947365,
            -0.17949141561985016,
            0.15973271802067757,
            -0.13917190954089165,
            0.026987504679709673,
            -0.01338705769740045,
            0.4218061793712359
        ],
        [
            0.1110968180000782,
            0.033545647747814655,
            -0.14906815253198147,
            0.06593483034521341,
            -0.10433835908770561,
            0.020247476641088724,
            -0.030833766795694828,
            0.5363436030674303
        ],
        [
            0.0803834106773138,
            -0.07677451707422733,
            -0.13908331282436848,
            -0.032079669181257486,
            -0.0897795706987381,
            0.007862045313231647,
            -0.03341562347486615,
            0.6552863358895252
        ],
        [
            0.052413810044527054,
            -0.23228418081998825,
            -0.13936013914644718,
            -0.14574367552995682,
            -0.07374334614723921,
            -0.019051600247621536,
            -0.026034226175397635,
            0.7389867710121929
        ],
        [
            0.05972918123006821,
            -0.48308659344911575,
            -0.21964296698570251,
            -0.3051907941699028,
            -0.15699930489063263,
            -0.13175065629184246,
            0.05884585902094841,
            0.8535242385353315
        ],
        [
            -0.007073614397086203,
            -0.6309793144464493,
            -0.23735564202070236,
            -0.3748689591884613,
            -0.1843145675957203,
            -0.21586457267403603,
            0.03622059943154454,
            0.8623348129601884
        ],
        [
            -0.07943276315927505,
            -0.7013820111751556,
            -0.26838110759854317,
            -0.39730701595544815,
            -0.2515857294201851,
            -0.2527126483619213,
            0.05591298919171095,
            0.8843612271088583
        ],
        [
            -0.16386795789003372,
            -0.6973426789045334,
            -0.27148837223649025,
            -0.3913700208067894,
            -0.3098452091217041,
            -0.25770943611860275,
            0.09717080742120743,
            0.9372246736579992
        ],
        [
            -0.23673014715313911,
            -0.6359726935625076,
            -0.25949442759156227,
            -0.3747761622071266,
            -0.3793925791978836,
            -0.22136643528938293,
            0.15238388441503048,
            0.9240088120207139
        ],
        [
            -0.29721125960350037,
            -0.5332198366522789,
            -0.23019740357995033,
            -0.33773690462112427,
            -0.42211882770061493,
            -0.17882615327835083,
            0.21221494302153587,
            0.9284140992331424
        ],
        [
            -0.32929640263319016,
            -0.4292776435613632,
            -0.1969199813902378,
            -0.27694225311279297,
            -0.43903253972530365,
            -0.14794963411986828,
            0.25637170299887657,
            0.9251101338238211
        ]
    ],
    "retrieved_0_prompt": "pick up the poke ball and put it in the tray",
    "retrieved_1_state": [
        0.17628607153892517,
        0.23601365089416504,
        -0.06544001400470734,
        -2.1951515674591064,
        -0.3320540487766266,
        2.5535411834716797,
        0.1449040323495865,
        0.696035248082856
    ],