{
    "query_state": [
        0.15263603627681732,
        0.2555057108402252,
        0.10585369169712067,
        -2.2074410915374756,
        0.05335799604654312,
        2.46877384185791,
        -0.02821291610598564,
        0.0
    ],
    "query_prompt": "pick up the poke ball and put it in the tray",
    "inference_time": true,
    "retrieved_0_state": [
        0.1775117665529251,
        0.1453363299369812,
        0.12585915625095367,
        -2.425457715988159,
        0.10523165762424469,
        2.7221479415893555,
        -0.11126591265201569,
        0.0
    ],
    "retrieved_0_actions": [
        [
            -0.07335868198424578,
            0.43840527534484863,
            0.04388993140310049,
            0.3105391375720501,
            -0.2323557622730732,
            0.1461996790021658,
            -0.048404731787741184,
            0.0
        ],
        [
            -0.06390228401869535,
            0.40579773485660553,
            0.03783173393458128,
            0.30583374202251434,
            -0.22720765322446823,
            0.13952577486634254,
            -0.03792600706219673,
            0.0
        ],
        [
            -0.0406787870451808,
            0.3750108554959297,
            0.018524951301515102,
            0.2893023006618023,
            -0.24427533149719238,
            0.15416731126606464,
            -0.003909665392711759,
            0.0
        ],
        [
            -0.03215245436877012,
            0.30914850533008575,
            0.018587923841550946,
            0.25655336678028107,
            -0.21682465448975563,
            0.1320407260209322,
            0.0034609000431373715,
            0.17875425
        ],
        [
            -0.0453700078651309,
            0.21728506311774254,
            0.043300557881593704,
            0.2114206925034523,
            -0.15775727108120918,
            0.0928572565317154,
            -0.019376203417778015,
            0.31167397714705347
        ],
        [
            -0.07386038545519114,
            0.09948994033038616,
            0.0770982913672924,
            0.153842493891716,
            -0.09266341105103493,
            0.05067301448434591,
            -0.048081972636282444,
            0.4658590076685757
        ],
        [
            -0.11695139110088348,
            -0.032818615436553955,
            0.10811622254550457,
            0.07233800366520882,
            -0.03683524439111352,
            0.030767209827899933,
            -0.08886009454727173,
            0.5803964751917144
        ],
        [
            -0.15928898006677628,
            -0.12023478746414185,
            0.12421384453773499,
            0.0009949726518243551,
            0.005755912861786783,
            0.020013381727039814,
            -0.12616433203220367,
            0.6861233682899962
        ],
        [
            -0.1880105398595333,
            -0.2073264867067337,
            0.11425145901739597,
            -0.06617745384573936,
            0.03343820804730058,
            0.006403291481547058,
            -0.13398697599768639,
            0.7874449522623775
        ],
        [
            -0.20751111209392548,
            -0.3448855131864548,
            0.04617990925908089,
            -0.15776531770825386,
            0.009211470023728907,
            -0.024230629205703735,
            -0.11356715112924576,
            0.8843612271088583
        ],
        [
            -0.20963545888662338,
            -0.4632885381579399,
            -0.05036329850554466,
            -0.21911848336458206,
            -0.03159091807901859,
            -0.08342674933373928,
            -0.05649371538311243,
            0.9107929503834288
        ],
        [
            -0.22312769666314125,
            -0.5614844709634781,
            -0.15339024364948273,
            -0.29656369239091873,
            -0.08808242157101631,
            -0.0749803613871336,
            -0.020894440822303295,
            0.9647577187356768
        ],
        [
            -0.22134508937597275,
            -0.5849630758166313,
            -0.2504917234182358,
            -0.3513805568218231,
            -0.16857992857694626,
            -0.058878399431705475,
            0.04585507791489363,
            0.9328193864455708
        ],
        [
            -0.21453948691487312,
            -0.5552712827920914,
            -0.31832069158554077,
            -0.37525806576013565,
            -0.2668909914791584,
            -0.05227790214121342,
            0.12839066796004772,
            0.9328193864455708
        ],
        [
            -0.2270893007516861,
            -0.5106405541300774,
            -0.39142854511737823,
            -0.40820788592100143,
            -0.4147074371576309,
            -0.025319012347608805,
            0.2444097213447094,
            0.9328193864455708
        ]
    ],
    "retrieved_0_prompt": "pick up the poke ball and put it in the tray",
    "retrieved_1_state": [
        0.12180375307798386,
        0.26277589797973633,
        0.1220037192106247,
        -2.314561367034912,
        -0.24955014884471893,
        2.630437135696411,
        0.14114902913570404,
        0.0
    ],