{
    "query_state": [
        -0.32953423261642456,
        0.6679679751396179,
        -0.028897153213620186,
        -1.9502370357513428,
        0.06399647891521454,
        2.485520124435425,
        -0.19048264622688293,
        0.0
    ],
    "query_prompt": "",
    "inference_time": true,
    "retrieved_0_state": [
        -0.36628299951553345,
        0.5821914076805115,
        -0.06425947695970535,
        -2.0785064697265625,
        0.09786949306726456,
        2.540548324584961,
        -0.23510612547397614,
        0.0
    ],
    "retrieved_0_actions": [
        [
            -0.287578571587801,
            0.4052378237247467,
            0.05445690359920263,
            0.6033296510577202,
            0.2415732853114605,
            -0.2627004496753216,
            -0.30186761170625687,
            0.0
        ],
        [
            -0.24989943951368332,
            0.4199500009417534,
            0.050355177372694016,
            0.6117108464241028,
            0.22432735189795494,
            -0.2491789124906063,
            -0.2575368620455265,
            0.0
        ],
        [
            -0.2524860203266144,
            0.4388255253434181,
            0.05146773066371679,
            0.6579224020242691,
            0.23482982069253922,
            -0.2977737598121166,
            -0.24469153955578804,
            0.0
        ],
        [
            -0.2326405793428421,
            0.42741116136312485,
            0.03128230571746826,
            0.6670891493558884,
            0.22481519728899002,
            -0.28613004833459854,
            -0.2022198960185051,
            0.0
        ],
        [
            -0.22659629583358765,
            0.4223518446087837,
            0.0052827742183580995,
            0.6978897750377655,
            0.21965019404888153,
            -0.28447793796658516,
            -0.16464436426758766,
            0.0
        ],
        [
            -0.231827050447464,
            0.4420749098062515,
            -0.017277897568419576,
            0.7563815265893936,
            0.2190541848540306,
            -0.30763689428567886,
            -0.12773007154464722,
            0.0
        ],
        [
            -0.20994940772652626,
            0.4323313385248184,
            -0.03538586664944887,
            0.7488314062356949,
            0.2100493386387825,
            -0.2744024433195591,
            -0.08251987397670746,
            0.0
        ],
        [
            -0.23166829720139503,
            0.4043335095047951,
            -0.028283155988901854,
            0.7584137469530106,
            0.21113960072398186,
            -0.2940732426941395,
            -0.045677972957491875,
            0.0
        ],
        [
            -0.2354087494313717,
            0.35981688648462296,
            -0.028550983406603336,
            0.7376326620578766,
            0.19257878884673119,
            -0.29156748205423355,
            0.004155268252361566,
            0.0
        ],
        [
            -0.20028254017233849,
            0.30676592141389847,
            -0.01740205567330122,
            0.6634346395730972,
            0.15216038562357426,
            -0.2893035486340523,
            0.028910357505083084,
            0.0
        ]
    ],
    "retrieved_0_prompt": "move the idli plate to the right",
    "final_image_shape": [
        672,
        448,
        3
    ]
}