{
    "query_state": [
        0.008514000102877617,
        -0.022110259160399437,
        0.08092418313026428,
        -2.4103918075561523,
        -0.09668253362178802,
        2.562856912612915,
        0.07600481063127518,
        0.0
    ],
    "query_prompt": "",
    "inference_time": true,
    "retrieved_0_state": [
        0.11598271876573563,
        0.02607390470802784,
        0.0667983666062355,
        -2.4621951580047607,
        0.11320797353982925,
        2.7001278400421143,
        -0.013562621548771858,
        0.0
    ],
    "retrieved_0_actions": [
        [
            0.031082334462553263,
            0.7126252353191376,
            0.2077641524374485,
            0.5596669763326645,
            0.3136438876390457,
            0.2361685410141945,
            -0.19963329657912254,
            0.0
        ],
        [
            0.00943630759138614,
            0.6457211077213287,
            0.22932397201657295,
            0.5858812481164932,
            0.22889303043484688,
            0.14685329981148243,
            -0.14097951352596283,
            0.0
        ],
        [
            0.029219258576631546,
            0.6025863066315651,
            0.17450707033276558,
            0.5899487808346748,
            0.042270696721971035,
            0.14402194879949093,
            -0.060215890407562256,
            0.0
        ],
        [
            0.10252492502331734,
            0.5228616297245026,
            0.011962223798036575,
            0.5528995394706726,
            -0.23946767672896385,
            0.13439766131341457,
            0.05967448465526104,
            0.0
        ],
        [
            0.179318655282259,
            0.4381592944264412,
            -0.14166098088026047,
            0.49456968903541565,
            -0.41671760380268097,
            0.10312316007912159,
            0.15992198139429092,
            0.0
        ],
        [
            0.23413535207509995,
            0.3541143238544464,
            -0.24201393127441406,
            0.42508069425821304,
            -0.481913685798645,
            0.06567687727510929,
            0.19920295104384422,
            0.0
        ],
        [
            0.1883534900844097,
            0.32514240592718124,
            -0.19420744851231575,
            0.380607433617115,
            -0.3396005928516388,
            0.0396163621917367,
            0.14093441888689995,
            0.0
        ],
        [
            0.15848862007260323,
            0.31102972105145454,
            -0.1565743237733841,
            0.3502283990383148,
            -0.23266693577170372,
            0.02093058777973056,
            0.13572312891483307,
            0.0
        ],
        [
            0.1324957236647606,
            0.3011685609817505,
            -0.10839036665856838,
            0.37393905222415924,
            -0.1436463464051485,
            -0.050977813079953194,
            0.13351267203688622,
            0.0
        ],
        [
            0.13770593330264091,
            0.28797775506973267,
            -0.11321252211928368,
            0.3529941663146019,
            -0.13062252663075924,
            -0.054833595640957355,
            0.14086997136473656,
            0.0
        ]
    ],
    "retrieved_0_prompt": "pick up the poke ball and put it in the tray",
    "final_image_shape": [
        672,
        448,
        3
    ]
}