{
    "query_state": [
        0.0012063061585649848,
        -0.49260467290878296,
        0.04618614912033081,
        -2.5429985523223877,
        -0.028352638706564903,
        2.1827218532562256,
        0.0004110013251192868,
        0.0
    ],
    "query_prompt": "",
    "inference_time": true,
    "retrieved_0_state": [
        0.03142042085528374,
        -0.5230703353881836,
        0.009412422776222229,
        -2.567385196685791,
        -0.050330329686403275,
        2.17386794090271,
        0.013351482339203358,
        0.0
    ],
    "retrieved_0_actions": [
        [
            0.052223457023501396,
            0.3687882423400879,
            0.08504201658070087,
            -0.013053006259724498,
            -0.021193281281739473,
            0.7555358111858368,
            -0.0795192550867796,
            0.0
        ],
        [
            0.05269323941320181,
            0.40569115430116653,
            0.08946380577981472,
            0.05235194228589535,
            -0.018019620329141617,
            0.6680545955896378,
            -0.05844729021191597,
            0.0
        ],
        [
            0.055527789518237114,
            0.41843071579933167,
            0.08640254847705364,
            0.10701905936002731,
            -0.036763541866093874,
            0.51773801445961,
            -0.09073383174836636,
            0.0
        ],
        [
            -0.012001622235402465,
            -0.0025623402325436473,
            0.012905891053378582,
            0.0068394828122109175,
            0.008709531393833458,
            -0.01331383129581809,
            -0.006261434173211455,
            0.0
        ],
        [
            -0.05936023313552141,
            0.1978859305381775,
            0.06414493080228567,
            -0.04543201997876167,
            -0.05492507480084896,
            0.29685454443097115,
            0.15276459977030754,
            0.0
        ],
        [
            -0.20384863018989563,
            0.4702094942331314,
            0.1705682836472988,
            -0.08724479004740715,
            -0.30779384076595306,
            0.635284036397934,
            0.41094880551099777,
            0.0
        ],
        [
            -0.21628772839903831,
            0.593305379152298,
            0.15798930078744888,
            -0.05858424585312605,
            -0.3292587399482727,
            0.7589821517467499,
            0.3818086162209511,
            0.0
        ],
        [
            -0.15049681067466736,
            0.7199252396821976,
            0.0903068296611309,
            0.043940446339547634,
            -0.2273477427661419,
            0.8129791915416718,
            0.2102898806333542,
            0.0
        ],
        [
            -0.15976568683981895,
            0.8072624355554581,
            0.07238191086798906,
            0.18008802086114883,
            -0.31238868832588196,
            0.7593666762113571,
            0.197695754468441,
            0.0
        ],
        [
            -0.16821833327412605,
            0.826324075460434,
            0.036398363299667835,
            0.3029768168926239,
            -0.5101575329899788,
            0.636565163731575,
            0.3168967738747597,
            0.0
        ]
    ],
    "retrieved_0_prompt": "pick up the poke ball and put it in the tray",
    "final_image_shape": [
        672,
        448,
        3
    ]
}