{
    "query_state": [
        -0.09922480583190918,
        0.3555262088775635,
        -0.1187397688627243,
        -2.3464231491088867,
        -0.0861048549413681,
        2.4820926189422607,
        0.25036752223968506,
        0.9471365644075951
    ],
    "query_prompt": "move the idli plate to the right",
    "inference_time": true,
    "retrieved_0_state": [
        -0.13715548813343048,
        0.5120015740394592,
        -0.053949762135744095,
        -2.2338755130767822,
        -0.005429395474493504,
        2.602896213531494,
        -0.06303594261407852,
        0.0
    ],
    "retrieved_0_actions": [
        [
            -0.4469000920653343,
            0.15636656433343887,
            -0.00915919546969235,
            0.35294003784656525,
            0.2585962601006031,
            -0.21236615255475044,
            -0.4362905025482178,
            0.0
        ],
        [
            -0.40951021015644073,
            0.2198907732963562,
            0.01150348107330501,
            0.43205205351114273,
            0.25773053988814354,
            -0.2260858379304409,
            -0.4261215403676033,
            0.0
        ],
        [
            -0.3933313488960266,
            0.3080781362950802,
            0.031905879732221365,
            0.5256412923336029,
            0.275023989379406,
            -0.25217121466994286,
            -0.41060011833906174,
            0.0
        ],
        [
            -0.3501218184828758,
            0.35161111503839493,
            0.04108353052288294,
            0.56648388504982,
            0.26969244703650475,
            -0.2782009355723858,
            -0.36137741059064865,
            0.0
        ],
        [
            -0.3176155686378479,
            0.3847496584057808,
            0.046451189555227757,
            0.5909271165728569,
            0.25571422651410103,
            -0.2776228077709675,
            -0.32859697937965393,
            0.0
        ],
        [
            -0.287578571587801,
            0.4052378237247467,
            0.05445690359920263,
            0.6033296510577202,
            0.2415732853114605,
            -0.2627004496753216,
            -0.30186761170625687,
            0.0
        ],
        [
            -0.24989943951368332,
            0.4199500009417534,
            0.050355177372694016,
            0.6117108464241028,
            0.22432735189795494,
            -0.2491789124906063,
            -0.2575368620455265,
            0.0
        ],
        [
            -0.2524860203266144,
            0.4388255253434181,
            0.05146773066371679,
            0.6579224020242691,
            0.23482982069253922,
            -0.2977737598121166,
            -0.24469153955578804,
            0.0
        ],
        [
            -0.2326405793428421,
            0.42741116136312485,
            0.03128230571746826,
            0.6670891493558884,
            0.22481519728899002,
            -0.28613004833459854,
            -0.2022198960185051,
            0.0
        ],
        [
            -0.22659629583358765,
            0.4223518446087837,
            0.0052827742183580995,
            0.6978897750377655,
            0.21965019404888153,
            -0.28447793796658516,
            -0.16464436426758766,
            0.0
        ],
        [
            -0.231827050447464,
            0.4420749098062515,
            -0.017277897568419576,
            0.7563815265893936,
            0.2190541848540306,
            -0.30763689428567886,
            -0.12773007154464722,
            0.0
        ],
        [
            -0.20994940772652626,
            0.4323313385248184,
            -0.03538586664944887,
            0.7488314062356949,
            0.2100493386387825,
            -0.2744024433195591,
            -0.08251987397670746,
            0.0
        ],
        [
            -0.23166829720139503,
            0.4043335095047951,
            -0.028283155988901854,
            0.7584137469530106,
            0.21113960072398186,
            -0.2940732426941395,
            -0.045677972957491875,
            0.0
        ],
        [
            -0.2354087494313717,
            0.35981688648462296,
            -0.028550983406603336,
            0.7376326620578766,
            0.19257878884673119,
            -0.29156748205423355,
            0.004155268252361566,
            0.0
        ],
        [
            -0.20028254017233849,
            0.30676592141389847,
            -0.01740205567330122,
            0.6634346395730972,
            0.15216038562357426,
            -0.2893035486340523,
            0.028910357505083084,
            0.0
        ]
    ],
    "retrieved_0_prompt": "move the idli plate to the right",
    "retrieved_1_state": [
        -0.06943804025650024,
        0.055167306214571,
        -0.052371297031641006,
        -2.5500967502593994,
        -0.011336199007928371,
        2.570925712585449,
        -0.025296324864029884,
        0.0
    ],