{
    "query_state": [
        -0.24066601693630219,
        0.5554402470588684,
        0.12025316059589386,
        -2.1303138732910156,
        0.23397405445575714,
        2.6141059398651123,
        -0.6275851726531982,
        0.026431767101514736
    ],
    "query_prompt": "move the squeegee to the right and try to drag it",
    "inference_time": true,
    "retrieved_0_state": [
        -0.20098499953746796,
        0.5519662499427795,
        0.06988956034183502,
        -2.0891382694244385,
        0.11718890815973282,
        2.6009206771850586,
        -0.8178980946540833,
        0.7268722585698549
    ],
    "retrieved_0_actions": [
        [
            -0.35572346299886703,
            -0.0699334591627121,
            -0.11429878883063793,
            -0.18941083922982216,
            0.13753275386989117,
            0.0922781229019165,
            0.17277998849749565,
            0.9317180646424638
        ],
        [
            -0.30237607657909393,
            -0.10023833252489567,
            -0.09976385161280632,
            -0.21874723955988884,
            0.17407221719622612,
            0.10951152071356773,
            0.20498085767030716,
            0.9317180646424638
        ],
        [
            -0.22238094359636307,
            -0.11933991685509682,
            -0.10946509428322315,
            -0.2543260343372822,
            0.18440419808030128,
            0.15448110178112984,
            0.2628892846405506,
            0.9317180646424638
        ],
        [
            -0.08317100815474987,
            -0.12903472408652306,
            -0.17076686024665833,
            -0.25642432272434235,
            0.10526135563850403,
            0.14572184532880783,
            0.4127795621752739,
            0.47687225856985493
        ],
        [
            0.0,
            0.0,
            0.0,
            0.0,
            0.0,
            0.0,
            0.0,
            0.47687225856985493
        ],
        [
            0.0,
            0.0,
            0.0,
            0.0,
            0.0,
            0.0,
            0.0,
            0.47687225856985493
        ],
        [
            0.0,
            0.0,
            0.0,
            0.0,
            0.0,
            0.0,
            0.0,
            0.47687225856985493
        ],
        [
            0.0,
            0.0,
            0.0,
            0.0,
            0.0,
            0.0,
            0.0,
            0.47687225856985493
        ],
        [
            0.0,
            0.0,
            0.0,
            0.0,
            0.0,
            0.0,
            0.0,
            0.47687225856985493
        ],
        [
            0.0,
            0.0,
            0.0,
            0.0,
            0.0,
            0.0,
            0.0,
            0.47687225856985493
        ],
        [
            0.0,
            0.0,
            0.0,
            0.0,
            0.0,
            0.0,
            0.0,
            0.47687225856985493
        ],
        [
            0.0,
            0.0,
            0.0,
            0.0,
            0.0,
            0.0,
            0.0,
            0.47687225856985493
        ],
        [
            0.0,
            0.0,
            0.0,
            0.0,
            0.0,
            0.0,
            0.0,
            0.47687225856985493
        ],
        [
            0.0,
            0.0,
            0.0,
            0.0,
            0.0,
            0.0,
            0.0,
            0.47687225856985493
        ],
        [
            0.0,
            0.0,
            0.0,
            0.0,
            0.0,
            0.0,
            0.0,
            0.47687225856985493
        ]
    ],
    "retrieved_0_prompt": "move the squeegee to the right and try to drag it",
    "retrieved_1_state": [
        -0.19540369510650635,
        0.6188353300094604,
        0.07604950666427612,
        -2.039987325668335,
        0.03388334438204765,
        2.748751401901245,
        -0.21706156432628632,
        0.6916299608704277
    ],
    "retrieved_1_actions": [
        [
            -0.22832142189145088,
            -0.1693514548242092,
            -0.08078807964920998,
            -0.1818837970495224,
            0.18961139023303986,
            -0.04679684992879629,
            -0.020920406095683575,
            0.9229074902176069
        ],
        [
            -0.1453903131186962,
            -0.19418096169829369,
            -0.06399808451533318,
            -0.1804441213607788,
            0.12873340398073196,
            -0.09441076777875423,
            -0.05681872367858887,
            0.4416299608704277
        ],
        [
            0.0,
            0.0,
            0.0,
            0.0,
            0.0,
            0.0,
            0.0,
            0.4416299608704277
        ],
        [
            0.0,
            0.0,
            0.0,
            0.0,
            0.0,
            0.0,
            0.0,
            0.4416299608704277
        ],
        [
            0.0,
            0.0,
            0.0,
            0.0,
            0.0,
            0.0,
            0.0,
            0.4416299608704277
        ],
        [
            0.0,
            0.0,
            0.0,
            0.0,
            0.0,
            0.0,
            0.0,
            0.4416299608704277
        ],
        [
            0.0,
            0.0,
            0.0,
            0.0,
            0.0,
            0.0,
            0.0,
            0.4416299608704277
        ],
        [
            0.0,
            0.0,
            0.0,
            0.0,
            0.0,
            0.0,
            0.0,
            0.4416299608704277
        ],
        [
            0.0,
            0.0,
            0.0,
            0.0,
            0.0,
            0.0,
            0.0,
            0.4416299608704277
        ],
        [
            0.0,
            0.0,
            0.0,
            0.0,
            0.0,
            0.0,
            0.0,
            0.4416299608704277
        ],
        [
            0.0,
            0.0,
            0.0,
            0.0,
            0.0,
            0.0,
            0.0,
            0.4416299608704277
        ],
        [
            0.0,
            0.0,
            0.0,
            0.0,
            0.0,
            0.0,
            0.0,
            0.4416299608704277
        ],
        [
            0.0,
            0.0,
            0.0,
            0.0,
            0.0,
            0.0,
            0.0,
            0.4416299608704277
        ],
        [
            0.0,
            0.0,
            0.0,
            0.0,
            0.0,
            0.0,
            0.0,
            0.4416299608704277
        ],
        [
            0.0,
            0.0,
            0.0,
            0.0,
            0.0,
            0.0,
            0.0,
            0.4416299608704277
        ]
    ],
    "retrieved_1_prompt": "move the squeegee to the right and try to drag it",
    "retrieved_2_state": [
        -0.13381876051425934,
        0.5975582003593445,
        0.00683879479765892,
        -2.081052780151367,
        -0.08200669288635254,
        2.7076611518859863,
        -0.21820592880249023,
        0.7136563969325698
    ],