{
    "query_state": [
        -0.2529774606227875,
        0.5499152541160583,
        0.10605846345424652,
        -2.142874002456665,
        0.2348145991563797,
        2.614666700363159,
        -0.6052080392837524,
        0.0
    ],
    "query_prompt": "move the squeegee to the right and try to drag it",
    "inference_time": true,
    "retrieved_0_state": [
        -0.24421286582946777,
        0.5489682555198669,
        0.056996505707502365,
        -2.0933642387390137,
        0.12148994952440262,
        2.6009361743927,
        -0.8045450448989868,
        0.7268722585698549
    ],
    "retrieved_0_actions": [
        [
            -0.30237607657909393,
            -0.10023833252489567,
            -0.09976385161280632,
            -0.21874723955988884,
            0.17407221719622612,
            0.10951152071356773,
            0.20498085767030716,
            0.9317180646424638
        ],
        [
            -0.22238094359636307,
            -0.11933991685509682,
            -0.10946509428322315,
            -0.2543260343372822,
            0.18440419808030128,
            0.15448110178112984,
            0.2628892846405506,
            0.9317180646424638
        ],
        [
            -0.08317100815474987,
            -0.12903472408652306,
            -0.17076686024665833,
            -0.25642432272434235,
            0.10526135563850403,
            0.14572184532880783,
            0.4127795621752739,
            0.47687225856985493
        ],
        [
            0.0,
            0.0,
            0.0,
            0.0,
            0.0,
            0.0,
            0.0,
            0.47687225856985493
        ],
        [
            0.0,
            0.0,
            0.0,
            0.0,
            0.0,
            0.0,
            0.0,
            0.47687225856985493
        ],
        [
            0.0,
            0.0,
            0.0,
            0.0,
            0.0,
            0.0,
            0.0,
            0.47687225856985493
        ],
        [
            0.0,
            0.0,
            0.0,
            0.0,
            0.0,
            0.0,
            0.0,
            0.47687225856985493
        ],
        [
            0.0,
            0.0,
            0.0,
            0.0,
            0.0,
            0.0,
            0.0,
            0.47687225856985493
        ],
        [
            0.0,
            0.0,
            0.0,
            0.0,
            0.0,
            0.0,
            0.0,
            0.47687225856985493
        ],
        [
            0.0,
            0.0,
            0.0,
            0.0,
            0.0,
            0.0,
            0.0,
            0.47687225856985493
        ],
        [
            0.0,
            0.0,
            0.0,
            0.0,
            0.0,
            0.0,
            0.0,
            0.47687225856985493
        ],
        [
            0.0,
            0.0,
            0.0,
            0.0,
            0.0,
            0.0,
            0.0,
            0.47687225856985493
        ],
        [
            0.0,
            0.0,
            0.0,
            0.0,
            0.0,
            0.0,
            0.0,
            0.47687225856985493
        ],
        [
            0.0,
            0.0,
            0.0,
            0.0,
            0.0,
            0.0,
            0.0,
            0.47687225856985493
        ],
        [
            0.0,
            0.0,
            0.0,
            0.0,
            0.0,
            0.0,
            0.0,
            0.47687225856985493
        ]
    ],
    "retrieved_0_prompt": "move the squeegee to the right and try to drag it",
    "retrieved_1_state": [
        -0.22825798392295837,
        0.5930150747299194,
        0.06685440242290497,
        -2.0545406341552734,
        -0.07680739462375641,
        2.685239315032959,
        -0.4667600989341736,
        0.7312775457822833
    ],
    "retrieved_1_actions": [
        [
            -0.21187607198953629,
            0.09883617050945759,
            -0.07032959256321192,
            0.08946691639721394,
            0.09996479377150536,
            -0.09530194103717804,
            -0.06578729022294283,
            0.9328193864455708
        ],
        [
            -0.14671473763883114,
            0.09137935936450958,
            -0.0806132797151804,
            0.08288463577628136,
            0.06984293460845947,
            -0.11358247138559818,
            -0.046005453914403915,
            0.9328193864455708
        ],
        [
            -0.08960818871855736,
            0.05556561052799225,
            -0.06323667708784342,
            0.0684742908924818,
            0.05399713292717934,
            -0.13484155759215355,
            -0.04615355748683214,
            0.4812775457822833
        ],
        [
            0.0,
            0.0,
            0.0,
            0.0,
            0.0,
            0.0,
            0.0,
            0.4812775457822833
        ],
        [
            0.0,
            0.0,
            0.0,
            0.0,
            0.0,
            0.0,
            0.0,
            0.4812775457822833
        ],
        [
            0.0,
            0.0,
            0.0,
            0.0,
            0.0,
            0.0,
            0.0,
            0.4812775457822833
        ],
        [
            0.0,
            0.0,
            0.0,
            0.0,
            0.0,
            0.0,
            0.0,
            0.4812775457822833
        ],
        [
            0.0,
            0.0,
            0.0,
            0.0,
            0.0,
            0.0,
            0.0,
            0.4812775457822833
        ],
        [
            0.0,
            0.0,
            0.0,
            0.0,
            0.0,
            0.0,
            0.0,
            0.4812775457822833
        ],
        [
            0.0,
            0.0,
            0.0,
            0.0,
            0.0,
            0.0,
            0.0,
            0.4812775457822833
        ],
        [
            0.0,
            0.0,
            0.0,
            0.0,
            0.0,
            0.0,
            0.0,
            0.4812775457822833
        ],
        [
            0.0,
            0.0,
            0.0,
            0.0,
            0.0,
            0.0,
            0.0,
            0.4812775457822833
        ],
        [
            0.0,
            0.0,
            0.0,
            0.0,
            0.0,
            0.0,
            0.0,
            0.4812775457822833
        ],
        [
            0.0,
            0.0,
            0.0,
            0.0,
            0.0,
            0.0,
            0.0,
            0.4812775457822833
        ],
        [
            0.0,
            0.0,
            0.0,
            0.0,
            0.0,
            0.0,
            0.0,
            0.4812775457822833
        ]
    ],
    "retrieved_1_prompt": "move the squeegee to the right and try to drag it",
    "retrieved_2_state": [
        -0.18474994599819183,
        0.5973647236824036,
        -0.010823489166796207,
        -2.0853271484375,
        -0.05778387933969498,
        2.713137626647949,
        -0.21758538484573364,
        0.7136563969325698
    ],