{
    "query_state": [
        -0.006422434002161026,
        -0.6004877686500549,
        -0.0003689196892082691,
        -2.515368938446045,
        -0.029931984841823578,
        1.9060447216033936,
        0.02124941162765026,
        0.0
    ],
    "query_prompt": "",
    "inference_time": true,
    "retrieved_0_state": [
        -0.002285811584442854,
        -0.6050968766212463,
        -0.0021319633815437555,
        -2.5195086002349854,
        -0.028687098994851112,
        1.9040759801864624,
        0.020993608981370926,
        0.0
    ],
    "retrieved_0_actions": [
        [
            -0.011494210921227932,
            0.0019181397510692477,
            0.011028388980776072,
            0.00945156964007765,
            0.007292624213732779,
            -0.011429998558014631,
            -0.004637163365259767,
            0.0
        ],
        [
            0.013505886308848858,
            0.11187016032636166,
            0.03304140642285347,
            -0.2573765628039837,
            -0.17059385776519775,
            0.5777487531304359,
            -0.18978731706738472,
            0.0
        ],
        [
            0.04885407164692879,
            0.24171585217118263,
            -0.00821174297016114,
            -0.2964394725859165,
            -0.1260231900960207,
            0.77056884765625,
            -0.25744905695319176,
            0.0
        ],
        [
            0.0853163655847311,
            0.427851602435112,
            -0.03355731489136815,
            -0.23838993161916733,
            -0.06328396499156952,
            0.8628406375646591,
            -0.2724979817867279,
            0.0
        ],
        [
            0.11779063381254673,
            0.6123554334044456,
            -0.02139874966815114,
            -0.11134426109492779,
            -0.013738329289481044,
            0.8794346451759338,
            -0.23204728960990906,
            0.0
        ],
        [
            0.17829669639468193,
            0.7318996638059616,
            -0.022570628207176924,
            0.029063948895782232,
            0.11287381872534752,
            0.8377129584550858,
            -0.21464286372065544,
            0.0
        ],
        [
            0.2050776593387127,
            0.7682198286056519,
            0.016306828474625945,
            0.19201073795557022,
            0.18534179776906967,
            0.7055374979972839,
            -0.16379464417696,
            0.0
        ],
        [
            0.2260112389922142,
            0.7445381581783295,
            0.029537116643041372,
            0.3063289076089859,
            0.28570838272571564,
            0.5736545473337173,
            -0.18494660034775734,
            0.0
        ],
        [
            0.20783385261893272,
            0.6762769818305969,
            0.057252668775618076,
            0.37461936473846436,
            0.3384428098797798,
            0.4408329352736473,
            -0.20137833431363106,
            0.0
        ],
        [
            0.1381830871105194,
            0.6079006940126419,
            0.10942350141704082,
            0.38021501153707504,
            0.2616949565708637,
            0.40741875767707825,
            -0.1542754378169775,
            0.0
        ]
    ],
    "retrieved_0_prompt": "pick up the poke ball and put it in the tray",
    "final_image_shape": [
        672,
        448,
        3
    ]
}