{
    "query_state": [
        -0.023367011919617653,
        0.25023892521858215,
        -0.11970708519220352,
        -2.1886191368103027,
        -0.5046960115432739,
        2.406069278717041,
        0.46827223896980286,
        0.5770925152607611
    ],
    "query_prompt": "",
    "inference_time": true,
    "retrieved_0_state": [
        0.08909687399864197,
        0.28214046359062195,
        -0.2655145525932312,
        -2.1710045337677,
        -0.39500144124031067,
        2.7483623027801514,
        0.39873725175857544,
        0.8678414164973559
    ],
    "retrieved_0_actions": [
        [
            -0.02018478699028492,
            -0.16462378203868866,
            -0.2460133098065853,
            -0.1812339574098587,
            -0.43991997838020325,
            -0.13733232393860817,
            0.20251238718628883,
            0.966960354124339
        ],
        [
            -0.031106180977076292,
            -0.10818495415151119,
            -0.20925235003232956,
            -0.15003064647316933,
            -0.439533069729805,
            -0.13115648180246353,
            0.2437874861061573,
            0.966960354124339
        ],
        [
            -0.04008709453046322,
            -0.08666285313665867,
            -0.18488867208361626,
            -0.11965470388531685,
            -0.4185227304697037,
            -0.13957335613667965,
            0.2539562061429024,
            0.966960354124339
        ],
        [
            -0.05762373562902212,
            -0.11215277947485447,
            -0.14723935164511204,
            -0.10466555133461952,
            -0.3812647610902786,
            -0.13865699991583824,
            0.2537479065358639,
            0.966960354124339
        ],
        [
            -0.0766916899010539,
            -0.14074957929551601,
            -0.09554262273013592,
            -0.09793519042432308,
            -0.34630127251148224,
            -0.12845241464674473,
            0.22765621542930603,
            0.6178414164973559
        ],
        [
            -0.07648978382349014,
            -0.15559213235974312,
            -0.04889627918601036,
            -0.09010863490402699,
            -0.31340736895799637,
            -0.13607063330709934,
            0.20196720957756042,
            0.5693832571606434
        ],
        [
            -0.07407303433865309,
            -0.1711067371070385,
            -0.0058319722302258015,
            -0.09370231069624424,
            -0.26842715218663216,
            -0.14172375202178955,
            0.17875846475362778,
            0.4504405352952845
        ],
        [
            -0.06453989073634148,
            -0.1805071346461773,
            0.021439099218696356,
            -0.09466204792261124,
            -0.23484544828534126,
            -0.15050058253109455,
            0.16229011118412018,
            0.3050661011120912
        ],
        [
            -0.06462587509304285,
            -0.1894092746078968,
            0.05366356112062931,
            -0.09906233288347721,
            -0.1851562224328518,
            -0.16073890030384064,
            0.12689939700067043,
            0.16409691031438212
        ],
        [
            -0.0682899123057723,
            -0.19325561821460724,
            0.08634008467197418,
            -0.10472151450812817,
            -0.14674728736281395,
            -0.1807023584842682,
            0.07800298277288675,
            0.040748912193330766
        ]
    ],
    "retrieved_0_prompt": "pick up the poke ball and put it in the tray",
    "final_image_shape": [
        672,
        448,
        3
    ]
}