{
    "query_state": [
        0.012920883484184742,
        -0.43468981981277466,
        0.009065927937626839,
        -2.532754898071289,
        -0.030318763107061386,
        2.0484955310821533,
        0.0360247939825058,
        0.0
    ],
    "query_prompt": "pick up the poke ball and put it in the tray",
    "inference_time": true,
    "retrieved_0_state": [
        0.023210080340504646,
        -0.4549710154533386,
        0.0963849276304245,
        -2.6870853900909424,
        -0.04141272231936455,
        2.3108580112457275,
        0.05131988599896431,
        0.0
    ],
    "retrieved_0_actions": [
        [
            -0.06254037842154503,
            0.24350805208086967,
            0.001240805722773075,
            -0.02029365859925747,
            -0.17795510590076447,
            0.42810212820768356,
            0.1245693489909172,
            0.0
        ],
        [
            -0.09072727523744106,
            0.3315189853310585,
            0.005337753100320697,
            -0.03491966286674142,
            -0.20974110811948776,
            0.5332325771450996,
            0.13497237116098404,
            0.0
        ],
        [
            -0.10298283770680428,
            0.414661169052124,
            -0.009330124012194574,
            -0.005080924020148814,
            -0.19963780418038368,
            0.5338023230433464,
            0.12199755758047104,
            0.0
        ],
        [
            -0.08581790141761303,
            0.4869699850678444,
            -0.03410912351682782,
            0.04746599122881889,
            -0.13894096948206425,
            0.481092631816864,
            0.0985411461442709,
            0.0
        ],
        [
            -0.08770586922764778,
            0.4956621676683426,
            -0.022841088939458132,
            0.08607416413724422,
            -0.16395224258303642,
            0.4260953515768051,
            0.11765088886022568,
            0.0
        ],
        [
            -0.08179853670299053,
            0.4866226762533188,
            -0.02496672561392188,
            0.1257719285786152,
            -0.18948974087834358,
            0.38227520883083344,
            0.13407645747065544,
            0.0
        ],
        [
            -0.07866410538554192,
            0.48723261803388596,
            -0.030361993703991175,
            0.16662230715155602,
            -0.2098512463271618,
            0.3343503177165985,
            0.16008544713258743,
            0.0
        ],
        [
            -0.05012147128582001,
            0.49227166920900345,
            -0.03797804471105337,
            0.21667703986167908,
            -0.20126137882471085,
            0.2906428650021553,
            0.16510024666786194,
            0.0
        ],
        [
            -0.018384272698312998,
            0.47380290925502777,
            -0.04521248862147331,
            0.25718193501234055,
            -0.1992311328649521,
            0.2486179955303669,
            0.18222827464342117,
            0.0
        ],
        [
            0.015337270451709628,
            0.4650862514972687,
            -0.05957275163382292,
            0.269771795719862,
            -0.19194511696696281,
            0.22376123815774918,
            0.1975077949464321,
            0.0
        ],
        [
            0.0444602919742465,
            0.45934658497571945,
            -0.09515229612588882,
            0.23703858256340027,
            -0.20743105560541153,
            0.2407364547252655,
            0.20424947142601013,
            0.0
        ],
        [
            0.07407205644994974,
            0.47036629170179367,
            -0.13480322435498238,
            0.2015213668346405,
            -0.1932804472744465,
            0.2884536236524582,
            0.17105994746088982,
            0.0
        ],
        [
            0.11114324443042278,
            0.4727320745587349,
            -0.15797309577465057,
            0.18906524404883385,
            -0.12936878018081188,
            0.3116421587765217,
            0.1098667923361063,
            0.0
        ],
        [
            0.1420620921999216,
            0.46353165060281754,
            -0.16793237999081612,
            0.19065586850047112,
            -0.05650806240737438,
            0.31112585216760635,
            0.044497186318039894,
            0.0
        ],
        [
            0.1742074452340603,
            0.4290042072534561,
            -0.17996475100517273,
            0.2007431723177433,
            -0.03359805326908827,
            0.2796413004398346,
            0.023868095595389605,
            0.0
        ]
    ],
    "retrieved_0_prompt": "pick up the poke ball and put it in the tray",
    "retrieved_1_state": [
        0.023404639214277267,
        -0.45561954379081726,
        0.09677602350711823,
        -2.6862971782684326,
        -0.041362687945365906,
        2.308577299118042,
        0.05129395052790642,
        0.0
    ],