{
    "query_state": [
        0.021344393491744995,
        -0.09097560495138168,
        0.044501956552267075,
        -2.4835476875305176,
        -0.05182376131415367,
        2.2886199951171875,
        0.06000439077615738,
        0.0
    ],
    "query_prompt": "pick up the poke ball and put it in the tray",
    "inference_time": true,
    "retrieved_0_state": [
        0.06788719445466995,
        -0.13757804036140442,
        0.050210002809762955,
        -2.638007879257202,
        -0.01631946489214897,
        2.415890693664551,
        0.0990045815706253,
        0.0
    ],
    "retrieved_0_actions": [
        [
            -0.06504711229354143,
            0.18816057592630386,
            0.06405150517821312,
            0.06107737775892019,
            -0.1919875107705593,
            0.08979661390185356,
            0.1889820396900177,
            0.0
        ],
        [
            -0.06848352029919624,
            0.1701417751610279,
            0.04836016334593296,
            0.0464415829628706,
            -0.17761247232556343,
            0.06945856381207705,
            0.1455953624099493,
            0.0
        ],
        [
            -0.07050713524222374,
            0.0905720517039299,
            0.034486898221075535,
            0.03952675499022007,
            -0.17506569623947144,
            0.030948545318096876,
            0.11225240305066109,
            0.0
        ],
        [
            -0.0302203674800694,
            -0.0018979074957314879,
            0.029485714621841908,
            0.00425493810325861,
            0.005970646743662655,
            -0.008658303413540125,
            -0.006818024558015168,
            0.0
        ],
        [
            -0.03987358883023262,
            0.07975615561008453,
            0.029909145087003708,
            -0.03587291808798909,
            -0.05231466144323349,
            0.04493897780776024,
            0.02304537920281291,
            0.0
        ],
        [
            -0.06254492793232203,
            0.15415011905133724,
            0.016472929855808616,
            -0.10406880639493465,
            -0.09456327185034752,
            0.12646188959479332,
            0.07463893387466669,
            0.0
        ],
        [
            -0.07745468057692051,
            0.1697494462132454,
            0.00611583236604929,
            -0.10689942166209221,
            -0.16619134694337845,
            0.16941284760832787,
            0.11786866001784801,
            0.0
        ],
        [
            -0.0858984887599945,
            0.16056407243013382,
            -0.005482023116201162,
            -0.06873852107673883,
            -0.26442527770996094,
            0.18451809883117676,
            0.16940467059612274,
            0.0
        ],
        [
            -0.08717185817658901,
            0.11091184802353382,
            -0.01618364593014121,
            -0.029542220290750265,
            -0.3818725049495697,
            0.16334077343344688,
            0.24567702785134315,
            0.0
        ],
        [
            -0.07960937917232513,
            0.02841397887095809,
            -0.020665398333221674,
            -0.00556364597287029,
            -0.5431784316897392,
            0.10962574742734432,
            0.34123070538043976,
            0.0
        ],
        [
            -0.07138833869248629,
            0.008665442583151162,
            -0.02721236553043127,
            0.0033318513305857778,
            -0.5448867008090019,
            0.11555652134120464,
            0.30591392889618874,
            0.0
        ],
        [
            -0.07081757299602032,
            0.030530286021530628,
            -0.039081587456166744,
            -0.06063914392143488,
            -0.44167105108499527,
            0.4098135232925415,
            0.0432537030428648,
            0.0
        ],
        [
            -0.06925931200385094,
            0.1599886268377304,
            -0.053692073561251163,
            -0.04637415520846844,
            -0.14573936350643635,
            0.5557696148753166,
            -0.18881285563111305,
            0.0
        ],
        [
            -0.05449741147458553,
            0.3372436389327049,
            -0.055791083723306656,
            0.04089615307748318,
            0.24937357753515244,
            0.5375776439905167,
            -0.37344951182603836,
            0.0
        ],
        [
            -0.04131171386688948,
            0.43980758637189865,
            -0.03814915660768747,
            0.06939681246876717,
            0.40724486112594604,
            0.5089272186160088,
            -0.39700713008642197,
            0.0
        ]
    ],
    "retrieved_0_prompt": "pick up the poke ball and put it in the tray",
    "retrieved_1_state": [
        0.0678761675953865,
        -0.1528661847114563,
        0.04855355620384216,
        -2.645023822784424,
        -0.004815254360437393,
        2.415830135345459,
        0.08729583770036697,
        0.0
    ],