{
    "query_state": [
        0.037584323436021805,
        0.3142024576663971,
        0.050632327795028687,
        -2.2375621795654297,
        -0.17900756001472473,
        2.6083319187164307,
        -0.13659784197807312,
        0.0
    ],
    "query_prompt": "",
    "inference_time": true,
    "retrieved_0_state": [
        0.0843827947974205,
        0.31217828392982483,
        0.10946135222911835,
        -2.2836992740631104,
        -0.06828056275844574,
        2.6440494060516357,
        -0.5318396687507629,
        0.0
    ],
    "retrieved_0_actions": [
        [
            -0.14414464123547077,
            0.3660646826028824,
            0.16501575708389282,
            0.2556990087032318,
            0.016626270953565836,
            0.14992156066000462,
            0.05134786479175091,
            0.0
        ],
        [
            -0.14990265481173992,
            0.3454083576798439,
            0.14193637296557426,
            0.259070061147213,
            -0.025872013065963984,
            0.12148775160312653,
            0.05997609347105026,
            0.0
        ],
        [
            -0.15603926964104176,
            0.3014061041176319,
            0.14238780364394188,
            0.24488259106874466,
            -0.04005630034953356,
            0.09298979304730892,
            0.06629518233239651,
            0.0
        ],
        [
            -0.15973154455423355,
            0.2451777271926403,
            0.15014738775789738,
            0.21111031994223595,
            -0.041765584610402584,
            0.07548351306468248,
            0.0689627043902874,
            0.0
        ],
        [
            -0.14979122206568718,
            0.21963506937026978,
            0.14383169822394848,
            0.19524067640304565,
            -0.0607393030077219,
            0.05012326408177614,
            0.07377049420028925,
            0.0
        ],
        [
            -0.130411796271801,
            0.20676912739872932,
            0.13056680560112,
            0.17732640728354454,
            -0.08745978586375713,
            0.038638138212263584,
            0.08044046349823475,
            0.0
        ],
        [
            -0.11529415845870972,
            0.19891414791345596,
            0.11637925170361996,
            0.16934171319007874,
            -0.1040981151163578,
            0.031047812663018703,
            0.09596706368029118,
            0.0
        ],
        [
            -0.10521992109715939,
            0.18865946680307388,
            0.1033557578921318,
            0.1649566926062107,
            -0.1163465715944767,
            0.01791743910871446,
            0.11075100861489773,
            0.0
        ],
        [
            -0.09623901918530464,
            0.17312075942754745,
            0.09256348945200443,
            0.1588875614106655,
            -0.1294854748994112,
            0.012991566909477115,
            0.11816758662462234,
            0.0
        ],
        [
            -0.08854805491864681,
            0.15638116747140884,
            0.08390192873775959,
            0.15844767913222313,
            -0.1362707931548357,
            0.009280213853344321,
            0.12874609790742397,
            0.0
        ]
    ],
    "retrieved_0_prompt": "move the squeegee to the right and try to drag it",
    "final_image_shape": [
        672,
        448,
        3
    ]
}