{
    "query_state": [
        0.015703920274972916,
        -0.5728622078895569,
        0.02099602296948433,
        -2.5213816165924072,
        -0.023694077506661415,
        1.9371179342269897,
        -0.0037780615966767073,
        0.0
    ],
    "query_prompt": "",
    "inference_time": true,
    "retrieved_0_state": [
        0.15202635526657104,
        -0.40757742524147034,
        0.26467785239219666,
        -2.5257322788238525,
        0.05385701358318329,
        2.1212501525878906,
        0.2228165566921234,
        0.0
    ],
    "retrieved_0_actions": [
        [
            0.2524441108107567,
            0.5217467248439789,
            0.23471452295780182,
            -0.00032467065466335043,
            0.03816676326096058,
            0.2888939157128334,
            0.18508626148104668,
            0.0
        ],
        [
            0.2078765630722046,
            0.38830168545246124,
            0.14980449341237545,
            -0.08523592725396156,
            0.009123044437728822,
            0.31527183949947357,
            0.11907101608812809,
            0.0
        ],
        [
            0.1576063223183155,
            0.2698414586484432,
            0.06523299496620893,
            -0.1548936776816845,
            -0.015301055973395705,
            0.3452906385064125,
            0.03384652780368924,
            0.0
        ],
        [
            0.09997276589274406,
            0.21971061825752258,
            -0.0002941894308605697,
            -0.2058694325387478,
            -0.07118099369108677,
            0.3759411722421646,
            -0.04995012190192938,
            0.0
        ],
        [
            0.019566447008401155,
            0.2520936168730259,
            -0.04562966991215944,
            -0.2318481169641018,
            -0.1849428378045559,
            0.4693223908543587,
            -0.07321774493902922,
            0.0
        ],
        [
            -0.04672417417168617,
            0.3088564798235893,
            -0.08223641663789749,
            -0.2112123742699623,
            -0.3058104030787945,
            0.5392763763666153,
            -0.04557326901704073,
            0.0
        ],
        [
            -0.10108684189617634,
            0.29283592477440834,
            -0.1374281570315361,
            -0.18493391573429108,
            -0.371113158762455,
            0.5349262431263924,
            -0.06367153953760862,
            0.0
        ],
        [
            -0.1493107434362173,
            0.3615673631429672,
            -0.18679169937968254,
            -0.13136649504303932,
            -0.4287508875131607,
            0.5614130944013596,
            -0.05179055035114288,
            0.0
        ],
        [
            -0.1607898436486721,
            0.42351584881544113,
            -0.21341335028409958,
            -0.06927001290023327,
            -0.4559146985411644,
            0.5581991374492645,
            -0.023227743804454803,
            0.0
        ],
        [
            -0.1421622931957245,
            0.5426845699548721,
            -0.2363758720457554,
            0.015380400000140071,
            -0.47763239592313766,
            0.5878903716802597,
            -0.00207464283448644,
            0.0
        ]
    ],
    "retrieved_0_prompt": "move the squeegee to the right and try to drag it",
    "final_image_shape": [
        672,
        448,
        3
    ]
}