{
    "query_state": [
        -0.15452496707439423,
        0.36225810647010803,
        -0.035896677523851395,
        -2.1908199787139893,
        0.019974054768681526,
        2.3668460845947266,
        -0.10156199336051941,
        0.0
    ],
    "query_prompt": "",
    "inference_time": true,
    "retrieved_0_state": [
        -0.10082247108221054,
        0.3803333640098572,
        -0.0939963161945343,
        -2.172170639038086,
        -0.264872282743454,
        2.3934972286224365,
        -0.020103415474295616,
        0.0
    ],
    "retrieved_0_actions": [
        [
            0.024545432534068823,
            0.611492395401001,
            0.038097144570201635,
            0.5168528482317924,
            0.06136887241154909,
            -0.012090731179341674,
            -0.26250172406435013,
            0.0
        ],
        [
            0.03405238967388868,
            0.5630440264940262,
            0.0487170135602355,
            0.4624463617801666,
            0.05763023626059294,
            -0.016033235006034374,
            -0.2388371154665947,
            0.0
        ],
        [
            0.039483425207436085,
            0.4878988489508629,
            0.05730772856622934,
            0.3972722962498665,
            0.06443265359848738,
            -0.035652213264256716,
            -0.2187100611627102,
            0.0
        ],
        [
            0.058248769491910934,
            0.40567055344581604,
            0.05385351832956076,
            0.3157379850745201,
            0.058555277064442635,
            -0.041073947213590145,
            -0.1779557205736637,
            0.0
        ],
        [
            0.048711029812693596,
            0.33194180577993393,
            0.04802619107067585,
            0.2540891058743,
            0.06535558495670557,
            -0.022414815612137318,
            -0.16460254788398743,
            0.0
        ],
        [
            -0.022280672565102577,
            0.3596575930714607,
            0.0367053272202611,
            0.27755606919527054,
            0.09867476299405098,
            0.04423747770488262,
            -0.18519479781389236,
            0.0
        ],
        [
            -0.11816003359854221,
            0.3510938212275505,
            0.02391453366726637,
            0.281197726726532,
            0.16498051583766937,
            0.10196726769208908,
            -0.19571486860513687,
            0.0
        ],
        [
            -0.22075073793530464,
            0.31160466372966766,
            0.03012591740116477,
            0.2705970034003258,
            0.23824939504265785,
            0.13035977259278297,
            -0.24369368329644203,
            0.0
        ],
        [
            -0.33465106040239334,
            0.270084235817194,
            0.018300112569704652,
            0.2616693452000618,
            0.3025839477777481,
            0.1595958136022091,
            -0.2852042391896248,
            0.0
        ],
        [
            -0.4678386077284813,
            0.18956299871206284,
            0.003094295971095562,
            0.22646978497505188,
            0.3738998994231224,
            0.15511824749410152,
            -0.3513120859861374,
            0.0
        ]
    ],
    "retrieved_0_prompt": "move the idli plate to the right",
    "final_image_shape": [
        672,
        448,
        3
    ]
}