{
    "query_state": [
        0.16509906947612762,
        0.30529168248176575,
        0.07522542029619217,
        -2.166377067565918,
        -0.092437244951725,
        2.2947299480438232,
        0.07100679725408554,
        0.057268755675041416
    ],
    "query_prompt": "move the idli plate to the sink",
    "inference_time": true,
    "retrieved_0_state": [
        0.15041734278202057,
        0.3500460982322693,
        0.13790155947208405,
        -2.195923089981079,
        0.04321572184562683,
        2.438429594039917,
        0.13662859797477722,
        0.0
    ],
    "retrieved_0_actions": [
        [
            0.3827689588069916,
            -0.15015347860753536,
            0.2671175077557564,
            -0.18027056008577347,
            0.22226328030228615,
            0.11533716693520546,
            0.44155072420835495,
            0.0
        ],
        [
            0.3547126054763794,
            -0.15176460146903992,
            0.25334227830171585,
            -0.08696647360920906,
            0.23961804807186127,
            0.07346002385020256,
            0.42197246104478836,
            0.0
        ],
        [
            0.03389805555343628,
            -0.004931440344080329,
            -0.03486039116978645,
            0.004319458093959838,
            0.01982478890568018,
            -0.010562825482338667,
            -0.015538949519395828,
            0.0
        ],
        [
            0.0,
            0.0,
            0.0,
            0.0,
            0.0,
            0.0,
            0.0,
            0.0
        ],
        [
            0.0,
            0.0,
            0.0,
            0.0,
            0.0,
            0.0,
            0.0,
            0.0
        ],
        [
            0.0,
            0.0,
            0.0,
            0.0,
            0.0,
            0.0,
            0.0,
            0.0
        ],
        [
            0.0,
            0.0,
            0.0,
            0.0,
            0.0,
            0.0,
            0.0,
            0.0
        ],
        [
            0.0,
            0.0,
            0.0,
            0.0,
            0.0,
            0.0,
            0.0,
            0.0
        ],
        [
            0.0,
            0.0,
            0.0,
            0.0,
            0.0,
            0.0,
            0.0,
            0.0
        ],
        [
            0.0,
            0.0,
            0.0,
            0.0,
            0.0,
            0.0,
            0.0,
            0.0
        ],
        [
            0.0,
            0.0,
            0.0,
            0.0,
            0.0,
            0.0,
            0.0,
            0.0
        ],
        [
            0.0,
            0.0,
            0.0,
            0.0,
            0.0,
            0.0,
            0.0,
            0.0
        ],
        [
            0.0,
            0.0,
            0.0,
            0.0,
            0.0,
            0.0,
            0.0,
            0.0
        ],
        [
            0.0,
            0.0,
            0.0,
            0.0,
            0.0,
            0.0,
            0.0,
            0.0
        ],
        [
            0.0,
            0.0,
            0.0,
            0.0,
            0.0,
            0.0,
            0.0,
            0.0
        ]
    ],
    "retrieved_0_prompt": "move the idli plate to the sink",
    "retrieved_1_state": [
        0.0918874740600586,
        0.3423880636692047,
        0.1725563108921051,
        -2.1752521991729736,
        0.14165087044239044,
        2.423746347427368,
        -0.009986970573663712,
        0.0
    ],
    "retrieved_1_actions": [
        [
            0.3643670305609703,
            -0.12967516668140888,
            0.24582698941230774,
            -0.21031195297837257,
            0.17802827060222626,
            0.20178819075226784,
            0.3034554608166218,
            0.0
        ],
        [
            0.30425354838371277,
            -0.14319357462227345,
            0.20450273528695107,
            -0.12909320183098316,
            0.15768954530358315,
            0.1375134475529194,
            0.2452290803194046,
            0.0
        ],
        [
            0.2115674689412117,
            -0.2502613328397274,
            0.173406470566988,
            -0.1109972596168518,
            0.169676523655653,
            0.05070401821285486,
            0.15511265024542809,
            0.0
        ],
        [
            0.10396462865173817,
            -0.4082872346043587,
            0.13980473391711712,
            -0.14874170534312725,
            0.21142318844795227,
            -0.015495374100282788,
            0.05203408654779196,
            0.0
        ],
        [
            0.02801199210807681,
            -0.5185852572321892,
            0.0931527279317379,
            -0.18712781369686127,
            0.2087419107556343,
            -0.03999820910394192,
            -0.012371252523735166,
            0.0
        ],
        [
            -0.031250836327672005,
            -0.6104902923107147,
            0.03189156297594309,
            -0.20653536543250084,
            0.19005082547664642,
            -0.14402221888303757,
            -0.05166254471987486,
            0.0
        ],
        [
            0.0,
            0.0,
            0.0,
            0.0,
            0.0,
            0.0,
            0.0,
            0.0
        ],
        [
            0.0,
            0.0,
            0.0,
            0.0,
            0.0,
            0.0,
            0.0,
            0.0
        ],
        [
            0.0,
            0.0,
            0.0,
            0.0,
            0.0,
            0.0,
            0.0,
            0.0
        ],
        [
            0.0,
            0.0,
            0.0,
            0.0,
            0.0,
            0.0,
            0.0,
            0.0
        ],
        [
            0.0,
            0.0,
            0.0,
            0.0,
            0.0,
            0.0,
            0.0,
            0.0
        ],
        [
            0.0,
            0.0,
            0.0,
            0.0,
            0.0,
            0.0,
            0.0,
            0.0
        ],
        [
            0.0,
            0.0,
            0.0,
            0.0,
            0.0,
            0.0,
            0.0,
            0.0
        ],
        [
            0.0,
            0.0,
            0.0,
            0.0,
            0.0,
            0.0,
            0.0,
            0.0
        ],
        [
            0.0,
            0.0,
            0.0,
            0.0,
            0.0,
            0.0,
            0.0,
            0.0
        ]
    ],
    "retrieved_1_prompt": "move the idli plate to the sink",
    "retrieved_2_state": [
        0.14361073076725006,
        0.33841028809547424,
        0.21002696454524994,
        -2.194755792617798,
        0.15363244712352753,
        2.4418773651123047,
        0.029856495559215546,
        0.0
    ],