{
    "query_state": [
        -0.05036306008696556,
        0.38285014033317566,
        -0.042243629693984985,
        -1.9658570289611816,
        0.013219119980931282,
        2.2561049461364746,
        0.0005901734693907201,
        0.0969162748464808
    ],
    "query_prompt": "move the idli plate to the right",
    "inference_time": true,
    "retrieved_0_state": [
        -0.05645386129617691,
        0.36506444215774536,
        -0.059244513511657715,
        -1.9708524942398071,
        -0.029421977698802948,
        2.356235980987549,
        0.1012064591050148,
        0.0
    ],
    "retrieved_0_actions": [
        [
            0.06516442168504,
            0.5795727670192719,
            -0.07714916486293077,
            0.6130894273519516,
            -0.030191384721547365,
            -0.05376764107495546,
            0.1962340995669365,
            0.0
        ],
        [
            0.06295336410403252,
            0.5346281826496124,
            -0.07272540125995874,
            0.602295808494091,
            -0.0014956299855839461,
            -0.09386541321873665,
            0.1639837585389614,
            0.0
        ],
        [
            0.04070458002388477,
            0.5042927712202072,
            -0.05733392667025328,
            0.5984310805797577,
            0.04652128554880619,
            -0.13189928606152534,
            0.10886904783546925,
            0.0
        ],
        [
            0.02920671831816435,
            0.49653269350528717,
            -0.05926444195210934,
            0.6032729521393776,
            0.0660957908257842,
            -0.14360622502863407,
            0.09641441516578197,
            0.0
        ],
        [
            0.01124130329117179,
            0.48753343522548676,
            -0.0570004153996706,
            0.6080427393317223,
            0.08989694528281689,
            -0.15361448749899864,
            0.0798978004604578,
            0.0
        ],
        [
            -0.01371648395434022,
            0.4893181845545769,
            -0.04252261947840452,
            0.617549866437912,
            0.12087318114936352,
            -0.17171034589409828,
            0.05366947501897812,
            0.0
        ],
        [
            -0.018818221287801862,
            0.48706740140914917,
            -0.036936195101588964,
            0.6056369096040726,
            0.12268249876797199,
            -0.17733760178089142,
            0.04522707313299179,
            0.0
        ],
        [
            -0.015933930408209562,
            0.48274923115968704,
            -0.03459824249148369,
            0.5861346796154976,
            0.11837019585072994,
            -0.1745535433292389,
            0.04944747779518366,
            0.0
        ],
        [
            -0.012129010865464807,
            0.46415675431489944,
            -0.029586160089820623,
            0.5597591400146484,
            0.11995751410722733,
            -0.1882978342473507,
            0.05860785488039255,
            0.0
        ],
        [
            -0.008587579941377044,
            0.4229309409856796,
            -0.022086102981120348,
            0.514480322599411,
            0.12542001903057098,
            -0.19776683300733566,
            0.06201471667736769,
            0.0
        ],
        [
            -0.015558224404230714,
            0.37665098905563354,
            -0.00902241503354162,
            0.4669882729649544,
            0.13559836894273758,
            -0.20042886957526207,
            0.0463913194835186,
            0.0
        ],
        [
            -0.06888356059789658,
            0.2955523505806923,
            0.03840430174022913,
            0.3951568529009819,
            0.16934026032686234,
            -0.2064819261431694,
            -0.0385920493863523,
            0.0
        ],
        [
            -0.14247188344597816,
            0.1592237874865532,
            0.07305270992219448,
            0.2850510738790035,
            0.20059602335095406,
            -0.21250201389193535,
            -0.1137885358184576,
            0.0
        ],
        [
            -0.22184208035469055,
            0.03516608849167824,
            0.07517385762184858,
            0.13364429585635662,
            0.2121235989034176,
            -0.1642007939517498,
            -0.18075905740261078,
            0.0
        ],
        [
            -0.2951648086309433,
            -0.03230542177334428,
            0.07128923200070858,
            0.04783847834914923,
            0.21676938980817795,
            -0.11225195601582527,
            -0.2466798946261406,
            0.0
        ]
    ],
    "retrieved_0_prompt": "move the idli plate to the right",
    "retrieved_1_state": [
        -0.028674881905317307,
        0.2907060384750366,
        -0.015016627497971058,
        -2.1804795265197754,
        0.02632077783346176,
        2.4586355686187744,
        -0.02623576484620571,
        0.0
    ],