{
    "query_state": [
        -0.05222196504473686,
        0.539000928401947,
        -0.05718276649713516,
        -1.9311801195144653,
        -0.012426948174834251,
        2.3077309131622314,
        0.1612534523010254,
        0.9911894276295312
    ],
    "query_prompt": "move the idli plate to the right",
    "inference_time": true,
    "retrieved_0_state": [
        -0.016116777434945107,
        0.6518121957778931,
        -0.05783446878194809,
        -1.9180283546447754,
        -0.04481527954339981,
        2.581481695175171,
        0.09896478056907654,
        0.0
    ],
    "retrieved_0_actions": [
        [
            0.054619964212179184,
            0.29745809733867645,
            -0.010808006627485156,
            0.34891579300165176,
            0.04860101267695427,
            -0.09827639907598495,
            0.04984394647181034,
            0.0
        ],
        [
            0.057244254276156425,
            0.18348582088947296,
            -0.00557374965865165,
            0.23335473611950874,
            0.054155122488737106,
            -0.1405471470206976,
            0.053275562822818756,
            0.0
        ],
        [
            0.05414282437413931,
            0.09327180683612823,
            -0.014555292436853051,
            0.11320431716740131,
            0.0463061174377799,
            -0.12191918678581715,
            0.05405325908213854,
            0.0
        ],
        [
            0.0500365998595953,
            0.04637159872800112,
            -0.04142963793128729,
            0.03623500932008028,
            0.02551937708631158,
            -0.0646339450031519,
            0.056387693621218204,
            0.0
        ],
        [
            0.03742433385923505,
            0.02464171266183257,
            -0.05421589594334364,
            0.008007042342796922,
            0.02080413280054927,
            -0.03242371371015906,
            0.049330866895616055,
            0.0
        ],
        [
            -0.02720621880143881,
            0.07231852039694786,
            -0.04501619841903448,
            0.04147258587181568,
            0.05164778791368008,
            0.008836924098432064,
            0.009354142239317298,
            0.0
        ],
        [
            -0.10685746558010578,
            0.0900547206401825,
            -0.022611301392316818,
            0.050182975828647614,
            0.09572396986186504,
            0.0684974156320095,
            -0.04531246144324541,
            0.0
        ],
        [
            -0.16432275995612144,
            0.1000286266207695,
            -0.010311203077435493,
            0.051010800525546074,
            0.12707099318504333,
            0.13282006606459618,
            -0.0850764848291874,
            0.0
        ],
        [
            -0.2270159311592579,
            0.10939500294625759,
            0.013209284516051412,
            0.06643773056566715,
            0.17467761412262917,
            0.1338172983378172,
            -0.134420869871974,
            0.0
        ],
        [
            -0.2525975741446018,
            0.11744532734155655,
            0.029145902954041958,
            0.07425905670970678,
            0.19379707053303719,
            0.135993380099535,
            -0.17948079854249954,
            0.0
        ],
        [
            -0.2752574160695076,
            0.1112074963748455,
            0.04570682067424059,
            0.07834773510694504,
            0.20746031776070595,
            0.11593874543905258,
            -0.22258231416344643,
            0.0
        ],
        [
            -0.3030853159725666,
            0.10734856128692627,
            0.062339636497199535,
            0.10262507945299149,
            0.23363634943962097,
            0.07230222690850496,
            -0.24567119777202606,
            0.0
        ],
        [
            -0.3272908926010132,
            0.11702890507876873,
            0.07077943533658981,
            0.14425808563828468,
            0.25156019255518913,
            0.04152138251811266,
            -0.25800077244639397,
            0.0
        ],
        [
            -0.3518720716238022,
            0.14319743029773235,
            0.069925207644701,
            0.18986642360687256,
            0.2476593665778637,
            0.038441214710474014,
            -0.2848295122385025,
            0.0
        ],
        [
            -0.3640773892402649,
            0.19726600497961044,
            0.06788699422031641,
            0.25266870856285095,
            0.24036062881350517,
            0.04020059946924448,
            -0.30638312920928,
            0.0
        ]
    ],
    "retrieved_0_prompt": "move the idli plate to the right",
    "retrieved_1_state": [
        -0.05380668491125107,
        0.7215741872787476,
        -0.062108736485242844,
        -1.8623387813568115,
        -0.016064142808318138,
        2.5847792625427246,
        0.09883079677820206,
        0.0
    ],