{
    "query_state": [
        0.0787372812628746,
        0.6998165845870972,
        0.029856275767087936,
        -1.7060118913650513,
        0.11312912404537201,
        2.2637548446655273,
        0.17756934463977814,
        0.0969162748464808
    ],
    "query_prompt": "move the idli plate to the right",
    "inference_time": true,
    "retrieved_0_state": [
        -0.08769264817237854,
        0.5844142436981201,
        -0.031383465975522995,
        -2.1242270469665527,
        0.0991140753030777,
        2.690958261489868,
        0.16546902060508728,
        0.0
    ],
    "retrieved_0_actions": [
        [
            -0.27946367859840393,
            0.005504230502992868,
            0.008936175727285445,
            -0.017112253699451685,
            0.19351769238710403,
            -0.004637927922885865,
            -0.3320431336760521,
            0.0
        ],
        [
            -0.26820775121450424,
            0.040630148723721504,
            0.009355101501569152,
            0.028658867813646793,
            0.2104349061846733,
            0.007716182735748589,
            -0.3150947391986847,
            0.0
        ],
        [
            -0.23032501339912415,
            0.047549945302307606,
            -0.030038740951567888,
            0.09113729000091553,
            0.17741698771715164,
            -0.10097140446305275,
            -0.2828449383378029,
            0.0
        ],
        [
            0.06630539894104004,
            0.0017300790932495147,
            -0.060782935470342636,
            0.007331669330596924,
            0.0740878377109766,
            -0.012484889011830091,
            -0.05111818667501211,
            0.0
        ],
        [
            0.173092782497406,
            -0.1757357455790043,
            -0.11722139082849026,
            -0.16402702778577805,
            -0.029809242114424706,
            -0.029190387576818466,
            0.012576768640428782,
            0.0
        ],
        [
            0.2582819387316704,
            -0.5127150937914848,
            -0.14682776294648647,
            -0.42697567492723465,
            -0.09481274522840977,
            -0.10425129905343056,
            0.06414157804101706,
            0.0
        ],
        [
            0.22709233686327934,
            -0.731499120593071,
            -0.12958718463778496,
            -0.5140784382820129,
            -0.06878416053950787,
            -0.22441575303673744,
            0.08037391118705273,
            0.0
        ],
        [
            0.16455881297588348,
            -0.7833089679479599,
            -0.15987593680620193,
            -0.4422006383538246,
            -0.04037217237055302,
            -0.3456489369273186,
            0.1446626614779234,
            0.0
        ],
        [
            0.10424774140119553,
            -0.7015345990657806,
            -0.2066163346171379,
            -0.3234996646642685,
            -0.03700030269101262,
            -0.35412758588790894,
            0.19092794507741928,
            0.0
        ],
        [
            -0.0010975299665005878,
            -0.5592970177531242,
            -0.23366060107946396,
            -0.19464826211333275,
            0.007331043598242104,
            -0.3278082236647606,
            0.1917630061507225,
            0.0
        ],
        [
            -0.09656189009547234,
            -0.4065009579062462,
            -0.22850938141345978,
            -0.11157511733472347,
            0.03971571568399668,
            -0.31667299568653107,
            0.11892580427229404,
            0.0
        ],
        [
            -0.030445626471191645,
            -0.31409792602062225,
            -0.22375311702489853,
            -0.15889659523963928,
            -0.13792507350444794,
            -0.2202184870839119,
            0.1457510981708765,
            0.0
        ],
        [
            0.002362321538385004,
            -0.0030665655503980815,
            -0.002875360078178346,
            0.006953410338610411,
            -0.004617761878762394,
            -0.014882542891427875,
            0.004445012018550187,
            0.0
        ],
        [
            0.035359307657927275,
            0.050220731645822525,
            0.055485707707703114,
            0.007054554880596697,
            0.023748259991407394,
            0.09817363694310188,
            -0.0362580269575119,
            0.0
        ],
        [
            0.0942338164895773,
            0.16536252573132515,
            0.08537346497178078,
            0.06692646071314812,
            -0.0008413653267780319,
            0.13584078289568424,
            0.038538891822099686,
            0.0
        ]
    ],
    "retrieved_0_prompt": "move the idli plate to the right",
    "retrieved_1_state": [
        0.06605024635791779,
        0.6122913956642151,
        -0.023566925898194313,
        -2.0454108715057373,
        -0.004873401019722223,
        2.633894920349121,
        0.23961685597896576,
        0.0
    ],