{
    "query_state": [
        -0.313511461019516,
        0.7783855199813843,
        -0.059263866394758224,
        -1.449219822883606,
        0.21639463305473328,
        2.0073039531707764,
        -0.008997281081974506,
        0.05286344654914088
    ],
    "query_prompt": "move the idli plate to the right",
    "inference_time": true,
    "retrieved_0_state": [
        -0.3362562954425812,
        0.7816692590713501,
        -0.04569999501109123,
        -1.6176759004592896,
        0.1816335916519165,
        2.3701257705688477,
        -0.06920124590396881,
        0.0
    ],
    "retrieved_0_actions": [
        [
            0.1743794046342373,
            0.34171558916568756,
            -0.15215137042105198,
            0.07005966268479824,
            -0.08276176638901234,
            0.2827548608183861,
            0.1386625785380602,
            0.0
        ],
        [
            0.15209457837045193,
            0.39761461317539215,
            -0.17051173374056816,
            0.2714560739696026,
            -0.1002816203981638,
            0.20194467157125473,
            0.1796889491379261,
            0.0
        ],
        [
            0.12807998806238174,
            0.3749796003103256,
            -0.169131550937891,
            0.41186824440956116,
            -0.10426430962979794,
            0.08676694706082344,
            0.2082855999469757,
            0.0
        ],
        [
            0.11962962336838245,
            0.3219692036509514,
            -0.16803745180368423,
            0.4844914376735687,
            -0.11060630902647972,
            -0.030506763141602278,
            0.22830292582511902,
            0.0
        ],
        [
            0.08937036618590355,
            0.3028304688632488,
            -0.1370206382125616,
            0.5001118779182434,
            -0.09791316464543343,
            -0.0824966561049223,
            0.19769569858908653,
            0.0
        ],
        [
            0.026304868515580893,
            0.3454740345478058,
            -0.09189143776893616,
            0.5571533739566803,
            -0.05124089773744345,
            -0.12913514859974384,
            0.17426539212465286,
            0.0
        ],
        [
            -0.06475755013525486,
            0.4144356772303581,
            -0.06388922221958637,
            0.6491590291261673,
            0.01932138344272971,
            -0.24090128019452095,
            0.18671231344342232,
            0.0
        ],
        [
            -0.14989866875112057,
            0.4676656797528267,
            -0.04843242932111025,
            0.7061160355806351,
            0.06926349364221096,
            -0.3263961151242256,
            0.17111625522375107,
            0.0
        ],
        [
            -0.21914733573794365,
            0.5080632492899895,
            -0.03357290290296078,
            0.7460986077785492,
            0.1149338111281395,
            -0.3567424789071083,
            0.15317647717893124,
            0.0
        ],
        [
            -0.2877562493085861,
            0.5651547759771347,
            -0.03811081638559699,
            0.8057768642902374,
            0.1653592847287655,
            -0.3779786080121994,
            0.17007343471050262,
            0.0
        ],
        [
            -0.30002307146787643,
            0.5809921771287918,
            -0.05150429904460907,
            0.819687619805336,
            0.17563773319125175,
            -0.3700125962495804,
            0.19370075315237045,
            0.0
        ],
        [
            -0.3065941296517849,
            0.5413824692368507,
            -0.086706867441535,
            0.7964979857206345,
            0.17236094921827316,
            -0.37598296999931335,
            0.21361056715250015,
            0.0
        ],
        [
            -0.2888356149196625,
            0.5205831676721573,
            -0.10346908122301102,
            0.762166827917099,
            0.15971900895237923,
            -0.34915950149297714,
            0.22586852312088013,
            0.0
        ],
        [
            -0.27007002383470535,
            0.4951004683971405,
            -0.07167392875999212,
            0.7439745962619781,
            0.09852360002696514,
            -0.34111324697732925,
            0.22669654339551926,
            0.0
        ],
        [
            0.0,
            0.0,
            0.0,
            0.0,
            0.0,
            0.0,
            0.0,
            0.0
        ]
    ],
    "retrieved_0_prompt": "move the idli plate to the right",
    "retrieved_1_state": [
        -0.3211386203765869,
        1.0378040075302124,
        -0.16871054470539093,
        -1.148202896118164,
        -0.12222092598676682,
        1.982696294784546,
        0.019637130200862885,
        0.0
    ],