{
    "query_state": [
        -0.013562445528805256,
        0.15448647737503052,
        -0.021376825869083405,
        -2.4615561962127686,
        -0.11041320115327835,
        2.417783498764038,
        0.22139015793800354,
        0.0
    ],
    "query_prompt": "move the idli plate to the sink",
    "inference_time": true,
    "retrieved_0_state": [
        -0.03550688922405243,
        0.15886856615543365,
        -0.01120989304035902,
        -2.459336996078491,
        -0.06928355246782303,
        2.477942705154419,
        -0.11773494631052017,
        0.0
    ],
    "retrieved_0_actions": [
        [
            0.36943163722753525,
            -0.006794229266233742,
            0.3836393356323242,
            -0.187027920037508,
            0.3074624016880989,
            0.20460419356822968,
            0.20955907180905342,
            0.0
        ],
        [
            0.38276132196187973,
            0.03953403327614069,
            0.38781747221946716,
            -0.12407276779413223,
            0.37118256092071533,
            0.2107863500714302,
            0.19942855462431908,
            0.0
        ],
        [
            0.3843618556857109,
            0.14113763347268105,
            0.3826668858528137,
            -0.04849751479923725,
            0.3766503557562828,
            0.22972209379076958,
            0.2113473229110241,
            0.0
        ],
        [
            0.34382808953523636,
            0.1916971243917942,
            0.3206966072320938,
            0.02961319638416171,
            0.2770869992673397,
            0.2192518301308155,
            0.21474897861480713,
            0.0
        ],
        [
            0.27987364679574966,
            0.18653389066457748,
            0.2480361983180046,
            0.08822537027299404,
            0.20964346826076508,
            0.17490625381469727,
            0.18383342772722244,
            0.0
        ],
        [
            0.18707798793911934,
            0.1371134351938963,
            0.15601676888763905,
            0.11433017440140247,
            0.1503870077431202,
            0.10429437272250652,
            0.14045602641999722,
            0.0
        ],
        [
            0.0,
            0.0,
            0.0,
            0.0,
            0.0,
            0.0,
            0.0,
            0.0
        ],
        [
            0.0,
            0.0,
            0.0,
            0.0,
            0.0,
            0.0,
            0.0,
            0.0
        ],
        [
            0.0,
            0.0,
            0.0,
            0.0,
            0.0,
            0.0,
            0.0,
            0.0
        ],
        [
            0.0,
            0.0,
            0.0,
            0.0,
            0.0,
            0.0,
            0.0,
            0.0
        ],
        [
            0.0,
            0.0,
            0.0,
            0.0,
            0.0,
            0.0,
            0.0,
            0.0
        ],
        [
            0.0,
            0.0,
            0.0,
            0.0,
            0.0,
            0.0,
            0.0,
            0.0
        ],
        [
            0.0,
            0.0,
            0.0,
            0.0,
            0.0,
            0.0,
            0.0,
            0.0
        ],
        [
            0.0,
            0.0,
            0.0,
            0.0,
            0.0,
            0.0,
            0.0,
            0.0
        ],
        [
            0.0,
            0.0,
            0.0,
            0.0,
            0.0,
            0.0,
            0.0,
            0.0
        ]
    ],
    "retrieved_0_prompt": "move the idli plate to the sink",
    "retrieved_1_state": [
        -0.021415168419480324,
        0.1413702517747879,
        0.0162372924387455,
        -2.487718105316162,
        -0.05854159593582153,
        2.487070083618164,
        -0.11964896321296692,
        0.0
    ],
    "retrieved_1_actions": [
        [
            0.38276132196187973,
            0.03953403327614069,
            0.38781747221946716,
            -0.12407276779413223,
            0.37118256092071533,
            0.2107863500714302,
            0.19942855462431908,
            0.0
        ],
        [
            0.3843618556857109,
            0.14113763347268105,
            0.3826668858528137,
            -0.04849751479923725,
            0.3766503557562828,
            0.22972209379076958,
            0.2113473229110241,
            0.0
        ],
        [
            0.34382808953523636,
            0.1916971243917942,
            0.3206966072320938,
            0.02961319638416171,
            0.2770869992673397,
            0.2192518301308155,
            0.21474897861480713,
            0.0
        ],
        [
            0.27987364679574966,
            0.18653389066457748,
            0.2480361983180046,
            0.08822537027299404,
            0.20964346826076508,
            0.17490625381469727,
            0.18383342772722244,
            0.0
        ],
        [
            0.18707798793911934,
            0.1371134351938963,
            0.15601676888763905,
            0.11433017440140247,
            0.1503870077431202,
            0.10429437272250652,
            0.14045602641999722,
            0.0
        ],
        [
            0.0,
            0.0,
            0.0,
            0.0,
            0.0,
            0.0,
            0.0,
            0.0
        ],
        [
            0.0,
            0.0,
            0.0,
            0.0,
            0.0,
            0.0,
            0.0,
            0.0
        ],
        [
            0.0,
            0.0,
            0.0,
            0.0,
            0.0,
            0.0,
            0.0,
            0.0
        ],
        [
            0.0,
            0.0,
            0.0,
            0.0,
            0.0,
            0.0,
            0.0,
            0.0
        ],
        [
            0.0,
            0.0,
            0.0,
            0.0,
            0.0,
            0.0,
            0.0,
            0.0
        ],
        [
            0.0,
            0.0,
            0.0,
            0.0,
            0.0,
            0.0,
            0.0,
            0.0
        ],
        [
            0.0,
            0.0,
            0.0,
            0.0,
            0.0,
            0.0,
            0.0,
            0.0
        ],
        [
            0.0,
            0.0,
            0.0,
            0.0,
            0.0,
            0.0,
            0.0,
            0.0
        ],
        [
            0.0,
            0.0,
            0.0,
            0.0,
            0.0,
            0.0,
            0.0,
            0.0
        ],
        [
            0.0,
            0.0,
            0.0,
            0.0,
            0.0,
            0.0,
            0.0,
            0.0
        ]
    ],
    "retrieved_1_prompt": "move the idli plate to the sink",
    "retrieved_2_state": [
        -0.0147977564483881,
        0.16277801990509033,
        -0.024352889508008957,
        -2.4989688396453857,
        -0.04750066250562668,
        2.598888635635376,
        0.04775390774011612,
        0.0
    ],