{
    "query_state": [
        -0.006891146767884493,
        -0.0198865607380867,
        0.005658576264977455,
        -2.5054664611816406,
        -0.0698990523815155,
        2.3355672359466553,
        0.16541099548339844,
        0.0
    ],
    "query_prompt": "move the idli plate to the sink",
    "inference_time": true,
    "retrieved_0_state": [
        -0.045953694730997086,
        -0.018564501777291298,
        -0.04446731135249138,
        -2.50288462638855,
        -0.07940040528774261,
        2.415745258331299,
        0.0018397857202216983,
        0.0
    ],
    "retrieved_0_actions": [
        [
            -0.01689136610366404,
            0.4389956220984459,
            -0.01610389444977045,
            0.23491395637392998,
            0.13955729082226753,
            0.14369184151291847,
            -0.1629655621945858,
            0.0
        ],
        [
            -0.028816091362386942,
            0.3474244475364685,
            -0.01595594803802669,
            0.23339414969086647,
            0.09827349334955215,
            0.08726807311177254,
            -0.18930763006210327,
            0.0
        ],
        [
            -0.04812875762581825,
            0.2942388132214546,
            -0.026527761947363615,
            0.21417733281850815,
            0.051252562552690506,
            0.09544010274112225,
            -0.23014085367321968,
            0.0
        ],
        [
            -0.06183507386595011,
            0.23597339168190956,
            -0.031969607807695866,
            0.17696848139166832,
            0.019694427028298378,
            0.10207354091107845,
            -0.24790219962596893,
            0.0
        ],
        [
            -0.05587032064795494,
            0.1687268167734146,
            -0.012603870127350092,
            0.1258278638124466,
            0.02828519092872739,
            0.08181367069482803,
            -0.25030147284269333,
            0.0
        ],
        [
            -0.013270279159769416,
            0.07733813486993313,
            0.028565467800945044,
            0.01930941012687981,
            0.013834460405632854,
            0.07304418832063675,
            -0.23237459361553192,
            0.0
        ],
        [
            0.025405969936400652,
            -0.003680693043861538,
            0.07275083102285862,
            -0.10536758229136467,
            0.015174448490142822,
            0.10286672972142696,
            -0.22104136645793915,
            0.0
        ],
        [
            0.066167744807899,
            -0.08036776445806026,
            0.11615721508860588,
            -0.24833682924509048,
            0.04145919345319271,
            0.16910310834646225,
            -0.1947605237364769,
            0.0
        ],
        [
            0.08143238723278046,
            -0.14919234439730644,
            0.14215405099093914,
            -0.3395262733101845,
            0.10475587099790573,
            0.1889720931649208,
            -0.18323857337236404,
            0.0
        ],
        [
            0.0980054959654808,
            -0.2540995180606842,
            0.16974559053778648,
            -0.4333614557981491,
            0.17707457765936852,
            0.18726583570241928,
            -0.19151268526911736,
            0.0
        ],
        [
            0.36943163722753525,
            -0.006794229266233742,
            0.3836393356323242,
            -0.187027920037508,
            0.3074624016880989,
            0.20460419356822968,
            0.20955907180905342,
            0.0
        ],
        [
            0.38276132196187973,
            0.03953403327614069,
            0.38781747221946716,
            -0.12407276779413223,
            0.37118256092071533,
            0.2107863500714302,
            0.19942855462431908,
            0.0
        ],
        [
            0.3843618556857109,
            0.14113763347268105,
            0.3826668858528137,
            -0.04849751479923725,
            0.3766503557562828,
            0.22972209379076958,
            0.2113473229110241,
            0.0
        ],
        [
            0.34382808953523636,
            0.1916971243917942,
            0.3206966072320938,
            0.02961319638416171,
            0.2770869992673397,
            0.2192518301308155,
            0.21474897861480713,
            0.0
        ],
        [
            0.27987364679574966,
            0.18653389066457748,
            0.2480361983180046,
            0.08822537027299404,
            0.20964346826076508,
            0.17490625381469727,
            0.18383342772722244,
            0.0
        ]
    ],
    "retrieved_0_prompt": "move the idli plate to the sink",
    "retrieved_1_state": [
        0.0019519161432981491,
        0.006696521770209074,
        -0.008535556495189667,
        -2.4588382244110107,
        0.0234196949750185,
        2.4646806716918945,
        -0.04671534523367882,
        0.0
    ],