{
    "query_state": [
        -0.33998072147369385,
        0.6289428472518921,
        -0.003493478987365961,
        -1.831164002418518,
        0.23634125292301178,
        2.197873115539551,
        -0.21049028635025024,
        0.0
    ],
    "query_prompt": "move the idli plate to the right",
    "inference_time": true,
    "retrieved_0_state": [
        -0.28675469756126404,
        0.5943509340286255,
        -0.04085671529173851,
        -2.0687267780303955,
        0.12652795016765594,
        2.4355335235595703,
        -0.10071445256471634,
        0.0
    ],
    "retrieved_0_actions": [
        [
            -0.19038261845707893,
            0.18340008333325386,
            -0.07206972222775221,
            0.19875451922416687,
            0.22247515618801117,
            -0.06771900691092014,
            -0.20632093772292137,
            0.0
        ],
        [
            -0.20110392943024635,
            0.2080954983830452,
            -0.06352225784212351,
            0.250387080013752,
            0.23555252701044083,
            -0.10905721224844456,
            -0.22355742752552032,
            0.0
        ],
        [
            -0.20488031208515167,
            0.23426976054906845,
            -0.05783519707620144,
            0.3074624761939049,
            0.24826554581522942,
            -0.1529887691140175,
            -0.22055227309465408,
            0.0
        ],
        [
            -0.20285028964281082,
            0.25730593129992485,
            -0.05330601707100868,
            0.3524806350469589,
            0.2534658648073673,
            -0.19749969244003296,
            -0.21218758076429367,
            0.0
        ],
        [
            -0.18817562609910965,
            0.27258627116680145,
            -0.0523769436404109,
            0.3772895783185959,
            0.24795781821012497,
            -0.2261451818048954,
            -0.1897577941417694,
            0.0
        ],
        [
            -0.1751312054693699,
            0.28834883123636246,
            -0.05523366387933493,
            0.39099961519241333,
            0.24379152804613113,
            -0.23018721491098404,
            -0.1763606257736683,
            0.0
        ],
        [
            -0.1526210457086563,
            0.2994524873793125,
            -0.05701263900846243,
            0.39218179881572723,
            0.23023122921586037,
            -0.21392498165369034,
            -0.161325354129076,
            0.0
        ],
        [
            -0.1330137439072132,
            0.2930362895131111,
            -0.05376233719289303,
            0.38812946528196335,
            0.22537009790539742,
            -0.2102113887667656,
            -0.15146439895033836,
            0.0
        ],
        [
            -0.12908216565847397,
            0.2989363484084606,
            -0.05560959689319134,
            0.39392855018377304,
            0.22942528128623962,
            -0.20091267302632332,
            -0.144242774695158,
            0.0
        ],
        [
            -0.12353449128568172,
            0.3019360825419426,
            -0.05671555642038584,
            0.3985205665230751,
            0.2329862304031849,
            -0.19334962591528893,
            -0.12999947182834148,
            0.0
        ],
        [
            -0.13384420424699783,
            0.2900422550737858,
            -0.05689532030373812,
            0.40247078984975815,
            0.24104950949549675,
            -0.18794124945998192,
            -0.12195912189781666,
            0.0
        ],
        [
            -0.13854154385626316,
            0.2679360471665859,
            -0.05887342616915703,
            0.39755742996931076,
            0.2385716512799263,
            -0.18606986850500107,
            -0.10919350199401379,
            0.0
        ],
        [
            -0.1461264956742525,
            0.2560651861131191,
            -0.06381191778928041,
            0.4032736271619797,
            0.23541729897260666,
            -0.2023656666278839,
            -0.09585299529135227,
            0.0
        ],
        [
            -0.13529728166759014,
            0.2458946406841278,
            -0.06949021015316248,
            0.392918698489666,
            0.2212793566286564,
            -0.18303558230400085,
            -0.07539444137364626,
            0.0
        ],
        [
            -0.15919502824544907,
            0.25263383984565735,
            -0.06902763154357672,
            0.424780510365963,
            0.22126434370875359,
            -0.20158316940069199,
            -0.048284041695296764,
            0.0
        ]
    ],
    "retrieved_0_prompt": "move the idli plate to the right",
    "retrieved_1_state": [
        -0.3291085958480835,
        0.6020544171333313,
        -0.051331400871276855,
        -2.056638240814209,
        0.14355191588401794,
        2.43408203125,
        -0.10958929359912872,
        0.0
    ],