{
    "query_state": [
        -0.007505750749260187,
        -0.5960239171981812,
        -0.0031010061502456665,
        -2.4957027435302734,
        -0.020284952595829964,
        1.8704484701156616,
        -0.015216907486319542,
        0.0
    ],
    "query_prompt": "move the idli plate to the right",
    "inference_time": true,
    "retrieved_0_state": [
        -0.005977913737297058,
        -0.5969006419181824,
        0.0005258307792246342,
        -2.498213529586792,
        0.004292504396289587,
        1.8683606386184692,
        0.013575036078691483,
        0.0
    ],
    "retrieved_0_actions": [
        [
            0.000532910598849412,
            0.0020971181220375,
            -0.001709565840428695,
            0.009418510599061847,
            -0.0005552156653720886,
            -0.011261445470154285,
            -0.0011654199624899775,
            0.0
        ],
        [
            -0.007481590728275478,
            0.16470996662974358,
            -0.004871120909228921,
            0.023342338390648365,
            0.03821764374151826,
            0.013677491806447506,
            0.05159011576324701,
            0.0
        ],
        [
            -0.0010865727381315082,
            0.001841033372329548,
            -0.00031439412850886583,
            0.008530104532837868,
            0.0001947093005583156,
            -0.010313991224393249,
            -0.0018928789359051734,
            0.0
        ],
        [
            -0.04195526707917452,
            0.27821796014904976,
            -0.01793590490706265,
            -0.15219288878142834,
            -0.021569295786321163,
            0.43327227234840393,
            0.03177903359755874,
            0.0
        ],
        [
            -0.08556671440601349,
            0.5832511186599731,
            -0.054198214784264565,
            -0.2451639622449875,
            -0.024162877816706896,
            0.7224537432193756,
            0.05868157371878624,
            0.0
        ],
        [
            -0.10717632248997688,
            0.7321114838123322,
            -0.05322531796991825,
            -0.1878371275961399,
            -0.07352822460234165,
            0.7732831686735153,
            0.061797983944416046,
            0.0
        ],
        [
            -0.11477917432785034,
            0.8795805275440216,
            -0.06099140737205744,
            -0.01485629822127521,
            -0.11311748065054417,
            0.6920290738344193,
            0.04392797127366066,
            0.0
        ],
        [
            -0.09906676597893238,
            0.9934507310390472,
            -0.07195294834673405,
            0.14888804405927658,
            -0.13469780795276165,
            0.6528647989034653,
            -0.0007158095831982791,
            0.0
        ],
        [
            -0.06516811437904835,
            0.9990095347166061,
            -0.07641959469765425,
            0.2954668924212456,
            -0.11590206995606422,
            0.5442436784505844,
            -0.0387118267826736,
            0.0
        ],
        [
            -0.03244610968977213,
            0.998183935880661,
            -0.06097291596233845,
            0.4554707184433937,
            -0.09971100836992264,
            0.40069572627544403,
            -0.04640554077923298,
            0.0
        ],
        [
            -0.002699849719647318,
            0.9620895236730576,
            -0.04743020050227642,
            0.5657929182052612,
            -0.07231054827570915,
            0.23633811622858047,
            -0.05175765138119459,
            0.0
        ],
        [
            0.018215355230495334,
            0.9122070670127869,
            -0.03557432210072875,
            0.6103821843862534,
            -0.04581118933856487,
            0.13131682761013508,
            -0.06969557143747807,
            0.0
        ],
        [
            0.02646887442097068,
            0.8776047080755234,
            -0.025348139461129904,
            0.6377030909061432,
            -0.03984239883720875,
            0.0991146732121706,
            -0.12664318084716797,
            0.0
        ],
        [
            0.0328195421025157,
            0.8288580179214478,
            -0.02278379164636135,
            0.6795461475849152,
            -0.04757341928780079,
            0.02825126051902771,
            -0.10906639508903027,
            0.0
        ],
        [
            0.04113391973078251,
            0.7328662276268005,
            -0.022265827283263206,
            0.6761641800403595,
            -0.05129828583449125,
            -0.047411476261913776,
            -0.08517300710082054,
            0.0
        ]
    ],
    "retrieved_0_prompt": "move the idli plate to the right",
    "retrieved_1_state": [
        -0.006165455561131239,
        -0.5703216791152954,
        0.0004748598439618945,
        -2.498514175415039,
        0.004296969156712294,
        1.8681206703186035,
        0.018573157489299774,
        0.0
    ],