{
    "query_state": [
        -0.06344935297966003,
        0.19254527986049652,
        -0.05279918015003204,
        -2.079373359680176,
        -0.05479395389556885,
        2.192605495452881,
        0.0237143412232399,
        0.0
    ],
    "query_prompt": "move the idli plate to the right",
    "inference_time": true,
    "retrieved_0_state": [
        -0.042329493910074234,
        0.5544641613960266,
        -0.07079341262578964,
        -1.9219889640808105,
        -0.10365257412195206,
        2.526010513305664,
        0.053109750151634216,
        0.0
    ],
    "retrieved_0_actions": [
        [
            0.03822069149464369,
            0.3594991937279701,
            -0.01304376288317144,
            0.49566686153411865,
            0.06132822949439287,
            -0.17889918759465218,
            0.03361845854669809,
            0.0
        ],
        [
            0.01673612743616104,
            0.3732896223664284,
            0.0037292754859663546,
            0.4766399413347244,
            0.08560489863157272,
            -0.1491937506943941,
            0.011193895479664207,
            0.0
        ],
        [
            0.020980434492230415,
            0.35563472658395767,
            0.0033857341622933745,
            0.43997615575790405,
            0.07981295697391033,
            -0.13976492919027805,
            0.008029940072447062,
            0.0
        ],
        [
            0.03703364636749029,
            0.3182287886738777,
            0.01103257411159575,
            0.3690209984779358,
            0.07687749806791544,
            -0.13027732260525227,
            0.010936048347502947,
            0.0
        ],
        [
            0.05094649735838175,
            0.2597779221832752,
            0.01631322898901999,
            0.2906334772706032,
            0.07508511655032635,
            -0.130159305408597,
            0.0101104483474046,
            0.0
        ],
        [
            0.051985546015203,
            0.22016089409589767,
            0.016041493508964777,
            0.23860512301325798,
            0.07567696738988161,
            -0.12049312703311443,
            0.0064091000240296125,
            0.0
        ],
        [
            0.03735322039574385,
            0.2040283940732479,
            0.009847822366282344,
            0.23695314303040504,
            0.0751269981265068,
            -0.11852089315652847,
            -0.005578401032835245,
            0.0
        ],
        [
            0.02546677365899086,
            0.005300020566210151,
            -0.028530422132462263,
            0.009475370752625167,
            0.03609625156968832,
            -0.006708268774673343,
            -0.024188910610973835,
            0.0
        ],
        [
            0.011477555381134152,
            -0.04182307980954647,
            -0.01102212117984891,
            -0.0805868860334158,
            0.03234254661947489,
            0.07416876498609781,
            -0.06103613879531622,
            0.0
        ],
        [
            -0.03382199676707387,
            -0.02427684608846903,
            0.017229007789865136,
            -0.10676374658942223,
            0.04819515161216259,
            0.15976518392562866,
            -0.12248333543539047,
            0.0
        ],
        [
            -0.08583254180848598,
            0.08497022092342377,
            0.04788734018802643,
            -0.02854133490473032,
            0.07683529518544674,
            0.17606116831302643,
            -0.1750498078763485,
            0.0
        ],
        [
            -0.11228580959141254,
            0.17899412661790848,
            0.04256104584783316,
            0.05837543401867151,
            0.09973414242267609,
            0.12424301356077194,
            -0.16316208988428116,
            0.0
        ],
        [
            -0.1581084169447422,
            0.2091275155544281,
            0.0382423959672451,
            0.1062964927405119,
            0.1315070129930973,
            0.07919255644083023,
            -0.16887983307242393,
            0.0
        ],
        [
            -0.21838661283254623,
            0.23547383025288582,
            0.013996941270306706,
            0.15934361144900322,
            0.16272053122520447,
            0.07476575206965208,
            -0.16902636736631393,
            0.0
        ],
        [
            -0.26089008897542953,
            0.2706488408148289,
            -0.003495026903692633,
            0.21628130227327347,
            0.18666384741663933,
            0.05698570515960455,
            -0.17510712146759033,
            0.0
        ]
    ],
    "retrieved_0_prompt": "move the idli plate to the right",
    "retrieved_1_state": [
        -0.026712728664278984,
        0.16983211040496826,
        -0.013884478248655796,
        -2.254574775695801,
        0.026323826983571053,
        2.455200433731079,
        -0.02515537105500698,
        0.0
    ],