{
    "query_state": [
        0.06301427632570267,
        0.5065473914146423,
        0.06796861439943314,
        -1.7799280881881714,
        -0.11351140588521957,
        2.0613853931427,
        -0.33067718148231506,
        0.0
    ],
    "query_prompt": "open the door of the bottom shelf",
    "inference_time": true,
    "retrieved_0_state": [
        0.05778202414512634,
        0.4943428635597229,
        0.01757531240582466,
        -1.6933369636535645,
        0.007124355062842369,
        2.380315065383911,
        -0.018700895830988884,
        0.370044038190098
    ],
    "retrieved_0_actions": [
        [
            0.08271733298897743,
            0.11713916435837746,
            -0.05959907080978155,
            0.06339636631309986,
            -0.16152940690517426,
            0.2653120644390583,
            0.23210207000374794,
            0.03634360306743034
        ],
        [
            0.10134955868124962,
            0.1816733181476593,
            -0.09725566953420639,
            0.1279167179018259,
            -0.21870149299502373,
            0.25743965059518814,
            0.24808643385767937,
            0.0
        ],
        [
            0.11176323518157005,
            0.20835159346461296,
            -0.12033356353640556,
            0.140822883695364,
            -0.23776747286319733,
            0.24850474670529366,
            0.2533036097884178,
            0.0
        ],
        [
            0.10974645614624023,
            0.23042744025588036,
            -0.12672021985054016,
            0.15365205705165863,
            -0.21326957270503044,
            0.22644974291324615,
            0.24483321234583855,
            0.0
        ],
        [
            0.10562240146100521,
            0.22601762786507607,
            -0.12543645687401295,
            0.15403661876916885,
            -0.1814308576285839,
            0.190188717097044,
            0.23055773228406906,
            0.0
        ],
        [
            0.09072618559002876,
            0.18152954056859016,
            -0.10104919783771038,
            0.12678895145654678,
            -0.12761175632476807,
            0.140842879191041,
            0.19119437783956528,
            0.25
        ],
        [
            0.08957141079008579,
            0.11983782984316349,
            -0.09209835901856422,
            0.09181655943393707,
            -0.10718481615185738,
            0.11733865365386009,
            0.1792406477034092,
            0.31167397714705347
        ],
        [
            0.08130595088005066,
            0.04662479739636183,
            -0.07859011180698872,
            0.05134721752256155,
            -0.08986902423202991,
            0.10696711018681526,
            0.15331590548157692,
            0.4438326373468501
        ],
        [
            0.06883264519274235,
            -0.02692177426069975,
            -0.06586594972759485,
            -0.005857651703990996,
            -0.0805556308478117,
            0.12019517831504345,
            0.11994201689958572,
            0.5892070496165712
        ],
        [
            0.053586168214678764,
            -0.07507809437811375,
            -0.052885073237121105,
            -0.0631119403988123,
            -0.07090701721608639,
            0.13847995549440384,
            0.08924617432057858,
            0.7081497824386661
        ],
        [
            0.03137771273031831,
            -0.09877292439341545,
            -0.029282269533723593,
            -0.09518464095890522,
            -0.043873065151274204,
            0.12992825359106064,
            0.057309456169605255,
            0.849118929409431
        ],
        [
            0.03027664264664054,
            -0.10552155785262585,
            -0.025527323596179485,
            -0.10729152709245682,
            -0.0397668220102787,
            0.11543156579136848,
            0.048440033569931984,
            0.9636563969325698
        ],
        [
            0.02475945744663477,
            -0.10723470710217953,
            -0.0257717352360487,
            -0.11027383618056774,
            -0.04417975898832083,
            0.10224724188446999,
            0.03302070777863264,
            0.9482378862107022
        ],
        [
            0.020472458563745022,
            -0.11874286457896233,
            -0.019161630189046264,
            -0.14859288930892944,
            -0.045002931728959084,
            0.0863457191735506,
            0.015261471271514893,
            0.9416299553920596
        ],
        [
            0.014016779605299234,
            -0.16357164829969406,
            -0.013716500252485275,
            -0.25985633954405785,
            -0.04076441749930382,
            0.07055924739688635,
            0.005952606443315744,
            0.9416299553920596
        ]
    ],
    "retrieved_0_prompt": "open the door of the bottom shelf",
    "retrieved_1_state": [
        0.06523173302412033,
        0.3170771598815918,
        0.10052736848592758,
        -2.0607638359069824,
        -0.02832876518368721,
        2.6828854084014893,
        -0.16239090263843536,
        0.6519823759585719
    ],