{
    "query_state": [
        0.08859764039516449,
        0.1425594687461853,
        0.0726817324757576,
        -2.0177788734436035,
        -0.050897181034088135,
        2.064455032348633,
        -0.21939407289028168,
        0.0
    ],
    "query_prompt": "open the door of the bottom shelf",
    "inference_time": true,
    "retrieved_0_state": [
        0.11545631289482117,
        0.2410668581724167,
        0.11924433708190918,
        -2.1365115642547607,
        -0.037421829998493195,
        2.448446750640869,
        -0.357832670211792,
        0.0
    ],
    "retrieved_0_actions": [
        [
            0.009735306957736611,
            0.3379844129085541,
            0.09908368811011314,
            0.39318349212408066,
            -0.0866857822984457,
            0.048402934335172176,
            -0.012052764650434256,
            0.0
        ],
        [
            0.0038387745735235512,
            0.2612893655896187,
            0.10901486501097679,
            0.3389030322432518,
            -0.03830908564850688,
            0.07386477198451757,
            -0.016923747025430202,
            0.0
        ],
        [
            0.009213960729539394,
            0.16298620030283928,
            0.11629809625446796,
            0.2677682600915432,
            -0.017697158036753535,
            0.12008127756416798,
            -0.00242277659708634,
            0.0
        ],
        [
            0.018966937204822898,
            0.04560191184282303,
            0.11760969646275043,
            0.1725797913968563,
            -0.007288606138899922,
            0.20564114674925804,
            0.032076460774987936,
            0.0
        ],
        [
            0.012511597014963627,
            -0.08311629295349121,
            0.1234153751283884,
            0.06181966979056597,
            0.02826571697369218,
            0.30317341908812523,
            0.03628436243161559,
            0.0
        ],
        [
            0.0029061149689368904,
            -0.18131503835320473,
            0.12197846546769142,
            -0.02714828122407198,
            0.057065184228122234,
            0.35394012928009033,
            0.03651607781648636,
            0.0
        ],
        [
            0.0037895329296588898,
            -0.24751771241426468,
            0.10425420477986336,
            -0.11098122224211693,
            0.060507990419864655,
            0.3912215307354927,
            0.07865715771913528,
            0.0
        ],
        [
            0.011933483183383942,
            -0.25381674990057945,
            0.0774248968809843,
            -0.16119718551635742,
            0.04039904102683067,
            0.41891124099493027,
            0.12972195632755756,
            0.0
        ],
        [
            0.014692896511405706,
            -0.22579334676265717,
            0.060192933306097984,
            -0.1821703463792801,
            0.04209871403872967,
            0.399048775434494,
            0.15677990391850471,
            0.0
        ],
        [
            0.004062786174472421,
            -0.1710592582821846,
            0.059611834585666656,
            -0.16457350924611092,
            0.07543278858065605,
            0.311844814568758,
            0.11551429517567158,
            0.25
        ],
        [
            -0.006305159768089652,
            -0.12866047210991383,
            0.053161997348070145,
            -0.1593717560172081,
            0.10745679028332233,
            0.2461610920727253,
            0.10233300738036633,
            0.3072687556750414
        ],
        [
            -0.02700851298868656,
            -0.1119033433496952,
            0.06095736287534237,
            -0.15904394909739494,
            0.16636431217193604,
            0.1867443509399891,
            0.0729828979820013,
            0.4438326373468501
        ],
        [
            -0.058107124641537666,
            -0.11230621486902237,
            0.07299215067178011,
            -0.16517776995897293,
            0.23345861583948135,
            0.12934050522744656,
            0.028938667383044958,
            0.5715859007668576
        ],
        [
            -0.07944708690047264,
            -0.1107484009116888,
            0.07448941934853792,
            -0.15529528260231018,
            0.258838701993227,
            0.0896614883095026,
            -0.0014067524170968682,
            0.6905286335889526
        ],
        [
            -0.09843965992331505,
            -0.10267354547977448,
            0.06465960759669542,
            -0.14215336181223392,
            0.2757534570991993,
            0.0564798666164279,
            -0.03626519348472357,
            0.8006607919861907
        ]
    ],
    "retrieved_0_prompt": "open the door of the bottom shelf",
    "retrieved_1_state": [
        0.11551136523485184,
        0.25399690866470337,
        0.12523160874843597,
        -2.124185800552368,
        -0.03914686292409897,
        2.452512741088867,
        -0.3591633439064026,
        0.0
    ],