{
    "query_state": [
        0.09897489100694656,
        0.156411275267601,
        0.15158982574939728,
        -2.151763439178467,
        0.009803042747080326,
        2.5415494441986084,
        -0.4088122844696045,
        0.026431767101514736
    ],
    "query_prompt": "open the door of the bottom shelf",
    "inference_time": true,
    "retrieved_0_state": [
        0.08125193417072296,
        0.2846558392047882,
        0.2498265504837036,
        -2.155989170074463,
        0.02840142697095871,
        2.7409982681274414,
        -0.4036303162574768,
        0.748898672718525
    ],
    "retrieved_0_actions": [
        [
            -0.10898487642407417,
            -0.021812194027006626,
            -0.004832737904507667,
            0.02585726324468851,
            0.07428673561662436,
            -0.06137882359325886,
            -0.08223778568208218,
            0.946035242604488
        ],
        [
            -0.08924037218093872,
            -0.12812617234885693,
            -0.07671202067285776,
            -0.09329943917691708,
            -0.006498103030025959,
            -0.17218759283423424,
            0.010329693323001266,
            0.9482378862107022
        ],
        [
            -0.10416199453175068,
            -0.26378294453024864,
            -0.12654192745685577,
            -0.25435926392674446,
            -0.04107878543436527,
            -0.3030497580766678,
            0.02897956408560276,
            0.9416299553920596
        ],
        [
            -0.1188025251030922,
            -0.5488624423742294,
            -0.23697543889284134,
            -0.6031439080834389,
            -0.14858645386993885,
            -0.4694746062159538,
            0.0957177672535181,
            0.9416299553920596
        ],
        [
            -0.11271018534898758,
            -0.7475737482309341,
            -0.28787752613425255,
            -0.7629973441362381,
            -0.22176126018166542,
            -0.5462681502103806,
            0.16883423551917076,
            0.9416299553920596
        ],
        [
            -0.0884508527815342,
            -0.8012545853853226,
            -0.29842982068657875,
            -0.7280196249485016,
            -0.27507077902555466,
            -0.583893358707428,
            0.2730659022927284,
            0.6504214553920596
        ],
        [
            0.0,
            0.0,
            0.0,
            0.0,
            0.0,
            0.0,
            0.0,
            0.6504214553920596
        ],
        [
            0.0,
            0.0,
            0.0,
            0.0,
            0.0,
            0.0,
            0.0,
            0.6504214553920596
        ],
        [
            0.0,
            0.0,
            0.0,
            0.0,
            0.0,
            0.0,
            0.0,
            0.6504214553920596
        ],
        [
            0.0,
            0.0,
            0.0,
            0.0,
            0.0,
            0.0,
            0.0,
            0.6504214553920596
        ],
        [
            0.0,
            0.0,
            0.0,
            0.0,
            0.0,
            0.0,
            0.0,
            0.6504214553920596
        ],
        [
            0.0,
            0.0,
            0.0,
            0.0,
            0.0,
            0.0,
            0.0,
            0.6504214553920596
        ],
        [
            0.0,
            0.0,
            0.0,
            0.0,
            0.0,
            0.0,
            0.0,
            0.6504214553920596
        ],
        [
            0.0,
            0.0,
            0.0,
            0.0,
            0.0,
            0.0,
            0.0,
            0.6504214553920596
        ],
        [
            0.0,
            0.0,
            0.0,
            0.0,
            0.0,
            0.0,
            0.0,
            0.6504214553920596
        ]
    ],
    "retrieved_0_prompt": "open the door of the bottom shelf",
    "retrieved_1_state": [
        0.11568359285593033,
        0.1921354979276657,
        0.16855284571647644,
        -2.1731138229370117,
        -0.03147910162806511,
        2.690345525741577,
        -0.32338887453079224,
        0.004405309125900536
    ],