{
    "query_state": [
        0.10973548144102097,
        0.24609331786632538,
        0.10175611823797226,
        -1.9438780546188354,
        -0.05557935684919357,
        2.182262420654297,
        -0.2530190348625183,
        0.0
    ],
    "query_prompt": "open the door of the bottom shelf",
    "inference_time": true,
    "retrieved_0_state": [
        0.12527932226657867,
        0.25675779581069946,
        0.1872842013835907,
        -2.136523485183716,
        -0.0001693273225100711,
        2.5493650436401367,
        -0.3128315508365631,
        0.7356828329947118
    ],
    "retrieved_0_actions": [
        [
            -0.10478636249899864,
            -0.23259373381733894,
            0.04829736892133951,
            -0.2552380971610546,
            0.11587957851588726,
            0.12124846689403057,
            -0.17270006239414215,
            1.0
        ],
        [
            -0.10897291824221611,
            -0.27712658047676086,
            0.028142735827714205,
            -0.2788273058831692,
            0.10797275230288506,
            0.07757315412163734,
            -0.16699371859431267,
            1.0
        ],
        [
            -0.09071230888366699,
            -0.32035671174526215,
            -0.008285035146400332,
            -0.2779189310967922,
            0.05028718616813421,
            -0.07361305877566338,
            -0.12718851678073406,
            0.7411894276295312
        ],
        [
            -0.06931350566446781,
            -0.306362546980381,
            -0.025131646543741226,
            -0.269908607006073,
            0.0038184761069715023,
            -0.05906269885599613,
            -0.130069674924016,
            0.6707048466113927
        ],
        [
            -0.03176289377734065,
            -0.2772054076194763,
            -0.016191673930734396,
            -0.2193307876586914,
            0.005091441562399268,
            0.03200231119990349,
            -0.08959904313087463,
            0.5473568320552373
        ],
        [
            0.010998958023265004,
            -0.22855006158351898,
            0.006363172433339059,
            -0.14032731764018536,
            0.01334087923169136,
            0.0640761898830533,
            -0.05489760544151068,
            0.42841409923314244
        ],
        [
            0.04192463122308254,
            -0.1729639433324337,
            0.02386715728789568,
            -0.08135336451232433,
            0.029417218174785376,
            0.0793309323489666,
            -0.023756432346999645,
            0.30947136641104755
        ],
        [
            0.07432930637151003,
            -0.13266731053590775,
            0.017529074102640152,
            -0.06155496463179588,
            -0.03133659716695547,
            0.12286785989999771,
            0.04782561678439379,
            0.1861233682899962
        ],
        [
            0.08651857264339924,
            -0.08036307990550995,
            0.019657923839986324,
            -0.05744165275245905,
            -0.058989180251955986,
            0.18672430887818336,
            0.0806831382215023,
            0.06718063546790132
        ],
        [
            0.08623311296105385,
            -0.03041282994672656,
            0.014410201692953706,
            -0.05948520265519619,
            -0.09584927931427956,
            0.25210242718458176,
            0.11209236457943916,
            0.0
        ],
        [
            0.08450252935290337,
            0.005515721859410405,
            -0.0019227592565584928,
            -0.0728808855637908,
            -0.16260594129562378,
            0.3239227831363678,
            0.1662195660173893,
            0.0
        ],
        [
            0.07365402765572071,
            0.03812410170212388,
            -0.021650297567248344,
            -0.09230479598045349,
            -0.21680863574147224,
            0.3709794953465462,
            0.2034670114517212,
            0.0
        ],
        [
            0.057419971562922,
            0.05398701410740614,
            -0.03441389184445143,
            -0.09974814020097256,
            -0.21601079031825066,
            0.3724733367562294,
            0.197024904191494,
            0.0
        ],
        [
            0.04650395829230547,
            0.0570023525506258,
            -0.04622766748070717,
            -0.1060893852263689,
            -0.20604008808732033,
            0.3980403393507004,
            0.18342934548854828,
            0.0
        ],
        [
            0.03871786640956998,
            0.05551541689783335,
            -0.0478521129116416,
            -0.10661646723747253,
            -0.182428527623415,
            0.418349988758564,
            0.16004469245672226,
            0.0
        ]
    ],
    "retrieved_0_prompt": "open the door of the bottom shelf",
    "retrieved_1_state": [
        0.11730420589447021,
        0.23666222393512726,
        0.187111496925354,
        -2.1662189960479736,
        -0.00015580699255224317,
        2.5602738857269287,
        -0.3187982141971588,
        0.9779735680466339
    ],