{
    "query_state": [
        0.013236448168754578,
        -0.5608885288238525,
        0.005204383283853531,
        -2.494384765625,
        -0.033222660422325134,
        1.903786301612854,
        0.03683112934231758,
        0.0
    ],
    "query_prompt": "pick up the poke ball and put it in the tray",
    "inference_time": true,
    "retrieved_0_state": [
        0.026078594848513603,
        -0.5935649275779724,
        -0.015256322920322418,
        -2.519989490509033,
        -0.0338553823530674,
        1.9257864952087402,
        0.028618307784199715,
        0.0
    ],
    "retrieved_0_actions": [
        [
            0.0015792525664437562,
            0.2248288132250309,
            0.0988219864666462,
            -0.13421005569398403,
            -0.08224673569202423,
            0.6803091615438461,
            -0.11362415738403797,
            0.0
        ],
        [
            0.019314653472974896,
            0.26195988059043884,
            0.10319413617253304,
            -0.15964537858963013,
            -0.09206118993461132,
            0.8096802979707718,
            -0.118841752409935,
            0.0
        ],
        [
            0.031430169474333525,
            0.30883584171533585,
            0.09361604228615761,
            -0.10901803150773048,
            -0.0654393620789051,
            0.8077871799468994,
            -0.09308856911957264,
            0.0
        ],
        [
            0.052223457023501396,
            0.3687882423400879,
            0.08504201658070087,
            -0.013053006259724498,
            -0.021193281281739473,
            0.7555358111858368,
            -0.0795192550867796,
            0.0
        ],
        [
            0.05269323941320181,
            0.40569115430116653,
            0.08946380577981472,
            0.05235194228589535,
            -0.018019620329141617,
            0.6680545955896378,
            -0.05844729021191597,
            0.0
        ],
        [
            0.055527789518237114,
            0.41843071579933167,
            0.08640254847705364,
            0.10701905936002731,
            -0.036763541866093874,
            0.51773801445961,
            -0.09073383174836636,
            0.0
        ],
        [
            -0.012001622235402465,
            -0.0025623402325436473,
            0.012905891053378582,
            0.0068394828122109175,
            0.008709531393833458,
            -0.01331383129581809,
            -0.006261434173211455,
            0.0
        ],
        [
            -0.05936023313552141,
            0.1978859305381775,
            0.06414493080228567,
            -0.04543201997876167,
            -0.05492507480084896,
            0.29685454443097115,
            0.15276459977030754,
            0.0
        ],
        [
            -0.20384863018989563,
            0.4702094942331314,
            0.1705682836472988,
            -0.08724479004740715,
            -0.30779384076595306,
            0.635284036397934,
            0.41094880551099777,
            0.0
        ],
        [
            -0.21628772839903831,
            0.593305379152298,
            0.15798930078744888,
            -0.05858424585312605,
            -0.3292587399482727,
            0.7589821517467499,
            0.3818086162209511,
            0.0
        ],
        [
            -0.15049681067466736,
            0.7199252396821976,
            0.0903068296611309,
            0.043940446339547634,
            -0.2273477427661419,
            0.8129791915416718,
            0.2102898806333542,
            0.0
        ],
        [
            -0.15976568683981895,
            0.8072624355554581,
            0.07238191086798906,
            0.18008802086114883,
            -0.31238868832588196,
            0.7593666762113571,
            0.197695754468441,
            0.0
        ],
        [
            -0.16821833327412605,
            0.826324075460434,
            0.036398363299667835,
            0.3029768168926239,
            -0.5101575329899788,
            0.636565163731575,
            0.3168967738747597,
            0.0
        ],
        [
            -0.12025279924273491,
            0.822129100561142,
            -0.08362534455955029,
            0.43527930974960327,
            -0.7309836894273758,
            0.48833828419446945,
            0.4287388175725937,
            0.0
        ],
        [
            0.05480192136019468,
            0.7713111490011215,
            -0.27958473190665245,
            0.5563836917281151,
            -0.7097355276346207,
            0.32248251140117645,
            0.412108413875103,
            0.0
        ]
    ],
    "retrieved_0_prompt": "pick up the poke ball and put it in the tray",
    "retrieved_1_state": [
        0.026006394997239113,
        -0.6012099981307983,
        -0.01768314093351364,
        -2.5190505981445312,
        -0.030150597915053368,
        1.9083220958709717,
        0.030186926946043968,
        0.0
    ],