{
    "query_state": [
        0.13855595886707306,
        0.5840867161750793,
        0.026365820318460464,
        -1.7437626123428345,
        -0.055227130651474,
        2.1224558353424072,
        0.3113909959793091,
        0.0
    ],
    "query_prompt": "pick up the poke ball and put it in the tray",
    "inference_time": true,
    "retrieved_0_state": [
        0.06810519844293594,
        0.5156729817390442,
        0.09521756321191788,
        -1.9356224536895752,
        -0.027307692915201187,
        2.7140142917633057,
        0.007817378267645836,
        0.0
    ],
    "retrieved_0_actions": [
        [
            0.05336643196642399,
            0.45005492866039276,
            0.017400378128513694,
            0.4705571010708809,
            0.07889880798757076,
            -0.05235011223703623,
            -0.06720971316099167,
            0.0
        ],
        [
            0.07466101553291082,
            0.40343549102544785,
            -0.008439820376224816,
            0.4437125474214554,
            0.04519444424659014,
            -0.09056893177330494,
            -0.046980478800833225,
            0.0
        ],
        [
            0.07892866618931293,
            0.32099757343530655,
            -0.016489706467837095,
            0.3971964865922928,
            0.02705326769500971,
            -0.11362778022885323,
            -0.04624925088137388,
            0.25
        ],
        [
            0.07262489758431911,
            0.2086375281214714,
            -0.02508731558918953,
            0.32680120319128036,
            0.021896930411458015,
            -0.13021842576563358,
            -0.03820831188932061,
            0.31167397714705347
        ],
        [
            0.04775367211550474,
            0.09115267544984818,
            -0.014620170695707202,
            0.22394925355911255,
            0.02883761888369918,
            -0.14473192393779755,
            -0.05560276564210653,
            0.43942732822094954
        ],
        [
            0.0035761581966653466,
            -0.09107875637710094,
            -0.0010286828182870522,
            0.011897963704541326,
            0.028669764287769794,
            -0.10635468177497387,
            -0.1047311071306467,
            0.5539647519171439
        ],
        [
            -0.032792866695672274,
            -0.27640171349048615,
            0.01199252437800169,
            -0.17934909090399742,
            0.03783604595810175,
            -0.10475931689143181,
            -0.1311181765049696,
            0.6596916450154258
        ],
        [
            -0.08395392447710037,
            -0.49690138548612595,
            0.033839226234704256,
            -0.3933615982532501,
            0.05689358338713646,
            -0.12141785584390163,
            -0.16671625897288322,
            0.7610132289878071
        ],
        [
            -0.08527788333594799,
            -0.6969566643238068,
            -0.0402681203559041,
            -0.5750814080238342,
            0.04250986501574516,
            -0.1843443140387535,
            -0.0905323401093483,
            0.8579295038342878
        ],
        [
            -0.10693005286157131,
            -0.7877544313669205,
            -0.0853447150439024,
            -0.6351868063211441,
            0.04951118491590023,
            -0.23648353293538094,
            -0.04531456623226404,
            0.8755506526840016
        ],
        [
            -0.0823391042649746,
            -0.8252973109483719,
            -0.23091835901141167,
            -0.6842806190252304,
            -0.04205584526062012,
            -0.2126648835837841,
            0.06145171821117401,
            0.9063876631710004
        ],
        [
            -0.08885283954441547,
            -0.7704904675483704,
            -0.308407936245203,
            -0.6886736303567886,
            -0.12627110816538334,
            -0.1439336035400629,
            0.13300882652401924,
            0.9107929503834288
        ],
        [
            -0.09338034316897392,
            -0.6573560833930969,
            -0.3389658033847809,
            -0.634893998503685,
            -0.23310009390115738,
            -0.08952987380325794,
            0.18737899139523506,
            0.9151982375958572
        ],
        [
            -0.10267150588333607,
            -0.5292201787233353,
            -0.3279837965965271,
            -0.5520087108016014,
            -0.310699250549078,
            -0.05208037793636322,
            0.2308700792491436,
            0.9151982375958572
        ],
        [
            -0.10871373116970062,
            -0.4106704518198967,
            -0.30064724385738373,
            -0.46188995242118835,
            -0.35636328160762787,
            -0.05234330426901579,
            0.270211361348629,
            0.9151982375958572
        ]
    ],
    "retrieved_0_prompt": "pick up the poke ball and put it in the tray",
    "retrieved_1_state": [
        0.06756309419870377,
        0.49801644682884216,
        0.07434435933828354,
        -1.9071669578552246,
        -0.02812170796096325,
        2.680678367614746,
        0.00490783853456378,
        0.6607929503834288
    ],