{
    "query_state": [
        0.013240886852145195,
        -0.5433856248855591,
        0.005202304571866989,
        -2.4833824634552,
        -0.03321898728609085,
        1.9038430452346802,
        0.03682883456349373,
        0.0
    ],
    "query_prompt": "pick up the poke ball and put it in the tray",
    "inference_time": true,
    "retrieved_0_state": [
        0.026496991515159607,
        -0.5785756707191467,
        -0.008446104824543,
        -2.527796745300293,
        -0.040263060480356216,
        1.984026551246643,
        0.024334009736776352,
        0.0
    ],
    "retrieved_0_actions": [
        [
            0.019314653472974896,
            0.26195988059043884,
            0.10319413617253304,
            -0.15964537858963013,
            -0.09206118993461132,
            0.8096802979707718,
            -0.118841752409935,
            0.0
        ],
        [
            0.031430169474333525,
            0.30883584171533585,
            0.09361604228615761,
            -0.10901803150773048,
            -0.0654393620789051,
            0.8077871799468994,
            -0.09308856911957264,
            0.0
        ],
        [
            0.052223457023501396,
            0.3687882423400879,
            0.08504201658070087,
            -0.013053006259724498,
            -0.021193281281739473,
            0.7555358111858368,
            -0.0795192550867796,
            0.0
        ],
        [
            0.05269323941320181,
            0.40569115430116653,
            0.08946380577981472,
            0.05235194228589535,
            -0.018019620329141617,
            0.6680545955896378,
            -0.05844729021191597,
            0.0
        ],
        [
            0.055527789518237114,
            0.41843071579933167,
            0.08640254847705364,
            0.10701905936002731,
            -0.036763541866093874,
            0.51773801445961,
            -0.09073383174836636,
            0.0
        ],
        [
            -0.012001622235402465,
            -0.0025623402325436473,
            0.012905891053378582,
            0.0068394828122109175,
            0.008709531393833458,
            -0.01331383129581809,
            -0.006261434173211455,
            0.0
        ],
        [
            -0.05936023313552141,
            0.1978859305381775,
            0.06414493080228567,
            -0.04543201997876167,
            -0.05492507480084896,
            0.29685454443097115,
            0.15276459977030754,
            0.0
        ],
        [
            -0.20384863018989563,
            0.4702094942331314,
            0.1705682836472988,
            -0.08724479004740715,
            -0.30779384076595306,
            0.635284036397934,
            0.41094880551099777,
            0.0
        ],
        [
            -0.21628772839903831,
            0.593305379152298,
            0.15798930078744888,
            -0.05858424585312605,
            -0.3292587399482727,
            0.7589821517467499,
            0.3818086162209511,
            0.0
        ],
        [
            -0.15049681067466736,
            0.7199252396821976,
            0.0903068296611309,
            0.043940446339547634,
            -0.2273477427661419,
            0.8129791915416718,
            0.2102898806333542,
            0.0
        ],
        [
            -0.15976568683981895,
            0.8072624355554581,
            0.07238191086798906,
            0.18008802086114883,
            -0.31238868832588196,
            0.7593666762113571,
            0.197695754468441,
            0.0
        ],
        [
            -0.16821833327412605,
            0.826324075460434,
            0.036398363299667835,
            0.3029768168926239,
            -0.5101575329899788,
            0.636565163731575,
            0.3168967738747597,
            0.0
        ],
        [
            -0.12025279924273491,
            0.822129100561142,
            -0.08362534455955029,
            0.43527930974960327,
            -0.7309836894273758,
            0.48833828419446945,
            0.4287388175725937,
            0.0
        ],
        [
            0.05480192136019468,
            0.7713111490011215,
            -0.27958473190665245,
            0.5563836917281151,
            -0.7097355276346207,
            0.32248251140117645,
            0.412108413875103,
            0.0
        ],
        [
            0.20578168332576752,
            0.747782364487648,
            -0.3600693494081497,
            0.6663744151592255,
            -0.4968905821442604,
            0.2180296555161476,
            0.31174449250102043,
            0.0
        ]
    ],
    "retrieved_0_prompt": "pick up the poke ball and put it in the tray",
    "retrieved_1_state": [
        0.04033631458878517,
        -0.3984531760215759,
        0.022821025922894478,
        -2.5424153804779053,
        -0.01500170398503542,
        2.2172930240631104,
        0.0199541337788105,
        0.0
    ],