{
    "query_state": [
        -0.16642165184020996,
        0.6065159440040588,
        0.11276587843894958,
        -2.025357484817505,
        0.17618578672409058,
        2.5158369541168213,
        -0.45969724655151367,
        0.955947136093268
    ],
    "query_prompt": "move the squeegee to the right and try to drag it",
    "inference_time": true,
    "retrieved_0_state": [
        -0.13943395018577576,
        0.5898265838623047,
        0.09473627060651779,
        -2.061107873916626,
        -0.08401710540056229,
        2.6873667240142822,
        -0.46643444895744324,
        0.7312775457822833
    ],
    "retrieved_0_actions": [
        [
            -0.2582881972193718,
            0.1258106343448162,
            -0.0745574152097106,
            0.16317125409841537,
            0.07363160140812397,
            -0.0982095580548048,
            -0.05629441700875759,
            0.9328193864455708
        ],
        [
            -0.24820266291499138,
            0.11935199610888958,
            -0.08360409177839756,
            0.13089890591800213,
            0.08201459422707558,
            -0.09919635951519012,
            -0.060992552898824215,
            0.9328193864455708
        ],
        [
            -0.23645365610718727,
            0.11641776189208031,
            -0.0822172686457634,
            0.11513975448906422,
            0.09446544572710991,
            -0.10407264344394207,
            -0.06405883003026247,
            0.9328193864455708
        ],
        [
            -0.21187607198953629,
            0.09883617050945759,
            -0.07032959256321192,
            0.08946691639721394,
            0.09996479377150536,
            -0.09530194103717804,
            -0.06578729022294283,
            0.9328193864455708
        ],
        [
            -0.14671473763883114,
            0.09137935936450958,
            -0.0806132797151804,
            0.08288463577628136,
            0.06984293460845947,
            -0.11358247138559818,
            -0.046005453914403915,
            0.9328193864455708
        ],
        [
            -0.08960818871855736,
            0.05556561052799225,
            -0.06323667708784342,
            0.0684742908924818,
            0.05399713292717934,
            -0.13484155759215355,
            -0.04615355748683214,
            0.4812775457822833
        ],
        [
            0.0,
            0.0,
            0.0,
            0.0,
            0.0,
            0.0,
            0.0,
            0.4812775457822833
        ],
        [
            0.0,
            0.0,
            0.0,
            0.0,
            0.0,
            0.0,
            0.0,
            0.4812775457822833
        ],
        [
            0.0,
            0.0,
            0.0,
            0.0,
            0.0,
            0.0,
            0.0,
            0.4812775457822833
        ],
        [
            0.0,
            0.0,
            0.0,
            0.0,
            0.0,
            0.0,
            0.0,
            0.4812775457822833
        ],
        [
            0.0,
            0.0,
            0.0,
            0.0,
            0.0,
            0.0,
            0.0,
            0.4812775457822833
        ],
        [
            0.0,
            0.0,
            0.0,
            0.0,
            0.0,
            0.0,
            0.0,
            0.4812775457822833
        ],
        [
            0.0,
            0.0,
            0.0,
            0.0,
            0.0,
            0.0,
            0.0,
            0.4812775457822833
        ],
        [
            0.0,
            0.0,
            0.0,
            0.0,
            0.0,
            0.0,
            0.0,
            0.4812775457822833
        ],
        [
            0.0,
            0.0,
            0.0,
            0.0,
            0.0,
            0.0,
            0.0,
            0.4812775457822833
        ]
    ],
    "retrieved_0_prompt": "move the squeegee to the right and try to drag it",
    "retrieved_1_state": [
        -0.16986298561096191,
        0.5919240117073059,
        0.08580183237791061,
        -2.0571212768554688,
        -0.08293643593788147,
        2.6869935989379883,
        -0.46653303503990173,
        0.7312775457822833
    ],
    "retrieved_1_actions": [
        [
            -0.24820266291499138,
            0.11935199610888958,
            -0.08360409177839756,
            0.13089890591800213,
            0.08201459422707558,
            -0.09919635951519012,
            -0.060992552898824215,
            0.9328193864455708
        ],
        [
            -0.23645365610718727,
            0.11641776189208031,
            -0.0822172686457634,
            0.11513975448906422,
            0.09446544572710991,
            -0.10407264344394207,
            -0.06405883003026247,
            0.9328193864455708
        ],
        [
            -0.21187607198953629,
            0.09883617050945759,
            -0.07032959256321192,
            0.08946691639721394,
            0.09996479377150536,
            -0.09530194103717804,
            -0.06578729022294283,
            0.9328193864455708
        ],
        [
            -0.14671473763883114,
            0.09137935936450958,
            -0.0806132797151804,
            0.08288463577628136,
            0.06984293460845947,
            -0.11358247138559818,
            -0.046005453914403915,
            0.9328193864455708
        ],
        [
            -0.08960818871855736,
            0.05556561052799225,
            -0.06323667708784342,
            0.0684742908924818,
            0.05399713292717934,
            -0.13484155759215355,
            -0.04615355748683214,
            0.4812775457822833
        ],
        [
            0.0,
            0.0,
            0.0,
            0.0,
            0.0,
            0.0,
            0.0,
            0.4812775457822833
        ],
        [
            0.0,
            0.0,
            0.0,
            0.0,
            0.0,
            0.0,
            0.0,
            0.4812775457822833
        ],
        [
            0.0,
            0.0,
            0.0,
            0.0,
            0.0,
            0.0,
            0.0,
            0.4812775457822833
        ],
        [
            0.0,
            0.0,
            0.0,
            0.0,
            0.0,
            0.0,
            0.0,
            0.4812775457822833
        ],
        [
            0.0,
            0.0,
            0.0,
            0.0,
            0.0,
            0.0,
            0.0,
            0.4812775457822833
        ],
        [
            0.0,
            0.0,
            0.0,
            0.0,
            0.0,
            0.0,
            0.0,
            0.4812775457822833
        ],
        [
            0.0,
            0.0,
            0.0,
            0.0,
            0.0,
            0.0,
            0.0,
            0.4812775457822833
        ],
        [
            0.0,
            0.0,
            0.0,
            0.0,
            0.0,
            0.0,
            0.0,
            0.4812775457822833
        ],
        [
            0.0,
            0.0,
            0.0,
            0.0,
            0.0,
            0.0,
            0.0,
            0.4812775457822833
        ],
        [
            0.0,
            0.0,
            0.0,
            0.0,
            0.0,
            0.0,
            0.0,
            0.4812775457822833
        ]
    ],
    "retrieved_1_prompt": "move the squeegee to the right and try to drag it",
    "retrieved_2_state": [
        -0.08353583514690399,
        0.5977035760879517,
        0.022753294557332993,
        -2.0790834426879883,
        -0.10874691605567932,
        2.703242540359497,
        -0.2193472683429718,
        0.7136563969325698
    ],