{
    "query_state": [
        -0.19449155032634735,
        0.6172685623168945,
        0.09656264632940292,
        -2.017427921295166,
        0.20720647275447845,
        2.5159451961517334,
        -0.4104592800140381,
        0.0
    ],
    "query_prompt": "move the squeegee to the right and try to drag it",
    "inference_time": true,
    "retrieved_0_state": [
        -0.1690870225429535,
        0.6346367001533508,
        0.031130583956837654,
        -1.965118646621704,
        -0.030957669019699097,
        2.534907579421997,
        -0.27887260913848877,
        0.6872246736579992
    ],
    "retrieved_0_actions": [
        [
            -0.38539331406354904,
            -0.39020996540784836,
            -0.11876177042722702,
            -0.6517768651247025,
            0.30922114849090576,
            0.13843204826116562,
            -0.03836035495623946,
            0.3931718015337151
        ],
        [
            -0.39342258125543594,
            -0.49330882728099823,
            -0.09966125711798668,
            -0.6884166598320007,
            0.3011877089738846,
            0.1579846814274788,
            -0.1623375341296196,
            0.2742290687116202
        ],
        [
            0.04375808872282505,
            0.0012553970736917108,
            -0.04106193780899048,
            0.009114283020608127,
            0.03711779601871967,
            -0.012352695921435952,
            -0.023284838534891605,
            0.150881070590569
        ],
        [
            0.0,
            0.0,
            0.0,
            0.0,
            0.0,
            0.0,
            0.0,
            0.150881070590569
        ],
        [
            0.0,
            0.0,
            0.0,
            0.0,
            0.0,
            0.0,
            0.0,
            0.150881070590569
        ],
        [
            0.0,
            0.0,
            0.0,
            0.0,
            0.0,
            0.0,
            0.0,
            0.150881070590569
        ],
        [
            0.0,
            0.0,
            0.0,
            0.0,
            0.0,
            0.0,
            0.0,
            0.150881070590569
        ],
        [
            0.0,
            0.0,
            0.0,
            0.0,
            0.0,
            0.0,
            0.0,
            0.150881070590569
        ],
        [
            0.0,
            0.0,
            0.0,
            0.0,
            0.0,
            0.0,
            0.0,
            0.150881070590569
        ],
        [
            0.0,
            0.0,
            0.0,
            0.0,
            0.0,
            0.0,
            0.0,
            0.150881070590569
        ],
        [
            0.0,
            0.0,
            0.0,
            0.0,
            0.0,
            0.0,
            0.0,
            0.150881070590569
        ],
        [
            0.0,
            0.0,
            0.0,
            0.0,
            0.0,
            0.0,
            0.0,
            0.150881070590569
        ],
        [
            0.0,
            0.0,
            0.0,
            0.0,
            0.0,
            0.0,
            0.0,
            0.150881070590569
        ],
        [
            0.0,
            0.0,
            0.0,
            0.0,
            0.0,
            0.0,
            0.0,
            0.150881070590569
        ],
        [
            0.0,
            0.0,
            0.0,
            0.0,
            0.0,
            0.0,
            0.0,
            0.150881070590569
        ]
    ],
    "retrieved_0_prompt": "move the squeegee to the right and try to drag it",
    "retrieved_1_state": [
        -0.14084845781326294,
        0.6059548854827881,
        0.00873370561748743,
        -2.002577304840088,
        -0.04019516706466675,
        2.549452543258667,
        -0.2881808578968048,
        0.7004405352952845
    ],
    "retrieved_1_actions": [
        [
            -0.19550301134586334,
            0.15791913494467735,
            -0.06716359872370958,
            0.2848946116864681,
            0.18062002956867218,
            -0.22073565050959587,
            0.10425484739243984,
            0.9251101338238211
        ],
        [
            -0.17547646537423134,
            0.11379233561456203,
            -0.06699546705931425,
            0.2401987463235855,
            0.16914216801524162,
            -0.17655232921242714,
            0.09468755684792995,
            0.9251101338238211
        ],
        [
            -0.15688128769397736,
            0.06156846880912781,
            -0.046252054162323475,
            0.19188418984413147,
            0.1684723235666752,
            -0.151170389726758,
            0.07723240181803703,
            0.9251101338238211
        ],
        [
            -0.12350603938102722,
            -0.025654803030192852,
            -0.020507730077952147,
            0.12437193654477596,
            0.1767488196492195,
            -0.14453846961259842,
            0.07211487274616957,
            0.4504405352952845
        ],
        [
            0.01391202793456614,
            0.0023952619812916964,
            -0.013940950157120824,
            0.010580717353150249,
            0.011797078186646104,
            -0.012484891340136528,
            -0.0067033793311566114,
            0.4019823759585719
        ],
        [
            0.0,
            0.0,
            0.0,
            0.0,
            0.0,
            0.0,
            0.0,
            0.4019823759585719
        ],
        [
            0.0,
            0.0,
            0.0,
            0.0,
            0.0,
            0.0,
            0.0,
            0.4019823759585719
        ],
        [
            0.0,
            0.0,
            0.0,
            0.0,
            0.0,
            0.0,
            0.0,
            0.4019823759585719
        ],
        [
            0.0,
            0.0,
            0.0,
            0.0,
            0.0,
            0.0,
            0.0,
            0.4019823759585719
        ],
        [
            0.0,
            0.0,
            0.0,
            0.0,
            0.0,
            0.0,
            0.0,
            0.4019823759585719
        ],
        [
            0.0,
            0.0,
            0.0,
            0.0,
            0.0,
            0.0,
            0.0,
            0.4019823759585719
        ],
        [
            0.0,
            0.0,
            0.0,
            0.0,
            0.0,
            0.0,
            0.0,
            0.4019823759585719
        ],
        [
            0.0,
            0.0,
            0.0,
            0.0,
            0.0,
            0.0,
            0.0,
            0.4019823759585719
        ],
        [
            0.0,
            0.0,
            0.0,
            0.0,
            0.0,
            0.0,
            0.0,
            0.4019823759585719
        ],
        [
            0.0,
            0.0,
            0.0,
            0.0,
            0.0,
            0.0,
            0.0,
            0.4019823759585719
        ]
    ],
    "retrieved_1_prompt": "move the squeegee to the right and try to drag it",
    "retrieved_2_state": [
        -0.16986298561096191,
        0.5919240117073059,
        0.08580183237791061,
        -2.0571212768554688,
        -0.08293643593788147,
        2.6869935989379883,
        -0.46653303503990173,
        0.7312775457822833
    ],