{
    "query_state": [
        -0.11026361584663391,
        0.627990186214447,
        0.16070009768009186,
        -1.9935603141784668,
        0.08225105702877045,
        2.5219533443450928,
        -0.5895362496376038,
        0.9339207082486779
    ],
    "query_prompt": "move the squeegee to the right and try to drag it",
    "inference_time": true,
    "retrieved_0_state": [
        -0.10840414464473724,
        0.6532678604125977,
        0.14620427787303925,
        -1.8634639978408813,
        -0.14880689978599548,
        2.526674270629883,
        -0.7215004563331604,
        0.7092511097201413
    ],
    "retrieved_0_actions": [
        [
            -0.3376740589737892,
            -0.448378250002861,
            -0.1799958385527134,
            -0.3854749724268913,
            -0.027254018932580948,
            -0.19952518865466118,
            -0.3869049996137619,
            0.9273127774300354
        ],
        [
            -0.3177894651889801,
            -0.41344713419675827,
            -0.2144911326467991,
            -0.3540832921862602,
            -0.013486319221556187,
            -0.18742773681879044,
            -0.3938135877251625,
            0.9273127774300354
        ],
        [
            -0.31190864741802216,
            -0.3787974640727043,
            -0.23180825635790825,
            -0.3174719959497452,
            0.001770638773450628,
            -0.17701882869005203,
            -0.4091345891356468,
            0.9273127774300354
        ],
        [
            -0.31747836619615555,
            -0.36234498023986816,
            -0.230794046074152,
            -0.28709864243865013,
            0.025999953504651785,
            -0.16711100935935974,
            -0.44700149446725845,
            0.9273127774300354
        ],
        [
            -0.25337882339954376,
            -0.34429319202899933,
            -0.22418050095438957,
            -0.25360530242323875,
            0.007418328314088285,
            -0.11197145096957684,
            -0.42412426322698593,
            0.9273127774300354
        ],
        [
            0.0,
            0.0,
            0.0,
            0.0,
            0.0,
            0.0,
            0.0,
            0.9273127774300354
        ],
        [
            0.0,
            0.0,
            0.0,
            0.0,
            0.0,
            0.0,
            0.0,
            0.9273127774300354
        ],
        [
            0.0,
            0.0,
            0.0,
            0.0,
            0.0,
            0.0,
            0.0,
            0.9273127774300354
        ],
        [
            0.0,
            0.0,
            0.0,
            0.0,
            0.0,
            0.0,
            0.0,
            0.9273127774300354
        ],
        [
            0.0,
            0.0,
            0.0,
            0.0,
            0.0,
            0.0,
            0.0,
            0.9273127774300354
        ],
        [
            0.0,
            0.0,
            0.0,
            0.0,
            0.0,
            0.0,
            0.0,
            0.9273127774300354
        ],
        [
            0.0,
            0.0,
            0.0,
            0.0,
            0.0,
            0.0,
            0.0,
            0.9273127774300354
        ],
        [
            0.0,
            0.0,
            0.0,
            0.0,
            0.0,
            0.0,
            0.0,
            0.9273127774300354
        ],
        [
            0.0,
            0.0,
            0.0,
            0.0,
            0.0,
            0.0,
            0.0,
            0.9273127774300354
        ],
        [
            0.0,
            0.0,
            0.0,
            0.0,
            0.0,
            0.0,
            0.0,
            0.9273127774300354
        ]
    ],
    "retrieved_0_prompt": "move the squeegee to the right and try to drag it",
    "retrieved_1_state": [
        -0.06629060953855515,
        0.5560676455497742,
        0.1184413954615593,
        -2.08524227142334,
        0.11031091213226318,
        2.600914239883423,
        -0.8691352009773254,
        0.7268722585698549
    ],
    "retrieved_1_actions": [
        [
            -0.3852147236466408,
            0.039613135159015656,
            -0.16151340678334236,
            -0.040724435821175575,
            -0.0017943009152077138,
            0.05322130396962166,
            0.21821048110723495,
            0.9317180646424638
        ],
        [
            -0.4043344035744667,
            0.01428608549758792,
            -0.15297755599021912,
            -0.09132981300354004,
            0.040446799248456955,
            0.06517349742352962,
            0.17257589846849442,
            0.9317180646424638
        ],
        [
            -0.38563232868909836,
            -0.018421844579279423,
            -0.13880143873393536,
            -0.13235210441052914,
            0.08427566848695278,
            0.07122330367565155,
            0.1673603430390358,
            0.9317180646424638
        ],
        [
            -0.35572346299886703,
            -0.0699334591627121,
            -0.11429878883063793,
            -0.18941083922982216,
            0.13753275386989117,
            0.0922781229019165,
            0.17277998849749565,
            0.9317180646424638
        ],
        [
            -0.30237607657909393,
            -0.10023833252489567,
            -0.09976385161280632,
            -0.21874723955988884,
            0.17407221719622612,
            0.10951152071356773,
            0.20498085767030716,
            0.9317180646424638
        ],
        [
            -0.22238094359636307,
            -0.11933991685509682,
            -0.10946509428322315,
            -0.2543260343372822,
            0.18440419808030128,
            0.15448110178112984,
            0.2628892846405506,
            0.9317180646424638
        ],
        [
            -0.08317100815474987,
            -0.12903472408652306,
            -0.17076686024665833,
            -0.25642432272434235,
            0.10526135563850403,
            0.14572184532880783,
            0.4127795621752739,
            0.47687225856985493
        ],
        [
            0.0,
            0.0,
            0.0,
            0.0,
            0.0,
            0.0,
            0.0,
            0.47687225856985493
        ],
        [
            0.0,
            0.0,
            0.0,
            0.0,
            0.0,
            0.0,
            0.0,
            0.47687225856985493
        ],
        [
            0.0,
            0.0,
            0.0,
            0.0,
            0.0,
            0.0,
            0.0,
            0.47687225856985493
        ],
        [
            0.0,
            0.0,
            0.0,
            0.0,
            0.0,
            0.0,
            0.0,
            0.47687225856985493
        ],
        [
            0.0,
            0.0,
            0.0,
            0.0,
            0.0,
            0.0,
            0.0,
            0.47687225856985493
        ],
        [
            0.0,
            0.0,
            0.0,
            0.0,
            0.0,
            0.0,
            0.0,
            0.47687225856985493
        ],
        [
            0.0,
            0.0,
            0.0,
            0.0,
            0.0,
            0.0,
            0.0,
            0.47687225856985493
        ],
        [
            0.0,
            0.0,
            0.0,
            0.0,
            0.0,
            0.0,
            0.0,
            0.47687225856985493
        ]
    ],
    "retrieved_1_prompt": "move the squeegee to the right and try to drag it",
    "retrieved_2_state": [
        -0.1107238307595253,
        0.640259325504303,
        0.10727892071008682,
        -2.0059869289398193,
        0.0034888172522187233,
        2.748753070831299,
        -0.2171841859817505,
        0.6916299608704277
    ],