{
    "query_state": [
        -0.017114870250225067,
        0.49943938851356506,
        0.003961842507123947,
        -2.2383601665496826,
        -0.03658491373062134,
        2.533503293991089,
        -0.027387630194425583,
        0.0
    ],
    "query_prompt": "move the idli plate to the right",
    "inference_time": true,
    "retrieved_0_state": [
        -0.024338509887456894,
        0.5061604976654053,
        -0.04077605903148651,
        -2.25812029838562,
        -0.04881851002573967,
        2.607938766479492,
        -0.026176899671554565,
        0.0
    ],
    "retrieved_0_actions": [
        [
            -0.28188781812787056,
            0.1471418235450983,
            0.009048304636962712,
            0.10997707024216652,
            0.1556154154241085,
            0.11196089908480644,
            -0.20682571455836296,
            0.0
        ],
        [
            -0.3237444907426834,
            0.12195889838039875,
            -0.051810331642627716,
            0.15029647387564182,
            0.16716977581381798,
            -0.0197466928511858,
            -0.20272117108106613,
            0.0
        ],
        [
            -0.4093986377120018,
            0.10423331521451473,
            -0.04255430307239294,
            0.2022458054125309,
            0.21601274609565735,
            -0.12092281132936478,
            -0.3195592015981674,
            0.0
        ],
        [
            -0.4302980378270149,
            0.11137224733829498,
            -0.030285760294646025,
            0.2622541971504688,
            0.24051794782280922,
            -0.17135687172412872,
            -0.3792399540543556,
            0.0
        ],
        [
            -0.4469000920653343,
            0.15636656433343887,
            -0.00915919546969235,
            0.35294003784656525,
            0.2585962601006031,
            -0.21236615255475044,
            -0.4362905025482178,
            0.0
        ],
        [
            -0.40951021015644073,
            0.2198907732963562,
            0.01150348107330501,
            0.43205205351114273,
            0.25773053988814354,
            -0.2260858379304409,
            -0.4261215403676033,
            0.0
        ],
        [
            -0.3933313488960266,
            0.3080781362950802,
            0.031905879732221365,
            0.5256412923336029,
            0.275023989379406,
            -0.25217121466994286,
            -0.41060011833906174,
            0.0
        ],
        [
            -0.3501218184828758,
            0.35161111503839493,
            0.04108353052288294,
            0.56648388504982,
            0.26969244703650475,
            -0.2782009355723858,
            -0.36137741059064865,
            0.0
        ],
        [
            -0.3176155686378479,
            0.3847496584057808,
            0.046451189555227757,
            0.5909271165728569,
            0.25571422651410103,
            -0.2776228077709675,
            -0.32859697937965393,
            0.0
        ],
        [
            -0.287578571587801,
            0.4052378237247467,
            0.05445690359920263,
            0.6033296510577202,
            0.2415732853114605,
            -0.2627004496753216,
            -0.30186761170625687,
            0.0
        ],
        [
            -0.24989943951368332,
            0.4199500009417534,
            0.050355177372694016,
            0.6117108464241028,
            0.22432735189795494,
            -0.2491789124906063,
            -0.2575368620455265,
            0.0
        ],
        [
            -0.2524860203266144,
            0.4388255253434181,
            0.05146773066371679,
            0.6579224020242691,
            0.23482982069253922,
            -0.2977737598121166,
            -0.24469153955578804,
            0.0
        ],
        [
            -0.2326405793428421,
            0.42741116136312485,
            0.03128230571746826,
            0.6670891493558884,
            0.22481519728899002,
            -0.28613004833459854,
            -0.2022198960185051,
            0.0
        ],
        [
            -0.22659629583358765,
            0.4223518446087837,
            0.0052827742183580995,
            0.6978897750377655,
            0.21965019404888153,
            -0.28447793796658516,
            -0.16464436426758766,
            0.0
        ],
        [
            -0.231827050447464,
            0.4420749098062515,
            -0.017277897568419576,
            0.7563815265893936,
            0.2190541848540306,
            -0.30763689428567886,
            -0.12773007154464722,
            0.0
        ]
    ],
    "retrieved_0_prompt": "move the idli plate to the right",
    "retrieved_1_state": [
        -0.01821002922952175,
        0.48255062103271484,
        -0.04137634485960007,
        -2.2787387371063232,
        -0.05346864461898804,
        2.6079256534576416,
        -0.026074403896927834,
        0.0
    ],