{
    "query_state": [
        -0.0028437201399356127,
        -0.5868672728538513,
        -0.0023088844027370214,
        -2.5209908485412598,
        -0.031379278749227524,
        1.9072057008743286,
        0.02188468538224697,
        0.0
    ],
    "query_prompt": "",
    "inference_time": true,
    "retrieved_0_state": [
        -0.016251374036073685,
        -0.6043637990951538,
        0.004129813518375158,
        -2.521683931350708,
        0.02324202097952366,
        1.9072171449661255,
        -0.023907501250505447,
        0.0
    ],
    "retrieved_0_actions": [
        [
            0.04862768575549126,
            0.1483809482306242,
            -0.0654631806537509,
            0.2002340741455555,
            -0.0841033086180687,
            -0.11362642049789429,
            -0.16849784180521965,
            0.0
        ],
        [
            0.0810814369469881,
            0.3761439770460129,
            -0.05517327692359686,
            0.38544751703739166,
            -0.17425710335373878,
            -0.1304551213979721,
            -0.29751723632216454,
            0.0
        ],
        [
            0.1250582467764616,
            0.5630525946617126,
            -0.05583241116255522,
            0.560101680457592,
            -0.2215273678302765,
            -0.18922250717878342,
            -0.41383683681488037,
            0.0
        ],
        [
            0.158634502440691,
            0.6596386432647705,
            -0.04352827090770006,
            0.6369612365961075,
            -0.2388271875679493,
            -0.19967200234532356,
            -0.4620830714702606,
            0.0
        ],
        [
            0.1850510761141777,
            0.6842678785324097,
            -0.01768766320310533,
            0.6223472952842712,
            -0.20835964009165764,
            -0.1559102814644575,
            -0.4466155916452408,
            0.0
        ],
        [
            0.2017885260283947,
            0.6696431338787079,
            0.03044025506824255,
            0.528641827404499,
            -0.18002668395638466,
            -0.060634263791143894,
            -0.4008933901786804,
            0.0
        ],
        [
            0.1967226341366768,
            0.5914795398712158,
            0.04855039529502392,
            0.3983137756586075,
            -0.156002938747406,
            0.0267750839702785,
            -0.4064210131764412,
            0.0
        ],
        [
            0.1733415201306343,
            0.5473379790782928,
            0.05010207649320364,
            0.26108160614967346,
            -0.15265114605426788,
            0.15377864241600037,
            -0.4297952353954315,
            0.0
        ],
        [
            0.1258465927094221,
            0.527007021009922,
            0.0511013763025403,
            0.17862780019640923,
            -0.2090315893292427,
            0.26430869475007057,
            -0.44268347322940826,
            0.0
        ],
        [
            0.07476518861949444,
            0.4918251186609268,
            0.04248578567057848,
            0.12154011987149715,
            -0.2798609808087349,
            0.3877437114715576,
            -0.4476391524076462,
            0.0
        ]
    ],
    "retrieved_0_prompt": "move the squeegee to the right and try to drag it",
    "final_image_shape": [
        672,
        448,
        3
    ]
}