{
    "query_state": [
        0.1109624058008194,
        0.33346691727638245,
        0.06513925641775131,
        -1.8518893718719482,
        -0.09832485765218735,
        2.1803510189056396,
        0.25865858793258667,
        0.0
    ],
    "query_prompt": "push the lever on the toaster",
    "inference_time": true,
    "retrieved_0_state": [
        0.07155741751194,
        0.16862761974334717,
        0.05572693049907684,
        -2.165573835372925,
        -0.15371456742286682,
        2.397684335708618,
        0.34399157762527466,
        0.9911894276295312
    ],
    "retrieved_0_actions": [
        [
            0.11439045891165733,
            0.21713363006711006,
            -0.08857136592268944,
            0.17010625451803207,
            -0.13193131424486637,
            0.06482562981545925,
            0.19092204049229622,
            0.9977973569073828
        ],
        [
            0.1295531913638115,
            0.23100245743989944,
            -0.08988886140286922,
            0.1617642678320408,
            -0.1318367850035429,
            0.07799451239407063,
            0.192865040153265,
            0.9977973569073828
        ],
        [
            0.14382093213498592,
            0.25342948734760284,
            -0.09687205776572227,
            0.1562323048710823,
            -0.14556149952113628,
            0.08614100515842438,
            0.20609453320503235,
            0.9977973569073828
        ],
        [
            0.14937246218323708,
            0.2677440643310547,
            -0.0961513351649046,
            0.15164596028625965,
            -0.11685491539537907,
            0.0787575077265501,
            0.20704235881567,
            0.9977973569073828
        ],
        [
            0.15193657018244267,
            0.27566026896238327,
            -0.08970586583018303,
            0.1385649759322405,
            -0.10538536123931408,
            0.09121117182075977,
            0.20664064213633537,
            0.9977973569073828
        ],
        [
            0.14908880926668644,
            0.29350511729717255,
            -0.08622424677014351,
            0.12890943326056004,
            -0.09648570790886879,
            0.10889887809753418,
            0.21024350076913834,
            0.9977973569073828
        ],
        [
            0.1441405899822712,
            0.3028647042810917,
            -0.08133321069180965,
            0.1189860887825489,
            -0.07554457522928715,
            0.11050773784518242,
            0.21023131906986237,
            0.9977973569073828
        ],
        [
            0.14483910985291004,
            0.30078837648034096,
            -0.0742330402135849,
            0.09990428574383259,
            -0.07364089600741863,
            0.12348778545856476,
            0.20477106794714928,
            0.9977973569073828
        ],
        [
            0.1566779613494873,
            0.3394109383225441,
            -0.05266072228550911,
            0.2512078545987606,
            -0.04517875611782074,
            0.00649174558930099,
            0.1955103687942028,
            0.9977973569073828
        ],
        [
            0.13839606195688248,
            0.32168127596378326,
            -0.06213544402271509,
            0.1504281908273697,
            -0.048594605177640915,
            0.09074165485799313,
            0.19037889316678047,
            0.9977973569073828
        ],
        [
            0.12122039683163166,
            0.31221920624375343,
            -0.04976775497198105,
            0.11718640103936195,
            -0.002471947227604687,
            0.11010379530489445,
            0.14194914139807224,
            0.9977973569073828
        ],
        [
            0.11788779869675636,
            0.32006293535232544,
            -0.04401092417538166,
            0.1183695625513792,
            0.03163558663800359,
            0.09088386781513691,
            0.14849398285150528,
            0.9977973569073828
        ],
        [
            0.12579559348523617,
            0.3185557574033737,
            -0.052803014405071735,
            0.1093131210654974,
            0.009968632366508245,
            0.08246222510933876,
            0.19158976152539253,
            0.9977973569073828
        ],
        [
            0.12338261120021343,
            0.3017820790410042,
            -0.05273543298244476,
            0.09390556253492832,
            0.008153444505296648,
            0.08804865181446075,
            0.1712445542216301,
            0.9977973569073828
        ],
        [
            0.1165490597486496,
            0.2823173813521862,
            -0.04660932347178459,
            0.0893858727067709,
            0.04539987538009882,
            0.07972822524607182,
            0.15986137092113495,
            0.9977973569073828
        ]
    ],
    "retrieved_0_prompt": "push the lever on the toaster",
    "retrieved_1_state": [
        0.0869164913892746,
        0.21428588032722473,
        0.043621864169836044,
        -2.1402904987335205,
        -0.17229358851909637,
        2.392345666885376,
        0.3852125108242035,
        0.9911894276295312
    ],