{
    "query_state": [
        0.11827919632196426,
        0.4539625942707062,
        0.11798197776079178,
        -1.5859726667404175,
        0.1733069121837616,
        1.956320881843567,
        0.19535942375659943,
        0.9074889904524756
    ],
    "query_prompt": "use the squeegee to clean the counter and push everything into the sink",
    "inference_time": true,
    "retrieved_0_state": [
        0.17947687208652496,
        0.404446005821228,
        0.16845622658729553,
        -2.08841872215271,
        1.0856040716171265,
        1.8489997386932373,
        0.06268070638179779,
        0.6696035248082857
    ],
    "retrieved_0_actions": [
        [
            0.04792701918631792,
            -0.20000066608190536,
            -0.07651716005057096,
            -0.06725681480020285,
            -0.16115374863147736,
            -0.05723449867218733,
            0.05694292951375246,
            0.9174008812020714
        ],
        [
            0.04684561397880316,
            -0.2743150666356087,
            -0.08610733784735203,
            -0.11296252720057964,
            -0.20933793857693672,
            -0.06204483564943075,
            0.11482009664177895,
            0.9174008812020714
        ],
        [
            0.07544449996203184,
            -0.3950853645801544,
            -0.09936190210282803,
            -0.18978768959641457,
            -0.3446996212005615,
            -0.04775424022227526,
            0.23016775026917458,
            0.9174008812020714
        ],
        [
            0.0,
            0.0,
            0.0,
            0.0,
            0.0,
            0.0,
            0.0,
            0.9174008812020714
        ],
        [
            0.0,
            0.0,
            0.0,
            0.0,
            0.0,
            0.0,
            0.0,
            0.9174008812020714
        ],
        [
            0.0,
            0.0,
            0.0,
            0.0,
            0.0,
            0.0,
            0.0,
            0.9174008812020714
        ],
        [
            0.0,
            0.0,
            0.0,
            0.0,
            0.0,
            0.0,
            0.0,
            0.9174008812020714
        ],
        [
            0.0,
            0.0,
            0.0,
            0.0,
            0.0,
            0.0,
            0.0,
            0.9174008812020714
        ],
        [
            0.0,
            0.0,
            0.0,
            0.0,
            0.0,
            0.0,
            0.0,
            0.9174008812020714
        ],
        [
            0.0,
            0.0,
            0.0,
            0.0,
            0.0,
            0.0,
            0.0,
            0.9174008812020714
        ],
        [
            0.0,
            0.0,
            0.0,
            0.0,
            0.0,
            0.0,
            0.0,
            0.9174008812020714
        ],
        [
            0.0,
            0.0,
            0.0,
            0.0,
            0.0,
            0.0,
            0.0,
            0.9174008812020714
        ],
        [
            0.0,
            0.0,
            0.0,
            0.0,
            0.0,
            0.0,
            0.0,
            0.9174008812020714
        ],
        [
            0.0,
            0.0,
            0.0,
            0.0,
            0.0,
            0.0,
            0.0,
            0.9174008812020714
        ],
        [
            0.0,
            0.0,
            0.0,
            0.0,
            0.0,
            0.0,
            0.0,
            0.9174008812020714
        ]
    ],
    "retrieved_0_prompt": "use the squeegee to clean the counter and push everything into the sink",
    "retrieved_1_state": [
        0.17187657952308655,
        0.4068514108657837,
        0.1652778685092926,
        -2.137704849243164,
        1.0938540697097778,
        1.8490142822265625,
        0.09368035197257996,
        0.6696035248082857
    ],
    "retrieved_1_actions": [
        [
            0.046227299608290195,
            0.031064762733876705,
            0.0009904203761834651,
            0.2165394462645054,
            0.051846010610461235,
            -0.10807954706251621,
            -0.16399625688791275,
            0.9174008812020714
        ],
        [
            0.04016961436718702,
            -0.024912608787417412,
            -0.020513171330094337,
            0.12611509300768375,
            0.00025353549062856473,
            -0.10452710092067719,
            -0.11120427399873734,
            0.9174008812020714
        ],
        [
            0.0458364887163043,
            -0.07575763389468193,
            -0.041332487016916275,
            0.05340974312275648,
            -0.06976958364248276,
            -0.08725044317543507,
            -0.04820156842470169,
            0.9174008812020714
        ],
        [
            0.04819055553525686,
            -0.13963124714791775,
            -0.06258954759687185,
            -0.01458831480704248,
            -0.13368492014706135,
            -0.07703464478254318,
            0.007217688835225999,
            0.9174008812020714
        ],
        [
            0.04792701918631792,
            -0.20000066608190536,
            -0.07651716005057096,
            -0.06725681480020285,
            -0.16115374863147736,
            -0.05723449867218733,
            0.05694292951375246,
            0.9174008812020714
        ],
        [
            0.04684561397880316,
            -0.2743150666356087,
            -0.08610733784735203,
            -0.11296252720057964,
            -0.20933793857693672,
            -0.06204483564943075,
            0.11482009664177895,
            0.9174008812020714
        ],
        [
            0.07544449996203184,
            -0.3950853645801544,
            -0.09936190210282803,
            -0.18978768959641457,
            -0.3446996212005615,
            -0.04775424022227526,
            0.23016775026917458,
            0.9174008812020714
        ],
        [
            0.0,
            0.0,
            0.0,
            0.0,
            0.0,
            0.0,
            0.0,
            0.9174008812020714
        ],
        [
            0.0,
            0.0,
            0.0,
            0.0,
            0.0,
            0.0,
            0.0,
            0.9174008812020714
        ],
        [
            0.0,
            0.0,
            0.0,
            0.0,
            0.0,
            0.0,
            0.0,
            0.9174008812020714
        ],
        [
            0.0,
            0.0,
            0.0,
            0.0,
            0.0,
            0.0,
            0.0,
            0.9174008812020714
        ],
        [
            0.0,
            0.0,
            0.0,
            0.0,
            0.0,
            0.0,
            0.0,
            0.9174008812020714
        ],
        [
            0.0,
            0.0,
            0.0,
            0.0,
            0.0,
            0.0,
            0.0,
            0.9174008812020714
        ],
        [
            0.0,
            0.0,
            0.0,
            0.0,
            0.0,
            0.0,
            0.0,
            0.9174008812020714
        ],
        [
            0.0,
            0.0,
            0.0,
            0.0,
            0.0,
            0.0,
            0.0,
            0.9174008812020714
        ]
    ],
    "retrieved_1_prompt": "use the squeegee to clean the counter and push everything into the sink",
    "retrieved_2_state": [
        0.17945028841495514,
        0.40754324197769165,
        0.16875828802585602,
        -2.0898630619049072,
        1.0913423299789429,
        1.8490006923675537,
        0.06419261544942856,
        0.6696035248082857
    ],