{
    "query_state": [
        -0.11274538189172745,
        0.2733723223209381,
        -0.0676366314291954,
        -2.1145074367523193,
        -0.025735508650541306,
        2.2196357250213623,
        0.04492999240756035,
        0.0
    ],
    "query_prompt": "use the squeegee to clean the counter and push everything into the sink",
    "inference_time": true,
    "retrieved_0_state": [
        0.006907336413860321,
        0.24063894152641296,
        -0.03965677320957184,
        -2.203674077987671,
        0.17260947823524475,
        2.1761176586151123,
        0.4081842303276062,
        0.7400880982936681
    ],
    "retrieved_0_actions": [
        [
            -0.03919573500752449,
            0.11180843226611614,
            0.13489415869116783,
            0.10630357079207897,
            0.5160745978355408,
            -0.3017140366137028,
            -0.1763324998319149,
            0.935022024573417
        ],
        [
            -0.04212808795273304,
            0.09186587296426296,
            0.15021423809230328,
            0.09974159300327301,
            0.5461191013455391,
            -0.33494800329208374,
            -0.21631596609950066,
            0.935022024573417
        ],
        [
            -0.03598749404773116,
            0.06566165015101433,
            0.17358412966132164,
            0.140575235709548,
            0.5799755826592445,
            -0.42927246540784836,
            -0.22889131680130959,
            0.935022024573417
        ],
        [
            -0.00020163823137409054,
            0.0630066730082035,
            0.17952818423509598,
            0.11915246956050396,
            0.5397156253457069,
            -0.4393047094345093,
            -0.18697464838624,
            0.935022024573417
        ],
        [
            0.04091859795153141,
            0.06282883696258068,
            0.1569192297756672,
            0.08664672262966633,
            0.4568134993314743,
            -0.385858379304409,
            -0.1331400591880083,
            0.935022024573417
        ],
        [
            0.07538045756518841,
            0.06328711751848459,
            0.15036561526358128,
            0.049712625332176685,
            0.4249965399503708,
            -0.34179139882326126,
            -0.12327793054282665,
            0.935022024573417
        ],
        [
            0.057662022300064564,
            0.08691676892340183,
            0.10289636440575123,
            -0.032140270341187716,
            0.3754713758826256,
            -0.24228673428297043,
            -0.2042805217206478,
            0.935022024573417
        ],
        [
            0.04952911753207445,
            0.0965240690857172,
            0.07519692182540894,
            -0.023544707801193,
            0.33221255987882614,
            -0.2244405448436737,
            -0.21190578117966652,
            0.935022024573417
        ],
        [
            0.041779689490795135,
            0.09084517136216164,
            0.04658181220293045,
            0.023327749222517014,
            0.2920837327837944,
            -0.24440720677375793,
            -0.1857193559408188,
            0.935022024573417
        ],
        [
            0.033037790562957525,
            0.0844997726380825,
            0.026172709185630083,
            0.037996480241417885,
            0.2674635499715805,
            -0.2366158738732338,
            -0.1758418045938015,
            0.935022024573417
        ],
        [
            0.02647253917530179,
            0.0684474129229784,
            0.010194076457992196,
            0.04039934370666742,
            0.24852685630321503,
            -0.2294701151549816,
            -0.1697288453578949,
            0.935022024573417
        ],
        [
            0.02492446918040514,
            0.05432467442005873,
            0.01178567879833281,
            0.05068320780992508,
            0.25002529844641685,
            -0.2244383655488491,
            -0.1687380112707615,
            0.935022024573417
        ],
        [
            0.04796528723090887,
            0.042973305098712444,
            0.030460741836577654,
            0.08079199120402336,
            0.24707326665520668,
            -0.23236941546201706,
            -0.13917116448283195,
            0.935022024573417
        ],
        [
            0.08639386855065823,
            0.02992680063471198,
            0.06159990560263395,
            0.12248138897120953,
            0.2548462525010109,
            -0.24976806715130806,
            -0.10536803863942623,
            0.935022024573417
        ],
        [
            0.11990239843726158,
            0.04210432060062885,
            0.08523843251168728,
            0.15022344887256622,
            0.27355965226888657,
            -0.24305790662765503,
            -0.0925835408270359,
            0.935022024573417
        ]
    ],
    "retrieved_0_prompt": "use the squeegee to clean the counter and push everything into the sink",
    "retrieved_1_state": [
        0.006857939530164003,
        0.262761652469635,
        -0.014175291173160076,
        -2.2021567821502686,
        0.2776535451412201,
        2.137498378753662,
        0.3824615478515625,
        0.7400880982936681
    ],