{
    "query_state": [
        0.08953619748353958,
        0.2972939610481262,
        0.12104682624340057,
        -2.0905816555023193,
        -0.12328728288412094,
        2.27487850189209,
        0.05252377316355705,
        0.0
    ],
    "query_prompt": "move the squeegee to the right and try to drag it",
    "inference_time": true,
    "retrieved_0_state": [
        0.11789024621248245,
        0.3236643075942993,
        0.16487771272659302,
        -2.1816253662109375,
        -0.09035422652959824,
        2.573653221130371,
        -0.11641892045736313,
        0.0
    ],
    "retrieved_0_actions": [
        [
            -0.023392222356051207,
            0.43505381792783737,
            0.004235717351548374,
            0.33338744193315506,
            0.059555224142968655,
            0.2879428304731846,
            -0.2197982370853424,
            0.0
        ],
        [
            -0.027483005542308092,
            0.4158457741141319,
            0.01388041884638369,
            0.3245985880494118,
            0.04713531117886305,
            0.239882692694664,
            -0.21501388400793076,
            0.0
        ],
        [
            -0.04091564565896988,
            0.4037594422698021,
            0.03782184096053243,
            0.3229651600122452,
            0.04058930557221174,
            0.1610347256064415,
            -0.2457704395055771,
            0.0
        ],
        [
            -0.04371612798422575,
            0.41545361280441284,
            0.0506090372800827,
            0.3515038266777992,
            0.02455158159136772,
            0.10899818502366543,
            -0.25156520307064056,
            0.0
        ],
        [
            -0.047531272284686565,
            0.40541872382164,
            0.05901473108679056,
            0.358303003013134,
            0.021735967602580786,
            0.10478147305548191,
            -0.22835684940218925,
            0.0
        ],
        [
            -0.06307840812951326,
            0.37052154541015625,
            0.06993891205638647,
            0.3410586714744568,
            0.02672119764611125,
            0.07996334694325924,
            -0.21547675132751465,
            0.0
        ],
        [
            -0.06633041426539421,
            0.3352927044034004,
            0.057037961669266224,
            0.32323531806468964,
            0.007129920995794237,
            0.053586955182254314,
            -0.19531907513737679,
            0.0
        ],
        [
            -0.07254601456224918,
            0.29336385428905487,
            0.04315613768994808,
            0.2993769384920597,
            -0.0068009080132469535,
            0.04790984094142914,
            -0.17710713669657707,
            0.0
        ],
        [
            -0.08464227430522442,
            0.24787697941064835,
            0.03982897847890854,
            0.2732436917722225,
            -0.008052848279476166,
            0.04899471998214722,
            -0.16406897455453873,
            0.0
        ],
        [
            -0.10240827687084675,
            0.2027735859155655,
            0.04992549307644367,
            0.24251313880085945,
            0.00670099921990186,
            0.05307614803314209,
            -0.15526567585766315,
            0.25
        ],
        [
            -0.1015522051602602,
            0.16373692080378532,
            0.053219590336084366,
            0.20832901820540428,
            0.01145440386608243,
            0.047849640250205994,
            -0.13946052640676498,
            0.3248899045247551
        ],
        [
            -0.0854850746691227,
            0.129666430875659,
            0.04313737154006958,
            0.17577644437551498,
            0.003536497533787042,
            0.04575996659696102,
            -0.11995445936918259,
            0.43942732822094954
        ],
        [
            -0.0711588654667139,
            0.09219353087246418,
            0.033898213878273964,
            0.13809547759592533,
            -0.003816441458184272,
            0.045862323604524136,
            -0.10404171422123909,
            0.5671806354679013
        ],
        [
            -0.06876001600176096,
            0.06433007307350636,
            0.03323094919323921,
            0.11196013540029526,
            -0.005358963389880955,
            0.04190495237708092,
            -0.10239754803478718,
            0.6905286335889526
        ],
        [
            -0.0568184070289135,
            0.029278153087943792,
            0.016609043814241886,
            0.08276794105768204,
            -0.015054731629788876,
            0.052732229232788086,
            -0.08359890431165695,
            0.8094713664110476
        ]
    ],
    "retrieved_0_prompt": "move the squeegee to the right and try to drag it",
    "retrieved_1_state": [
        0.07124064117670059,
        0.3190142512321472,
        0.1199662983417511,
        -2.116522789001465,
        -0.12325436621904373,
        2.5057644844055176,
        -0.08574164658784866,
        0.0
    ],