{
    "query_state": [
        -0.03144025802612305,
        -0.3466351330280304,
        -0.016682906076312065,
        -2.434624671936035,
        0.004209677688777447,
        2.122321605682373,
        -0.023085111752152443,
        0.0
    ],
    "query_prompt": "move the idli plate to the right",
    "inference_time": true,
    "retrieved_0_state": [
        -0.01726105622947216,
        0.19553424417972565,
        -0.001819549361243844,
        -2.2471401691436768,
        -0.21193240582942963,
        2.1765334606170654,
        -0.0834907814860344,
        0.0
    ],
    "retrieved_0_actions": [
        [
            -0.006240958464331925,
            -0.01863150391727686,
            -0.01413320773281157,
            -0.18096433952450752,
            0.08623228408396244,
            0.45875489711761475,
            -0.0014805792307015508,
            0.0
        ],
        [
            -0.02758571645244956,
            0.20656952634453773,
            -0.03426486626267433,
            -0.17826730385422707,
            0.042203241027891636,
            0.6697786599397659,
            -0.031200642697513103,
            0.0
        ],
        [
            -0.025025729555636644,
            0.33787641674280167,
            -0.05840735509991646,
            -0.1410340890288353,
            -0.014309490798041224,
            0.6265787035226822,
            0.004866962262894958,
            0.0
        ],
        [
            -0.039085024036467075,
            0.4136791080236435,
            -0.08203636854887009,
            -0.07424463983625174,
            -0.014446887653321028,
            0.49422871321439743,
            0.014305318472906947,
            0.0
        ],
        [
            -0.049837385304272175,
            0.40820982307195663,
            -0.09220439940690994,
            -0.017482812982052565,
            -0.009567405795678496,
            0.36168090999126434,
            -0.003936727007385343,
            0.0
        ],
        [
            -0.05748788360506296,
            0.37399131804704666,
            -0.11082226410508156,
            0.035390034317970276,
            -0.020844507962465286,
            0.26025809347629547,
            -0.0029156444361433387,
            0.0
        ],
        [
            -0.0892751943320036,
            0.3384154662489891,
            -0.1214101817458868,
            0.1387695875018835,
            0.012531381798908114,
            0.12772678397595882,
            -0.027463091537356377,
            0.0
        ],
        [
            -0.12039578519761562,
            0.2793581411242485,
            -0.11381029151380062,
            0.20477082580327988,
            0.05145242437720299,
            0.05115647800266743,
            -0.06020819768309593,
            0.0
        ],
        [
            -0.1741863414645195,
            0.23857418447732925,
            -0.08245646953582764,
            0.26109518483281136,
            0.1213592104613781,
            0.05012567155063152,
            -0.1333330199122429,
            0.0
        ],
        [
            -0.20424045622348785,
            0.17081266269087791,
            -0.03287244588136673,
            0.2460620366036892,
            0.1967402547597885,
            0.039921440184116364,
            -0.1843782141804695,
            0.0
        ],
        [
            -0.2487790212035179,
            0.15548518858850002,
            0.019332165829837322,
            0.22751515731215477,
            0.28333019465208054,
            0.04091850481927395,
            -0.26020513847470284,
            0.0
        ],
        [
            -0.3426704555749893,
            0.22904334589838982,
            0.07973451167345047,
            0.2460704743862152,
            0.40089547634124756,
            0.0640138378366828,
            -0.38026154041290283,
            0.0
        ],
        [
            -0.36517027765512466,
            0.34815534949302673,
            0.10829655453562737,
            0.3080643340945244,
            0.4032451659440994,
            0.0033040111884474754,
            -0.4353984445333481,
            0.0
        ],
        [
            -0.27115916833281517,
            0.37992991507053375,
            0.07196756545454264,
            0.27559150010347366,
            0.2707088924944401,
            0.05004958715289831,
            -0.3264479711651802,
            0.0
        ],
        [
            -0.2355567179620266,
            0.3078188933432102,
            0.08212492801249027,
            0.2061212994158268,
            0.25385545566678047,
            0.06787072401493788,
            -0.2618926391005516,
            0.0
        ]
    ],
    "retrieved_0_prompt": "move the idli plate to the right",
    "retrieved_1_state": [
        -0.0400254987180233,
        -0.49012061953544617,
        -0.02497812919318676,
        -2.5194523334503174,
        0.027548914775252342,
        2.0132622718811035,
        -0.024036290124058723,
        0.0
    ],