{
    "query_state": [
        -0.05170351266860962,
        0.27806025743484497,
        -0.03821660578250885,
        -2.082305669784546,
        0.008942795917391777,
        2.2807815074920654,
        0.029561547562479973,
        0.0
    ],
    "query_prompt": "move the idli plate to the right",
    "inference_time": true,
    "retrieved_0_state": [
        -0.028674881905317307,
        0.2907060384750366,
        -0.015016627497971058,
        -2.1804795265197754,
        0.02632077783346176,
        2.4586355686187744,
        -0.02623576484620571,
        0.0
    ],
    "retrieved_0_actions": [
        [
            -0.024538130965083838,
            0.6881657987833023,
            0.004789118247572333,
            0.5387486144900322,
            -0.026193717494606972,
            0.004802060720976442,
            -0.07760335691273212,
            0.0
        ],
        [
            -0.012481074081733823,
            0.6555980443954468,
            -0.0019099624478258193,
            0.5530129373073578,
            -0.058555942960083485,
            -0.012235443573445082,
            -0.05330509506165981,
            0.0
        ],
        [
            -0.0037718983367085457,
            0.6296694278717041,
            -0.009727038559503853,
            0.5608450621366501,
            -0.08148030377924442,
            -0.023127836175262928,
            -0.03952291328459978,
            0.0
        ],
        [
            0.0088346196571365,
            0.5819061398506165,
            -0.02202867530286312,
            0.5523891374468803,
            -0.10455898009240627,
            -0.04364450462162495,
            -0.021304641850292683,
            0.0
        ],
        [
            0.011945338919758797,
            0.541095957159996,
            -0.021876185201108456,
            0.5408153682947159,
            -0.10837122797966003,
            -0.06297862157225609,
            -0.022582653909921646,
            0.0
        ],
        [
            -0.014563377480953932,
            0.48334483057260513,
            0.005307722603902221,
            0.5098292231559753,
            -0.07873647846281528,
            -0.08326762355864048,
            -0.06450368091464043,
            0.0
        ],
        [
            -0.0683739222586155,
            0.40356598794460297,
            0.041497680358588696,
            0.4545150697231293,
            -0.033178848680108786,
            -0.08522761985659599,
            -0.1254919171333313,
            0.0
        ],
        [
            -0.1281528640538454,
            0.3421948105096817,
            0.05618513096123934,
            0.39637260138988495,
            0.004688963235821575,
            -0.08369301445782185,
            -0.16608936712145805,
            0.0
        ],
        [
            -0.20633399486541748,
            0.29725074768066406,
            0.05194143857806921,
            0.33974919468164444,
            0.045649195089936256,
            -0.08394753560423851,
            -0.2025466039776802,
            0.0
        ],
        [
            -0.26184163987636566,
            0.2568616345524788,
            0.025365613400936127,
            0.2895478159189224,
            0.06564990617334843,
            -0.06582378875464201,
            -0.2183014154434204,
            0.0
        ],
        [
            -0.3241374343633652,
            0.22698935121297836,
            -0.013457010500133038,
            0.25509823113679886,
            0.09578980505466461,
            -0.03712231758981943,
            -0.22702936083078384,
            0.0
        ],
        [
            -0.3969263657927513,
            0.1996474526822567,
            -0.02587959636002779,
            0.233386792242527,
            0.15195822343230247,
            -0.03952114377170801,
            -0.2641141228377819,
            0.0
        ],
        [
            -0.4316064715385437,
            0.21712487563490868,
            -0.010096702026203275,
            0.2626265399158001,
            0.19553851336240768,
            -0.054755681194365025,
            -0.30837975442409515,
            0.0
        ],
        [
            -0.43450959026813507,
            0.2574744448065758,
            0.005722249625250697,
            0.31566813588142395,
            0.22622007876634598,
            -0.060742259956896305,
            -0.3258136659860611,
            0.0
        ],
        [
            -0.39627112448215485,
            0.2979724295437336,
            0.02839611377567053,
            0.3681308403611183,
            0.2371337078511715,
            -0.07340413983911276,
            -0.31891442835330963,
            0.0
        ]
    ],
    "retrieved_0_prompt": "move the idli plate to the right",
    "retrieved_1_state": [
        -0.02816036157310009,
        0.22877544164657593,
        -0.014728281646966934,
        -2.218343734741211,
        0.026323528960347176,
        2.458264112472534,
        -0.025895869359374046,
        0.0
    ],