{
    "query_state": [
        -0.4090244770050049,
        0.7771703004837036,
        -0.14391271770000458,
        -1.6337659358978271,
        0.20521360635757446,
        2.3218109607696533,
        0.006874344311654568,
        0.9911894276295312
    ],
    "query_prompt": "move the idli plate to the right",
    "inference_time": true,
    "retrieved_0_state": [
        -0.23993447422981262,
        0.7315378785133362,
        -0.09205464273691177,
        -1.7100125551223755,
        -0.07761180400848389,
        2.2242984771728516,
        -0.2846543490886688,
        0.0
    ],
    "retrieved_0_actions": [
        [
            -0.009512780234217644,
            0.1774817705154419,
            -0.01593537745065987,
            0.09607798419892788,
            -0.05725395865738392,
            0.14648172073066235,
            0.010997159406542778,
            0.0
        ],
        [
            -0.015336764045059681,
            0.211250688880682,
            -0.03334421198815107,
            0.1811782643198967,
            -0.06213501561433077,
            0.1370391622185707,
            0.03320333547890186,
            0.0
        ],
        [
            -0.045938640832901,
            0.22233251482248306,
            -0.04901948384940624,
            0.25998152792453766,
            -0.04853731952607632,
            0.09469253942370415,
            0.042224759235978127,
            0.0
        ],
        [
            -0.09379494935274124,
            0.2224951796233654,
            -0.051182741299271584,
            0.3094828128814697,
            -0.02521088346838951,
            0.047716908156871796,
            0.024661808274686337,
            0.0
        ],
        [
            -0.1563369296491146,
            0.19739259034395218,
            -0.04642628598958254,
            0.3336529806256294,
            0.023540197871625423,
            -0.034786202013492584,
            0.0004321464439271949,
            0.0
        ],
        [
            -0.21278554573655128,
            0.2106066793203354,
            -0.028274997603148222,
            0.3689592331647873,
            0.08142638951539993,
            -0.09807701222598553,
            -0.030422434210777283,
            0.0
        ],
        [
            -0.2632583864033222,
            0.22637218236923218,
            0.00371033966075629,
            0.3947766125202179,
            0.1402541622519493,
            -0.1365051232278347,
            -0.07984738796949387,
            0.0
        ],
        [
            -0.2752380445599556,
            0.26207422837615013,
            0.02882201923057437,
            0.4227549210190773,
            0.17643924802541733,
            -0.14925150200724602,
            -0.11902367696166039,
            0.0
        ],
        [
            -0.29256779700517654,
            0.3353526070713997,
            0.07095204200595617,
            0.4728962108492851,
            0.22456061094999313,
            -0.14743441715836525,
            -0.17378924414515495,
            0.0
        ],
        [
            -0.2954518795013428,
            0.415472611784935,
            0.09901276789605618,
            0.5336081609129906,
            0.2507731318473816,
            -0.1535764615982771,
            -0.18261892721056938,
            0.0
        ],
        [
            -0.2948652394115925,
            0.48519670963287354,
            0.10962357744574547,
            0.5986322835087776,
            0.25779880583286285,
            -0.17969399690628052,
            -0.17291901633143425,
            0.0
        ],
        [
            -0.2894105203449726,
            0.5198344588279724,
            0.11028184555470943,
            0.6358467042446136,
            0.24217717349529266,
            -0.1912403479218483,
            -0.16646318137645721,
            0.0
        ],
        [
            -0.28708333149552345,
            0.5632536485791206,
            0.10462166741490364,
            0.6969805806875229,
            0.22266656160354614,
            -0.20257271826267242,
            -0.15502235852181911,
            0.0
        ],
        [
            -0.27250004932284355,
            0.6013729050755501,
            0.0858694314956665,
            0.760665237903595,
            0.19610226154327393,
            -0.22208265960216522,
            -0.11853966861963272,
            0.0
        ],
        [
            -0.26292914524674416,
            0.5976901203393936,
            0.05812664516270161,
            0.802701935172081,
            0.18225999549031258,
            -0.26402609422802925,
            -0.0690434081479907,
            0.0
        ]
    ],
    "retrieved_0_prompt": "move the idli plate to the right",
    "retrieved_1_state": [
        -0.4946097433567047,
        0.7227293848991394,
        -0.06355271488428116,
        -1.827315092086792,
        0.16188716888427734,
        2.424485445022583,
        -0.2974904775619507,
        0.0
    ],