{
    "query_state": [
        0.04804031178355217,
        -0.16031716763973236,
        0.08142892271280289,
        -2.222506523132324,
        -0.13412770628929138,
        2.028580904006958,
        0.1333894580602646,
        0.0
    ],
    "query_prompt": "push the lever on the toaster",
    "inference_time": true,
    "retrieved_0_state": [
        0.10373415797948837,
        -0.327751487493515,
        0.15787868201732635,
        -2.6010420322418213,
        -0.006657784804701805,
        2.2972218990325928,
        0.0691894069314003,
        0.9911894276295312
    ],
    "retrieved_0_actions": [
        [
            -0.0068626279244199395,
            0.17037229612469673,
            0.04732586443424225,
            0.02627663780003786,
            -0.15378321520984173,
            0.1847199909389019,
            0.20711690187454224,
            0.9977973569073828
        ],
        [
            -0.02472535241395235,
            0.15980813652276993,
            0.03918299451470375,
            0.030249750707298517,
            -0.1727536879479885,
            0.15794157981872559,
            0.2149183489382267,
            0.9977973569073828
        ],
        [
            -0.038343395572155714,
            0.1429643388837576,
            0.02943190047517419,
            0.029982083942741156,
            -0.17400570213794708,
            0.13515830971300602,
            0.20857689902186394,
            0.9977973569073828
        ],
        [
            -0.055573475547134876,
            0.12985799461603165,
            0.01272644498385489,
            0.04193762317299843,
            -0.17012614756822586,
            0.10195063427090645,
            0.2048390731215477,
            0.9977973569073828
        ],
        [
            -0.06404941901564598,
            0.1167814526706934,
            -0.0006368324829963967,
            0.04359184764325619,
            -0.16613101586699486,
            0.09087344631552696,
            0.1934032142162323,
            0.9977973569073828
        ],
        [
            -0.06755944807082415,
            0.11952556669712067,
            -0.006652824813500047,
            0.04170588217675686,
            -0.17272060737013817,
            0.09910966269671917,
            0.18468929454684258,
            0.9977973569073828
        ],
        [
            -0.07052149623632431,
            0.13723541051149368,
            -0.008300519548356533,
            0.04586336202919483,
            -0.18361322581768036,
            0.11607601307332516,
            0.18521716818213463,
            0.9977973569073828
        ],
        [
            -0.06585037335753441,
            0.16311779618263245,
            -0.009591244161128998,
            0.0574131915345788,
            -0.18749842420220375,
            0.13954618945717812,
            0.18348492681980133,
            0.9977973569073828
        ],
        [
            -0.054090279154479504,
            0.1955726556479931,
            -0.004543070390354842,
            0.06868466269224882,
            -0.1827065460383892,
            0.16019124537706375,
            0.18367812037467957,
            0.9977973569073828
        ],
        [
            -0.03678038250654936,
            0.22101448848843575,
            0.001825456420192495,
            0.08696845732629299,
            -0.1731961965560913,
            0.16679191961884499,
            0.18235797062516212,
            0.9977973569073828
        ],
        [
            -0.02219798043370247,
            0.23107819259166718,
            0.007812753901816905,
            0.1056426577270031,
            -0.1653536595404148,
            0.1649739220738411,
            0.18105825409293175,
            0.9977973569073828
        ],
        [
            -0.003621295327320695,
            0.2218894474208355,
            0.01379423774778843,
            0.15525372698903084,
            -0.14860155060887337,
            0.11571774259209633,
            0.17705906182527542,
            0.9977973569073828
        ],
        [
            0.010769577929750085,
            0.2157350443303585,
            0.01378886983729899,
            0.1850593276321888,
            -0.13594206422567368,
            0.08124987594783306,
            0.17821216955780983,
            0.9977973569073828
        ],
        [
            0.018335016211494803,
            0.20625393837690353,
            0.011657816357910633,
            0.18956564366817474,
            -0.13556364923715591,
            0.07903622463345528,
            0.17945555970072746,
            0.9977973569073828
        ],
        [
            0.023858307395130396,
            0.2071056142449379,
            0.01059767440892756,
            0.19709037616848946,
            -0.1371269766241312,
            0.079957265406847,
            0.1777307130396366,
            0.9977973569073828
        ]
    ],
    "retrieved_0_prompt": "push the lever on the toaster",
    "retrieved_1_state": [
        0.08725724369287491,
        -0.0719471126794815,
        0.1574741005897522,
        -2.485076665878296,
        -0.1688147485256195,
        2.3703794479370117,
        0.17989565432071686,
        0.9911894276295312
    ],