{
    "query_state": [
        0.008144109509885311,
        -0.6033406853675842,
        0.004874177277088165,
        -2.519705057144165,
        -0.029990561306476593,
        1.906358242034912,
        -0.0028674639761447906,
        0.0
    ],
    "query_prompt": "push the lever on the toaster",
    "inference_time": true,
    "retrieved_0_state": [
        -0.006783498916774988,
        -0.6113972067832947,
        0.003907890524715185,
        -2.526899576187134,
        -0.020260024815797806,
        1.903350591659546,
        0.01494391355663538,
        0.0
    ],
    "retrieved_0_actions": [
        [
            -0.03741673659533262,
            0.11426071636378765,
            -0.021613670978695154,
            0.06484733428806067,
            -0.05302894860506058,
            0.054288869723677635,
            -0.012242939556017518,
            0.0
        ],
        [
            -0.05051742307841778,
            0.22222205996513367,
            -0.0576841039583087,
            0.13609280809760094,
            -0.05728923715651035,
            0.0776860024780035,
            -0.05155645310878754,
            0.0
        ],
        [
            -0.05155334249138832,
            0.3178982064127922,
            -0.07722063455730677,
            0.19828679040074348,
            -0.05395337473601103,
            0.09364617057144642,
            -0.07848178967833519,
            0.0
        ],
        [
            -0.05058513022959232,
            0.4273073747754097,
            -0.08293645456433296,
            0.2710721641778946,
            -0.06072428077459335,
            0.12381401844322681,
            -0.09841837920248508,
            0.0
        ],
        [
            -0.04037853796035051,
            0.5057746171951294,
            -0.08672655560076237,
            0.3403659164905548,
            -0.056035881862044334,
            0.14514556154608727,
            -0.14117663726210594,
            0.0
        ],
        [
            -0.029507586732506752,
            0.5680908635258675,
            -0.08240344934165478,
            0.39880208671092987,
            -0.06042955908924341,
            0.14610680751502514,
            -0.17959106713533401,
            0.0
        ],
        [
            -0.02919063437730074,
            0.61638493090868,
            -0.07090043276548386,
            0.43405506759881973,
            -0.06924732588231564,
            0.15832245349884033,
            -0.1781066320836544,
            0.0
        ],
        [
            -0.033900532871484756,
            0.6434132903814316,
            -0.05792661104351282,
            0.4508074000477791,
            -0.08355190977454185,
            0.16961116343736649,
            -0.16232017427682877,
            0.0
        ],
        [
            -0.04025822505354881,
            0.644720196723938,
            -0.05552622955292463,
            0.4549850523471832,
            -0.09891730733215809,
            0.1727975532412529,
            -0.15723656862974167,
            0.0
        ],
        [
            -0.044561116956174374,
            0.6140807643532753,
            -0.05671536549925804,
            0.45066915452480316,
            -0.09914685972034931,
            0.15450828708708286,
            -0.1447127666324377,
            0.15659325000000002
        ],
        [
            -0.03926306031644344,
            0.5800458043813705,
            -0.05333272274583578,
            0.4436619207262993,
            -0.0804205983877182,
            0.13451444916427135,
            -0.13179522939026356,
            0.31167397714705347
        ],
        [
            -0.03599869552999735,
            0.5400952696800232,
            -0.03915020264685154,
            0.42398855090141296,
            -0.08151387795805931,
            0.11867244727909565,
            -0.10423858650028706,
            0.4438326373468501
        ],
        [
            -0.029307270888239145,
            0.49924328923225403,
            -0.031012804247438908,
            0.39122696965932846,
            -0.06680019199848175,
            0.11617192067205906,
            -0.08939948864281178,
            0.5715859007668576
        ],
        [
            -0.023597250692546368,
            0.4355919361114502,
            -0.022803843021392822,
            0.3484858199954033,
            -0.066633066162467,
            0.11880931444466114,
            -0.07724793627858162,
            0.6905286335889526
        ],
        [
            -0.017785760574042797,
            0.36987606436014175,
            -0.015450459904968739,
            0.3059000335633755,
            -0.07159516215324402,
            0.10842448100447655,
            -0.0685200747102499,
            0.813876675536948
        ]
    ],
    "retrieved_0_prompt": "push the lever on the toaster",
    "retrieved_1_state": [
        -0.007118647452443838,
        -0.6107054948806763,
        0.0038522433023899794,
        -2.527012586593628,
        -0.02139696665108204,
        1.9037286043167114,
        0.01495292317122221,
        0.0
    ],