{
    "query_state": [
        0.02696477808058262,
        -0.4467247724533081,
        0.05109751224517822,
        -2.547577381134033,
        -0.01701796054840088,
        2.003506898880005,
        0.030471235513687134,
        0.0
    ],
    "query_prompt": "pick up the poke ball and put it in the tray",
    "inference_time": true,
    "retrieved_0_state": [
        0.070649154484272,
        -0.4190576374530792,
        0.0389849916100502,
        -2.5730557441711426,
        0.013240305706858635,
        2.21482253074646,
        0.03644045442342758,
        0.0
    ],
    "retrieved_0_actions": [
        [
            -0.019553357269614935,
            0.34162260591983795,
            0.059490716084837914,
            -0.1537557877600193,
            0.05370252765715122,
            0.3677380830049515,
            0.08315118961036205,
            0.0
        ],
        [
            -0.032522412948310375,
            0.3544008731842041,
            0.037360815331339836,
            -0.14280973933637142,
            0.05727971903979778,
            0.34805674105882645,
            0.07762308698147535,
            0.0
        ],
        [
            -0.04668945912271738,
            0.3414629027247429,
            0.04012729972600937,
            -0.11532923206686974,
            0.020628529600799084,
            0.3387444093823433,
            0.08356207981705666,
            0.0
        ],
        [
            -0.0625097332522273,
            0.33038608729839325,
            0.052285920828580856,
            -0.06953354459255934,
            -0.04435043316334486,
            0.3155716136097908,
            0.10571900755167007,
            0.0
        ],
        [
            -0.06774967070668936,
            0.2940785512328148,
            0.060297902673482895,
            -0.0033962290035560727,
            -0.08556238375604153,
            0.24474309757351875,
            0.1275073830038309,
            0.0
        ],
        [
            -0.05300489719957113,
            0.2288646623492241,
            0.07855185307562351,
            0.13113636523485184,
            -0.10768748819828033,
            0.07040795870125294,
            0.15970271080732346,
            0.0
        ],
        [
            -0.04880986176431179,
            0.1961524598300457,
            0.08330121636390686,
            0.1389953587204218,
            -0.1331951841711998,
            0.03908415790647268,
            0.16907893121242523,
            0.0
        ],
        [
            -0.051254527643322945,
            0.18045885488390923,
            0.08271805010735989,
            0.12158278375864029,
            -0.16495870426297188,
            0.04861753899604082,
            0.18176047131419182,
            0.0
        ],
        [
            -0.054938169196248055,
            0.1784425787627697,
            0.07598410826176405,
            0.09596459567546844,
            -0.1751961186528206,
            0.06657024845480919,
            0.18231593072414398,
            0.0
        ],
        [
            -0.06504711229354143,
            0.18816057592630386,
            0.06405150517821312,
            0.06107737775892019,
            -0.1919875107705593,
            0.08979661390185356,
            0.1889820396900177,
            0.0
        ],
        [
            -0.06848352029919624,
            0.1701417751610279,
            0.04836016334593296,
            0.0464415829628706,
            -0.17761247232556343,
            0.06945856381207705,
            0.1455953624099493,
            0.0
        ],
        [
            -0.07050713524222374,
            0.0905720517039299,
            0.034486898221075535,
            0.03952675499022007,
            -0.17506569623947144,
            0.030948545318096876,
            0.11225240305066109,
            0.0
        ],
        [
            -0.0302203674800694,
            -0.0018979074957314879,
            0.029485714621841908,
            0.00425493810325861,
            0.005970646743662655,
            -0.008658303413540125,
            -0.006818024558015168,
            0.0
        ],
        [
            -0.03987358883023262,
            0.07975615561008453,
            0.029909145087003708,
            -0.03587291808798909,
            -0.05231466144323349,
            0.04493897780776024,
            0.02304537920281291,
            0.0
        ],
        [
            -0.06254492793232203,
            0.15415011905133724,
            0.016472929855808616,
            -0.10406880639493465,
            -0.09456327185034752,
            0.12646188959479332,
            0.07463893387466669,
            0.0
        ]
    ],
    "retrieved_0_prompt": "pick up the poke ball and put it in the tray",
    "retrieved_1_state": [
        0.06928521394729614,
        -0.454809308052063,
        0.03134696185588837,
        -2.5575404167175293,
        0.013225563801825047,
        2.1801810264587402,
        0.03037428669631481,
        0.0
    ],