{
    "query_state": [
        0.03172973915934563,
        -0.012044507078826427,
        0.08594918251037598,
        -2.614840507507324,
        -0.0456380657851696,
        2.3568434715270996,
        0.09818655252456665,
        0.0
    ],
    "query_prompt": "pick up the poke ball and put it in the tray",
    "inference_time": true,
    "retrieved_0_state": [
        0.063988097012043,
        -0.06762683391571045,
        0.05045362189412117,
        -2.6577577590942383,
        -0.07278721779584885,
        2.417733907699585,
        0.1386425793170929,
        0.0
    ],
    "retrieved_0_actions": [
        [
            -0.0858984887599945,
            0.16056407243013382,
            -0.005482023116201162,
            -0.06873852107673883,
            -0.26442527770996094,
            0.18451809883117676,
            0.16940467059612274,
            0.0
        ],
        [
            -0.08717185817658901,
            0.11091184802353382,
            -0.01618364593014121,
            -0.029542220290750265,
            -0.3818725049495697,
            0.16334077343344688,
            0.24567702785134315,
            0.0
        ],
        [
            -0.07960937917232513,
            0.02841397887095809,
            -0.020665398333221674,
            -0.00556364597287029,
            -0.5431784316897392,
            0.10962574742734432,
            0.34123070538043976,
            0.0
        ],
        [
            -0.07138833869248629,
            0.008665442583151162,
            -0.02721236553043127,
            0.0033318513305857778,
            -0.5448867008090019,
            0.11555652134120464,
            0.30591392889618874,
            0.0
        ],
        [
            -0.07081757299602032,
            0.030530286021530628,
            -0.039081587456166744,
            -0.06063914392143488,
            -0.44167105108499527,
            0.4098135232925415,
            0.0432537030428648,
            0.0
        ],
        [
            -0.06925931200385094,
            0.1599886268377304,
            -0.053692073561251163,
            -0.04637415520846844,
            -0.14573936350643635,
            0.5557696148753166,
            -0.18881285563111305,
            0.0
        ],
        [
            -0.05449741147458553,
            0.3372436389327049,
            -0.055791083723306656,
            0.04089615307748318,
            0.24937357753515244,
            0.5375776439905167,
            -0.37344951182603836,
            0.0
        ],
        [
            -0.04131171386688948,
            0.43980758637189865,
            -0.03814915660768747,
            0.06939681246876717,
            0.40724486112594604,
            0.5089272186160088,
            -0.39700713008642197,
            0.0
        ],
        [
            -0.024900049902498722,
            0.47467879951000214,
            -0.027520866133272648,
            0.06983348634094,
            0.295344740152359,
            0.45502547174692154,
            -0.2774709649384022,
            0.0
        ],
        [
            -0.006971822585910559,
            0.4286779463291168,
            -0.0352814607322216,
            0.08551605977118015,
            0.16928771510720253,
            0.35810962319374084,
            -0.21954577416181564,
            0.0
        ],
        [
            -0.015970537206158042,
            0.4096236079931259,
            -0.05380718968808651,
            0.08576333522796631,
            0.1641417294740677,
            0.3226342797279358,
            -0.22871702909469604,
            0.0
        ],
        [
            -0.043364656157791615,
            0.38527246564626694,
            -0.06521693430840969,
            0.07537748198956251,
            0.19442174583673477,
            0.31311143189668655,
            -0.2561689540743828,
            0.25
        ],
        [
            -0.05368632264435291,
            0.3163018077611923,
            -0.05255824886262417,
            0.06305207032710314,
            0.2072734758257866,
            0.2772919833660126,
            -0.26657164096832275,
            0.3072687556750414
        ],
        [
            -0.03812133800238371,
            0.21371914073824883,
            -0.05666038487106562,
            0.0624317629262805,
            0.1715923473238945,
            0.19073598086833954,
            -0.23366708308458328,
            0.4218061793712359
        ],
        [
            -0.0247552921064198,
            -0.08476088754832745,
            -0.04093610215932131,
            0.10033438913524151,
            0.1684863679111004,
            -0.09503316134214401,
            -0.21923605352640152,
            0.5495594866181877
        ]
    ],
    "retrieved_0_prompt": "pick up the poke ball and put it in the tray",
    "retrieved_1_state": [
        0.06657594442367554,
        -0.09595628082752228,
        0.05062481388449669,
        -2.635737180709839,
        -0.057562295347452164,
        2.4174294471740723,
        0.13163669407367706,
        0.0
    ],