{
    "query_state": [
        0.03166961297392845,
        -0.25804853439331055,
        0.07374390214681625,
        -2.6523337364196777,
        -0.015591130591928959,
        2.189960479736328,
        0.07648391276597977,
        0.0
    ],
    "query_prompt": "pick up the poke ball and put it in the tray",
    "inference_time": true,
    "retrieved_0_state": [
        0.06936861574649811,
        -0.26015570759773254,
        0.04619919881224632,
        -2.6490979194641113,
        0.012295334599912167,
        2.3615903854370117,
        0.06026443839073181,
        0.0
    ],
    "retrieved_0_actions": [
        [
            -0.06774967070668936,
            0.2940785512328148,
            0.060297902673482895,
            -0.0033962290035560727,
            -0.08556238375604153,
            0.24474309757351875,
            0.1275073830038309,
            0.0
        ],
        [
            -0.05300489719957113,
            0.2288646623492241,
            0.07855185307562351,
            0.13113636523485184,
            -0.10768748819828033,
            0.07040795870125294,
            0.15970271080732346,
            0.0
        ],
        [
            -0.04880986176431179,
            0.1961524598300457,
            0.08330121636390686,
            0.1389953587204218,
            -0.1331951841711998,
            0.03908415790647268,
            0.16907893121242523,
            0.0
        ],
        [
            -0.051254527643322945,
            0.18045885488390923,
            0.08271805010735989,
            0.12158278375864029,
            -0.16495870426297188,
            0.04861753899604082,
            0.18176047131419182,
            0.0
        ],
        [
            -0.054938169196248055,
            0.1784425787627697,
            0.07598410826176405,
            0.09596459567546844,
            -0.1751961186528206,
            0.06657024845480919,
            0.18231593072414398,
            0.0
        ],
        [
            -0.06504711229354143,
            0.18816057592630386,
            0.06405150517821312,
            0.06107737775892019,
            -0.1919875107705593,
            0.08979661390185356,
            0.1889820396900177,
            0.0
        ],
        [
            -0.06848352029919624,
            0.1701417751610279,
            0.04836016334593296,
            0.0464415829628706,
            -0.17761247232556343,
            0.06945856381207705,
            0.1455953624099493,
            0.0
        ],
        [
            -0.07050713524222374,
            0.0905720517039299,
            0.034486898221075535,
            0.03952675499022007,
            -0.17506569623947144,
            0.030948545318096876,
            0.11225240305066109,
            0.0
        ],
        [
            -0.0302203674800694,
            -0.0018979074957314879,
            0.029485714621841908,
            0.00425493810325861,
            0.005970646743662655,
            -0.008658303413540125,
            -0.006818024558015168,
            0.0
        ],
        [
            -0.03987358883023262,
            0.07975615561008453,
            0.029909145087003708,
            -0.03587291808798909,
            -0.05231466144323349,
            0.04493897780776024,
            0.02304537920281291,
            0.0
        ],
        [
            -0.06254492793232203,
            0.15415011905133724,
            0.016472929855808616,
            -0.10406880639493465,
            -0.09456327185034752,
            0.12646188959479332,
            0.07463893387466669,
            0.0
        ],
        [
            -0.07745468057692051,
            0.1697494462132454,
            0.00611583236604929,
            -0.10689942166209221,
            -0.16619134694337845,
            0.16941284760832787,
            0.11786866001784801,
            0.0
        ],
        [
            -0.0858984887599945,
            0.16056407243013382,
            -0.005482023116201162,
            -0.06873852107673883,
            -0.26442527770996094,
            0.18451809883117676,
            0.16940467059612274,
            0.0
        ],
        [
            -0.08717185817658901,
            0.11091184802353382,
            -0.01618364593014121,
            -0.029542220290750265,
            -0.3818725049495697,
            0.16334077343344688,
            0.24567702785134315,
            0.0
        ],
        [
            -0.07960937917232513,
            0.02841397887095809,
            -0.020665398333221674,
            -0.00556364597287029,
            -0.5431784316897392,
            0.10962574742734432,
            0.34123070538043976,
            0.0
        ]
    ],
    "retrieved_0_prompt": "pick up the poke ball and put it in the tray",
    "retrieved_1_state": [
        0.033165156841278076,
        -0.1519608199596405,
        0.08453572541475296,
        -2.7705116271972656,
        -0.14945371448993683,
        2.5986123085021973,
        0.1842094361782074,
        0.0
    ],