{
    "query_state": [
        0.10236456245183945,
        0.3046349883079529,
        0.08682545274496078,
        -2.2987020015716553,
        -0.08962460607290268,
        2.3475663661956787,
        0.23799879848957062,
        0.0
    ],
    "query_prompt": "pick up the poke ball and put it in the tray",
    "inference_time": true,
    "retrieved_0_state": [
        0.08160281181335449,
        0.2282038927078247,
        0.053822919726371765,
        -2.425429105758667,
        0.03173677623271942,
        2.6399288177490234,
        0.03539252281188965,
        0.46255509156456664
    ],
    "retrieved_0_actions": [
        [
            -0.08317843079566956,
            -0.2826974168419838,
            -0.03202397609129548,
            -0.07753205485641956,
            -0.05496993660926819,
            -0.07682758383452892,
            -0.0840456597507,
            0.7698238034126639
        ],
        [
            -0.14941333793103695,
            -0.381697453558445,
            -0.028888126835227013,
            -0.11056724935770035,
            0.05026220344007015,
            -0.1430269330739975,
            -0.18676050007343292,
            0.8623348129601884
        ],
        [
            -0.2002958208322525,
            -0.4656163603067398,
            -0.04132779315114021,
            -0.11640205048024654,
            0.14524891041219234,
            -0.23300515487790108,
            -0.28243089094758034,
            0.8931718015337151
        ],
        [
            -0.2309146523475647,
            -0.5461061373353004,
            -0.12130482122302055,
            -0.14006777666509151,
            0.11264133267104626,
            -0.26329535990953445,
            -0.3019232116639614,
            0.9372246736579992
        ],
        [
            -0.23849207907915115,
            -0.5519159510731697,
            -0.208755973726511,
            -0.1526979822665453,
            0.014419697690755129,
            -0.255135465413332,
            -0.27211764827370644,
            0.9284140992331424
        ],
        [
            -0.24014079943299294,
            -0.5064214020967484,
            -0.2502085641026497,
            -0.1451270841062069,
            -0.05061560310423374,
            -0.23171018809080124,
            -0.24081986397504807,
            0.9251101338238211
        ],
        [
            -0.2533048950135708,
            -0.4382893815636635,
            -0.2815741114318371,
            -0.13414465822279453,
            -0.11714075691998005,
            -0.20125871524214745,
            -0.2012779749929905,
            0.9251101338238211
        ],
        [
            -0.26218587532639503,
            -0.3741476684808731,
            -0.29049040749669075,
            -0.06233543623238802,
            -0.19186975434422493,
            -0.24263480678200722,
            -0.1484509464353323,
            0.9251101338238211
        ],
        [
            -0.250773411244154,
            -0.28390757739543915,
            -0.2713516168296337,
            -0.02322884276509285,
            -0.20566992461681366,
            -0.2152838557958603,
            -0.11751708574593067,
            0.9251101338238211
        ],
        [
            -0.24175764992833138,
            -0.19873982295393944,
            -0.2527185529470444,
            0.008736778981983662,
            -0.2163475938141346,
            -0.17716160044074059,
            -0.08639874868094921,
            0.9251101338238211
        ],
        [
            -0.21203894168138504,
            -0.1253086980432272,
            -0.21764392033219337,
            0.031240549869835377,
            -0.19222548231482506,
            -0.1500234752893448,
            -0.06622516550123692,
            0.9251101338238211
        ],
        [
            -0.17147717997431755,
            -0.08654638193547726,
            -0.1829528994858265,
            0.03901442512869835,
            -0.1283117849379778,
            -0.14397620223462582,
            -0.07832120172679424,
            0.4504405352952845
        ],
        [
            -0.11903787963092327,
            -0.07231719326227903,
            -0.12801419012248516,
            0.052007208578288555,
            -0.11547859758138657,
            -0.14123591594398022,
            -0.053876549936831,
            0.3887665143212867
        ],
        [
            -0.07867182604968548,
            -0.06853731349110603,
            -0.08850827813148499,
            0.05535402800887823,
            -0.10194999165832996,
            -0.13713504187762737,
            -0.03502074396237731,
            0.2389867710121929
        ],
        [
            -0.055627631954848766,
            -0.0724788149818778,
            -0.061253500171005726,
            0.05708588287234306,
            -0.09828601032495499,
            -0.13260496780276299,
            -0.01817690907046199,
            0.11563877289114166
        ]
    ],
    "retrieved_0_prompt": "pick up the poke ball and put it in the tray",
    "retrieved_1_state": [
        0.1489899605512619,
        0.26959261298179626,
        0.08878722786903381,
        -2.3689627647399902,
        -0.21186397969722748,
        2.714520215988159,
        0.017698468640446663,
        0.5859030896856179
    ],