{
    "query_state": [
        0.12841013073921204,
        0.24152499437332153,
        0.14262473583221436,
        -1.9942013025283813,
        -0.05046723410487175,
        2.185933828353882,
        -0.3032553493976593,
        0.0
    ],
    "query_prompt": "open the door of the bottom shelf",
    "inference_time": true,
    "retrieved_0_state": [
        0.11255950480699539,
        0.13891719281673431,
        0.18531258404254913,
        -2.2394192218780518,
        -0.0016033807769417763,
        2.570160388946533,
        -0.3279237449169159,
        0.2687224542177167
    ],
    "retrieved_0_actions": [
        [
            0.08623311296105385,
            -0.03041282994672656,
            0.014410201692953706,
            -0.05948520265519619,
            -0.09584927931427956,
            0.25210242718458176,
            0.11209236457943916,
            0.0
        ],
        [
            0.08450252935290337,
            0.005515721859410405,
            -0.0019227592565584928,
            -0.0728808855637908,
            -0.16260594129562378,
            0.3239227831363678,
            0.1662195660173893,
            0.0
        ],
        [
            0.07365402765572071,
            0.03812410170212388,
            -0.021650297567248344,
            -0.09230479598045349,
            -0.21680863574147224,
            0.3709794953465462,
            0.2034670114517212,
            0.0
        ],
        [
            0.057419971562922,
            0.05398701410740614,
            -0.03441389184445143,
            -0.09974814020097256,
            -0.21601079031825066,
            0.3724733367562294,
            0.197024904191494,
            0.0
        ],
        [
            0.04650395829230547,
            0.0570023525506258,
            -0.04622766748070717,
            -0.1060893852263689,
            -0.20604008808732033,
            0.3980403393507004,
            0.18342934548854828,
            0.0
        ],
        [
            0.03871786640956998,
            0.05551541689783335,
            -0.0478521129116416,
            -0.10661646723747253,
            -0.182428527623415,
            0.418349988758564,
            0.16004469245672226,
            0.0
        ],
        [
            0.02318535465747118,
            0.05767328664660454,
            -0.026728950906544924,
            -0.09016240946948528,
            -0.10726793669164181,
            0.38668304681777954,
            0.11576413176953793,
            0.0
        ],
        [
            0.008904522401280701,
            0.07537595462054014,
            -0.01101854257285595,
            -0.051684584468603134,
            -0.054831020534038544,
            0.3149176761507988,
            0.10333730839192867,
            0.0
        ],
        [
            -0.00042011532059405,
            0.07816629484295845,
            -0.015138485468924046,
            -0.015135373687371612,
            -0.051061175763607025,
            0.23584675043821335,
            0.10776188224554062,
            0.0
        ],
        [
            -0.03162824781611562,
            0.06841245573014021,
            -0.0007136151543818414,
            0.02626300323754549,
            -0.004795444256160408,
            0.14443669468164444,
            0.06959761492908001,
            0.25
        ],
        [
            -0.03962066024541855,
            0.0365665415301919,
            -0.020869860891252756,
            0.03503222716972232,
            -0.02743660705164075,
            0.0993731152266264,
            0.07297886535525322,
            0.31167397714705347
        ],
        [
            -0.04655495285987854,
            0.012725066626444459,
            -0.027096003759652376,
            0.0381748634390533,
            -0.034886193461716175,
            0.05701993592083454,
            0.060173715464770794,
            0.4438326373468501
        ],
        [
            -0.046557835303246975,
            0.005982116563245654,
            -0.03207964589819312,
            0.036623915657401085,
            -0.04396670963615179,
            0.04174999427050352,
            0.057601453736424446,
            0.5715859007668576
        ],
        [
            -0.05630154628306627,
            0.034762811847031116,
            -0.026906945277005434,
            0.03952628467231989,
            -0.03026696154847741,
            0.058868881314992905,
            0.04294824320822954,
            0.6905286335889526
        ],
        [
            -0.08458205498754978,
            0.057769869454205036,
            0.003310619795229286,
            0.04302149172872305,
            0.03136360319331288,
            0.060114264488220215,
            -0.006602724315598607,
            0.8094713664110476
        ]
    ],
    "retrieved_0_prompt": "open the door of the bottom shelf",
    "retrieved_1_state": [
        0.1452151983976364,
        0.08957307785749435,
        0.10309860110282898,
        -2.1937789916992188,
        -0.013922184705734253,
        2.3627727031707764,
        -0.33865296840667725,
        0.0
    ],