{
    "query_state": [
        -0.05081290751695633,
        0.47333502769470215,
        -0.04579094052314758,
        -1.8892803192138672,
        -0.045403968542814255,
        2.348689556121826,
        0.07925590127706528,
        0.0
    ],
    "query_prompt": "move the idli plate to the right",
    "inference_time": true,
    "retrieved_0_state": [
        -0.042665258049964905,
        0.4719499945640564,
        -0.03472895920276642,
        -1.978164553642273,
        -0.0370028093457222,
        2.4004950523376465,
        0.04170941933989525,
        0.0
    ],
    "retrieved_0_actions": [
        [
            0.005505188601091504,
            0.47244682908058167,
            -0.05140949971973896,
            0.7390300929546356,
            0.019826574716717005,
            -0.2927778661251068,
            0.021659289486706257,
            0.0
        ],
        [
            -0.0026434840401634574,
            0.48608433455228806,
            -0.03876765724271536,
            0.7510961592197418,
            0.04326772876083851,
            -0.32735683023929596,
            0.0290729315020144,
            0.0
        ],
        [
            -0.005166403716430068,
            0.48406265676021576,
            -0.02646657871082425,
            0.7563505321741104,
            0.06047901697456837,
            -0.3728892281651497,
            0.03928995691239834,
            0.0
        ],
        [
            -0.013315300457179546,
            0.49245331436395645,
            -0.014139902777969837,
            0.7774963229894638,
            0.08021362125873566,
            -0.4046402871608734,
            0.04183473531156778,
            0.0
        ],
        [
            -0.029767847154289484,
            0.5117178335785866,
            0.0021508720237761736,
            0.7949590682983398,
            0.1041558850556612,
            -0.4051973670721054,
            0.02750047016888857,
            0.0
        ],
        [
            -0.04921191371977329,
            0.5074061825871468,
            0.02062636660411954,
            0.7761722058057785,
            0.12698194943368435,
            -0.39063967764377594,
            0.003239199286326766,
            0.0
        ],
        [
            -0.06582476198673248,
            0.5092933773994446,
            0.03628008300438523,
            0.7488031685352325,
            0.13844070956110954,
            -0.36141548305749893,
            -0.01998997526243329,
            0.0
        ],
        [
            -0.0696256197988987,
            0.5022422969341278,
            0.03576683346182108,
            0.7014285027980804,
            0.13078766874969006,
            -0.31076548621058464,
            -0.017619020072743297,
            0.0
        ],
        [
            -0.07488437928259373,
            0.49263712018728256,
            0.041578030213713646,
            0.6407009065151215,
            0.12503977864980698,
            -0.254227202385664,
            -0.025957028847187757,
            0.0
        ],
        [
            -0.0716241542249918,
            0.45481421053409576,
            0.05090182647109032,
            0.5725769698619843,
            0.11633040383458138,
            -0.2309306152164936,
            -0.03856271971017122,
            0.0
        ],
        [
            -0.06860445719212294,
            0.3886524960398674,
            0.06282556802034378,
            0.4922027513384819,
            0.11230063624680042,
            -0.2065432071685791,
            -0.0592986261472106,
            0.0
        ],
        [
            -0.06328001152724028,
            0.3101350739598274,
            0.06957337725907564,
            0.4056304320693016,
            0.10445882566273212,
            -0.17270535230636597,
            -0.07653213106095791,
            0.0
        ],
        [
            -0.04833288490772247,
            0.23596515879034996,
            0.04997215699404478,
            0.29814954847097397,
            0.07593283895403147,
            -0.0919813010841608,
            -0.07699092384427786,
            0.0
        ],
        [
            -0.06437935400754213,
            0.18034614622592926,
            0.042665041983127594,
            0.213017538189888,
            0.07656486704945564,
            -0.024187362287193537,
            -0.09004626423120499,
            0.0
        ],
        [
            -0.11915718205273151,
            0.1184395793825388,
            0.05456255283206701,
            0.12023736722767353,
            0.11392536573112011,
            0.03451000200584531,
            -0.12020565569400787,
            0.0
        ]
    ],
    "retrieved_0_prompt": "move the idli plate to the right",
    "retrieved_1_state": [
        -0.042702820152044296,
        0.41505590081214905,
        -0.032574158161878586,
        -2.0448875427246094,
        -0.03703990578651428,
        2.40622878074646,
        0.0416983962059021,
        0.0
    ],