{
    "query_state": [
        -0.0433531180024147,
        -0.0038173524662852287,
        -0.015780838206410408,
        -2.200197219848633,
        -0.045320913195610046,
        2.1690211296081543,
        -0.025343839079141617,
        0.0
    ],
    "query_prompt": "move the idli plate to the right",
    "inference_time": true,
    "retrieved_0_state": [
        -0.04101705551147461,
        -0.0389992855489254,
        -0.002772105624899268,
        -2.2893528938293457,
        -0.03332804515957832,
        2.1937201023101807,
        0.029666058719158173,
        0.0
    ],
    "retrieved_0_actions": [
        [
            -0.012931993696838617,
            0.5856288224458694,
            -0.07523918524384499,
            0.1816186122596264,
            -0.11665742844343185,
            0.5274198204278946,
            0.08682870306074619,
            0.0
        ],
        [
            -0.015644069062545896,
            0.8004570752382278,
            -0.08366581052541733,
            0.4009624198079109,
            -0.15666332095861435,
            0.4727596044540405,
            0.10287298820912838,
            0.0
        ],
        [
            -0.0012560251343529671,
            0.8523473143577576,
            -0.08381061255931854,
            0.5504037067294121,
            -0.14285029843449593,
            0.3073894791305065,
            0.09790862910449505,
            0.0
        ],
        [
            0.019537429325282574,
            0.8345945179462433,
            -0.07640109863132238,
            0.6596484035253525,
            -0.11436020024120808,
            0.11899774894118309,
            0.07284623570740223,
            0.0
        ],
        [
            0.035309751983731985,
            0.7473276555538177,
            -0.07286923937499523,
            0.7010722905397415,
            -0.10023505426943302,
            -0.018651369027793407,
            0.054056961089372635,
            0.0
        ],
        [
            0.03863333724439144,
            0.6534933298826218,
            -0.06542500108480453,
            0.736062228679657,
            -0.06682192906737328,
            -0.12415312230587006,
            0.03460071515291929,
            0.0
        ],
        [
            0.026650887448340654,
            0.5495078861713409,
            -0.054577686823904514,
            0.7329811900854111,
            -0.021384237334132195,
            -0.20607056096196175,
            0.013626659056171775,
            0.0
        ],
        [
            0.012641327921301126,
            0.5053433030843735,
            -0.05404676776379347,
            0.7498931884765625,
            0.004365738423075527,
            -0.256767850369215,
            0.01287361141294241,
            0.0
        ],
        [
            0.005505188601091504,
            0.47244682908058167,
            -0.05140949971973896,
            0.7390300929546356,
            0.019826574716717005,
            -0.2927778661251068,
            0.021659289486706257,
            0.0
        ],
        [
            -0.0026434840401634574,
            0.48608433455228806,
            -0.03876765724271536,
            0.7510961592197418,
            0.04326772876083851,
            -0.32735683023929596,
            0.0290729315020144,
            0.0
        ],
        [
            -0.005166403716430068,
            0.48406265676021576,
            -0.02646657871082425,
            0.7563505321741104,
            0.06047901697456837,
            -0.3728892281651497,
            0.03928995691239834,
            0.0
        ],
        [
            -0.013315300457179546,
            0.49245331436395645,
            -0.014139902777969837,
            0.7774963229894638,
            0.08021362125873566,
            -0.4046402871608734,
            0.04183473531156778,
            0.0
        ],
        [
            -0.029767847154289484,
            0.5117178335785866,
            0.0021508720237761736,
            0.7949590682983398,
            0.1041558850556612,
            -0.4051973670721054,
            0.02750047016888857,
            0.0
        ],
        [
            -0.04921191371977329,
            0.5074061825871468,
            0.02062636660411954,
            0.7761722058057785,
            0.12698194943368435,
            -0.39063967764377594,
            0.003239199286326766,
            0.0
        ],
        [
            -0.06582476198673248,
            0.5092933773994446,
            0.03628008300438523,
            0.7488031685352325,
            0.13844070956110954,
            -0.36141548305749893,
            -0.01998997526243329,
            0.0
        ]
    ],
    "retrieved_0_prompt": "move the idli plate to the right",
    "retrieved_1_state": [
        -0.051884088665246964,
        0.754696249961853,
        -0.038334302604198456,
        -1.5519790649414062,
        0.020236870273947716,
        2.2221362590789795,
        -0.01714199408888817,
        0.0
    ],