{
    "query_state": [
        -0.050803013145923615,
        -0.11233673244714737,
        -0.00017359717458020896,
        -2.443091869354248,
        -0.03846648335456848,
        2.3009135723114014,
        0.08302473276853561,
        0.0
    ],
    "query_prompt": "move the idli plate to the right",
    "inference_time": true,
    "retrieved_0_state": [
        -0.08846018463373184,
        -0.17282706499099731,
        -0.030776772648096085,
        -2.4402894973754883,
        -0.06268756836652756,
        2.2680587768554688,
        0.025494005531072617,
        0.0
    ],
    "retrieved_0_actions": [
        [
            -0.04468648228794336,
            0.6403416395187378,
            -0.07546838372945786,
            0.19538246095180511,
            -0.31865086406469345,
            0.376269593834877,
            0.0044792116386815906,
            0.0
        ],
        [
            -0.05393002647906542,
            0.7353251427412033,
            -0.10496933944523335,
            0.3434485197067261,
            -0.3694241866469383,
            0.23264262825250626,
            -0.053956336341798306,
            0.0
        ],
        [
            -0.04136625677347183,
            0.7463949173688889,
            -0.12242204509675503,
            0.4541464149951935,
            -0.3997739776968956,
            0.11796502396464348,
            -0.05778219550848007,
            0.0
        ],
        [
            -0.018113559344783425,
            0.762845054268837,
            -0.1376681588590145,
            0.5498022958636284,
            -0.361735038459301,
            0.04790961276739836,
            -0.08488894440233707,
            0.0
        ],
        [
            -0.0002854519698303193,
            0.7612353563308716,
            -0.13228432275354862,
            0.6000056117773056,
            -0.26657771319150925,
            0.02593579702079296,
            -0.14950471930205822,
            0.0
        ],
        [
            0.008696982986293733,
            0.8113081008195877,
            -0.10141347534954548,
            0.6476128101348877,
            -0.16108732670545578,
            0.04609393887221813,
            -0.22317362949252129,
            0.0
        ],
        [
            0.016297099646180868,
            0.789601132273674,
            -0.05517651792615652,
            0.6424177438020706,
            -0.06307648029178381,
            0.026790385600179434,
            -0.2466043457388878,
            0.0
        ],
        [
            0.027829145547002554,
            0.6963004916906357,
            -0.002888142771553248,
            0.5875265970826149,
            0.01512859482318163,
            -0.0015999239985831082,
            -0.24504564702510834,
            0.0
        ],
        [
            0.024545432534068823,
            0.611492395401001,
            0.038097144570201635,
            0.5168528482317924,
            0.06136887241154909,
            -0.012090731179341674,
            -0.26250172406435013,
            0.0
        ],
        [
            0.03405238967388868,
            0.5630440264940262,
            0.0487170135602355,
            0.4624463617801666,
            0.05763023626059294,
            -0.016033235006034374,
            -0.2388371154665947,
            0.0
        ],
        [
            0.039483425207436085,
            0.4878988489508629,
            0.05730772856622934,
            0.3972722962498665,
            0.06443265359848738,
            -0.035652213264256716,
            -0.2187100611627102,
            0.0
        ],
        [
            0.058248769491910934,
            0.40567055344581604,
            0.05385351832956076,
            0.3157379850745201,
            0.058555277064442635,
            -0.041073947213590145,
            -0.1779557205736637,
            0.0
        ],
        [
            0.048711029812693596,
            0.33194180577993393,
            0.04802619107067585,
            0.2540891058743,
            0.06535558495670557,
            -0.022414815612137318,
            -0.16460254788398743,
            0.0
        ],
        [
            -0.022280672565102577,
            0.3596575930714607,
            0.0367053272202611,
            0.27755606919527054,
            0.09867476299405098,
            0.04423747770488262,
            -0.18519479781389236,
            0.0
        ],
        [
            -0.11816003359854221,
            0.3510938212275505,
            0.02391453366726637,
            0.281197726726532,
            0.16498051583766937,
            0.10196726769208908,
            -0.19571486860513687,
            0.0
        ]
    ],
    "retrieved_0_prompt": "move the idli plate to the right",
    "retrieved_1_state": [
        -0.09144555032253265,
        -0.1254417449235916,
        -0.03279373422265053,
        -2.439434289932251,
        -0.08584525436162949,
        2.3107004165649414,
        0.03334328904747963,
        0.0
    ],