{
    "query_state": [
        0.03250310570001602,
        0.07313700020313263,
        0.030710987746715546,
        -2.197873592376709,
        -0.04909580200910568,
        2.1817867755889893,
        0.1343006044626236,
        0.9691629949913692
    ],
    "query_prompt": "push the lever on the toaster",
    "inference_time": true,
    "retrieved_0_state": [
        -0.03230729699134827,
        -0.0037717153318226337,
        -0.02633502706885338,
        -2.2396678924560547,
        -0.028223291039466858,
        2.2471728324890137,
        0.025792155414819717,
        0.9823788552590624
    ],
    "retrieved_0_actions": [
        [
            0.0299943913705647,
            0.26673242449760437,
            0.018149581737816334,
            0.1522762980312109,
            -0.01686018193140626,
            0.16559738665819168,
            0.047222888097167015,
            1.0
        ],
        [
            0.03628774778917432,
            0.2583068236708641,
            0.01832172623835504,
            0.18150916323065758,
            -0.03605979960411787,
            0.14322230592370033,
            0.0847506895661354,
            0.9977973569073828
        ],
        [
            0.0432084733620286,
            0.23910202085971832,
            0.015993380220606923,
            0.2003733068704605,
            -0.059529440477490425,
            0.12206032872200012,
            0.10678572580218315,
            0.9977973569073828
        ],
        [
            0.0454402482137084,
            0.23027030751109123,
            0.007438911707140505,
            0.23307550698518753,
            -0.0781229929998517,
            0.08843685500323772,
            0.13428476639091969,
            0.9977973569073828
        ],
        [
            0.042477864772081375,
            0.21260246634483337,
            -0.0021592086704913527,
            0.24298610165715218,
            -0.08967476896941662,
            0.06124185398221016,
            0.1454161573201418,
            0.9977973569073828
        ],
        [
            0.04002557601779699,
            0.20800523459911346,
            -0.009365719160996377,
            0.24989468976855278,
            -0.09854478761553764,
            0.0449074013158679,
            0.14484278857707977,
            0.9977973569073828
        ],
        [
            0.045116678811609745,
            0.21396150812506676,
            -0.012241482036188245,
            0.2572944387793541,
            -0.11337921023368835,
            0.03876251168549061,
            0.15291069634258747,
            0.9977973569073828
        ],
        [
            0.05574281793087721,
            0.2217700518667698,
            -0.008489320171065629,
            0.2661825530230999,
            -0.11356469243764877,
            0.0333472597412765,
            0.1610286720097065,
            0.9977973569073828
        ],
        [
            0.06328746676445007,
            0.2242933213710785,
            -0.006246879929676652,
            0.2626817300915718,
            -0.1062497217208147,
            0.028135499451309443,
            0.17624570056796074,
            0.9977973569073828
        ],
        [
            0.0655020447447896,
            0.22569386288523674,
            -0.009154333965852857,
            0.24936644360423088,
            -0.10717615485191345,
            0.02645737724378705,
            0.18911467865109444,
            0.9977973569073828
        ],
        [
            0.0694458233192563,
            0.24457596242427826,
            -0.017409787978976965,
            0.23085709661245346,
            -0.11203136295080185,
            0.04012999590486288,
            0.20550962537527084,
            0.9977973569073828
        ],
        [
            0.07366498932242393,
            0.2654271759092808,
            -0.0214435369707644,
            0.21754039451479912,
            -0.10088160634040833,
            0.04538513720035553,
            0.216596107929945,
            0.9977973569073828
        ],
        [
            0.07932966575026512,
            0.2833043597638607,
            -0.02422070363536477,
            0.13981536030769348,
            -0.0915625412017107,
            0.09506132453680038,
            0.22372795268893242,
            0.9977973569073828
        ],
        [
            0.08660298772156239,
            0.2890283428132534,
            -0.02836828352883458,
            0.1164142694324255,
            -0.09280502796173096,
            0.10694312863051891,
            0.2243819274008274,
            0.9977973569073828
        ],
        [
            0.09347094222903252,
            0.3047896549105644,
            -0.02990801353007555,
            0.11231902055442333,
            -0.08831174112856388,
            0.11543928645551205,
            0.22113515064120293,
            0.9977973569073828
        ]
    ],
    "retrieved_0_prompt": "push the lever on the toaster",
    "retrieved_1_state": [
        0.029940322041511536,
        0.08007843047380447,
        0.0199162345379591,
        -2.2393739223480225,
        -0.036226946860551834,
        2.263850450515747,
        0.319341242313385,
        0.9911894276295312
    ],