{
    "query_state": [
        0.005745540838688612,
        0.03452140465378761,
        0.035962339490652084,
        -2.441479206085205,
        -0.14386409521102905,
        2.3956236839294434,
        0.1270858645439148,
        0.0
    ],
    "query_prompt": "",
    "inference_time": true,
    "retrieved_0_state": [
        0.08384077996015549,
        0.10698992758989334,
        0.05698051676154137,
        -2.520693778991699,
        0.03480662405490875,
        2.6369400024414062,
        0.031387411057949066,
        0.0
    ],
    "retrieved_0_actions": [
        [
            -0.033522823359817266,
            0.35903532058000565,
            -0.03223732113838196,
            0.24187017232179642,
            -0.10796716436743736,
            0.0620654271915555,
            0.10543171316385269,
            0.0
        ],
        [
            -0.024627798702567816,
            0.30530696734786034,
            -0.028901780024170876,
            0.216909721493721,
            -0.10575287975370884,
            0.07454325444996357,
            0.07621949072927237,
            0.0
        ],
        [
            -0.020012997556477785,
            0.24958536028862,
            -0.02531924983486533,
            0.1889033243060112,
            -0.10740425437688828,
            0.09126885794103146,
            0.041544241830706596,
            0.0
        ],
        [
            -0.01679710461758077,
            0.18607115373015404,
            -0.022334165405482054,
            0.1640295796096325,
            -0.09841203689575195,
            0.08369956165552139,
            0.03426094073802233,
            0.0
        ],
        [
            -0.006608766270801425,
            0.11213084682822227,
            -0.02951608272269368,
            0.1322037447243929,
            -0.12176974676549435,
            0.06980849429965019,
            0.04299038089811802,
            0.25
        ],
        [
            -0.007645670557394624,
            0.044385422952473164,
            -0.02967716194689274,
            0.09753442369401455,
            -0.12175140902400017,
            0.052834986709058285,
            0.032872173469513655,
            0.31167397714705347
        ],
        [
            -0.016063213115558028,
            -0.05615762434899807,
            -0.023928843438625336,
            0.03895729314535856,
            -0.11266336776316166,
            0.02554706996306777,
            0.006445262115448713,
            0.4438326373468501
        ],
        [
            -0.03767374902963638,
            -0.1371408812701702,
            -0.008097130921669304,
            -0.017344654770568013,
            -0.0687729986384511,
            0.006310526514425874,
            -0.03759231185540557,
            0.5583700610430444
        ],
        [
            -0.054689887911081314,
            -0.19405703991651535,
            -0.013473753351718187,
            -0.05438739433884621,
            -0.058858804404735565,
            -0.015176025917753577,
            -0.05553675349801779,
            0.6552863358895252
        ],
        [
            -0.08317843079566956,
            -0.2826974168419838,
            -0.03202397609129548,
            -0.07753205485641956,
            -0.05496993660926819,
            -0.07682758383452892,
            -0.0840456597507,
            0.7698238034126639
        ]
    ],
    "retrieved_0_prompt": "pick up the poke ball and put it in the tray",
    "final_image_shape": [
        672,
        448,
        3
    ]
}