{
    "query_state": [
        -0.11506150662899017,
        0.3964308798313141,
        -0.04453086480498314,
        -2.073019027709961,
        0.0695047378540039,
        2.3184893131256104,
        -0.014408915303647518,
        0.004405309125900536
    ],
    "query_prompt": "use the squeegee to clean the counter and push everything into the sink",
    "inference_time": true,
    "retrieved_0_state": [
        -0.07193703204393387,
        0.14646270871162415,
        -0.03675743192434311,
        -2.454054594039917,
        0.2473958432674408,
        2.638849973678589,
        0.14707842469215393,
        0.748898672718525
    ],
    "retrieved_0_actions": [
        [
            0.07565721403807402,
            0.008751345449127257,
            0.0780572509393096,
            0.15733232721686363,
            0.3346513956785202,
            -0.3415354713797569,
            0.327221117913723,
            0.9372246681796312
        ],
        [
            0.07138208951801062,
            0.03753307741135359,
            0.08494480513036251,
            0.15829339623451233,
            0.35927269607782364,
            -0.30410485342144966,
            0.2673242799937725,
            0.9372246681796312
        ],
        [
            0.04824360832571983,
            0.07390984334051609,
            0.09578562341630459,
            0.17528658732771873,
            0.43078962713479996,
            -0.3292066231369972,
            0.16325948759913445,
            0.9372246681796312
        ],
        [
            0.01882412936538458,
            0.11883188039064407,
            0.10299491696059704,
            0.2032424882054329,
            0.5216209590435028,
            -0.3863818570971489,
            0.041625769808888435,
            0.9372246681796312
        ],
        [
            -0.00010619140994094778,
            0.15684936195611954,
            0.08110303431749344,
            0.22263852879405022,
            0.5166169255971909,
            -0.40461841970682144,
            -0.0049115868750959635,
            0.9372246681796312
        ],
        [
            -0.030927150510251522,
            0.18547553569078445,
            0.05966839846223593,
            0.2409430593252182,
            0.5211682245135307,
            -0.4520448297262192,
            -0.07693751715123653,
            0.9372246681796312
        ],
        [
            -0.04252199549227953,
            0.1820121333003044,
            0.038189138285815716,
            0.23494714871048927,
            0.46176977455616,
            -0.436214916408062,
            -0.08470430970191956,
            0.9372246681796312
        ],
        [
            -0.04227869212627411,
            0.18041111528873444,
            0.0254017929546535,
            0.23502198979258537,
            0.41471362113952637,
            -0.42375918477773666,
            -0.09826507419347763,
            0.9372246681796312
        ],
        [
            -0.04843211267143488,
            0.19691908732056618,
            0.032582962885499,
            0.2538313902914524,
            0.44471096247434616,
            -0.4637913778424263,
            -0.14406862668693066,
            0.9372246681796312
        ],
        [
            -0.04295010585337877,
            0.2118644304573536,
            0.04112004768103361,
            0.2576623111963272,
            0.4592350497841835,
            -0.47697607427835464,
            -0.16266658902168274,
            0.9372246681796312
        ],
        [
            -0.022619341034442186,
            0.21059243008494377,
            0.04027858842164278,
            0.24733636528253555,
            0.41273195296525955,
            -0.44925108551979065,
            -0.13813487254083157,
            0.9372246681796312
        ],
        [
            -0.009304516133852303,
            0.20690776407718658,
            0.0457550585269928,
            0.23969821631908417,
            0.3898511081933975,
            -0.4537317529320717,
            -0.1421765796840191,
            0.9372246681796312
        ],
        [
            0.0033315792097710073,
            0.1973338983952999,
            0.048646749928593636,
            0.22915443405508995,
            0.3683663532137871,
            -0.44709280133247375,
            -0.14883451163768768,
            0.9372246681796312
        ],
        [
            0.014765666564926505,
            0.19631749019026756,
            0.048626563511788845,
            0.2191615290939808,
            0.3605763614177704,
            -0.4282034561038017,
            -0.1622254028916359,
            0.9372246681796312
        ],
        [
            0.02472566207870841,
            0.19833557307720184,
            0.0431724963709712,
            0.2153402380645275,
            0.3500644862651825,
            -0.40702346712350845,
            -0.1653234101831913,
            0.9372246681796312
        ]
    ],
    "retrieved_0_prompt": "use the squeegee to clean the counter and push everything into the sink",
    "retrieved_1_state": [
        -0.05184664577245712,
        0.14849677681922913,
        -0.0027593590784817934,
        -2.414830446243286,
        0.395222932100296,
        2.506988286972046,
        0.2230515480041504,
        0.748898672718525
    ],