{
    "query_state": [
        0.17571331560611725,
        0.8840399980545044,
        0.0656685084104538,
        -1.2206319570541382,
        -0.0871565043926239,
        1.8607815504074097,
        -0.07457160949707031,
        0.0
    ],
    "query_prompt": "use the squeegee to clean the counter and push everything into the sink",
    "inference_time": true,
    "retrieved_0_state": [
        0.06620887666940689,
        0.18991613388061523,
        0.018723834306001663,
        -2.1210479736328125,
        0.5645921230316162,
        1.8641942739486694,
        0.3364350497722626,
        0.748898672718525
    ],
    "retrieved_0_actions": [
        [
            -0.05890326574444771,
            -0.2692655846476555,
            -0.07354918401688337,
            0.1084535289555788,
            -0.4324514791369438,
            -0.14953331090509892,
            0.5006652697920799,
            0.9372246681796312
        ],
        [
            -0.09819214232265949,
            -0.022192650940269232,
            -0.06417447701096535,
            0.14283563941717148,
            -0.30171606689691544,
            -0.11179555207490921,
            0.3719184920191765,
            0.9372246681796312
        ],
        [
            -0.11567100882530212,
            0.15638990327715874,
            -0.060383412055671215,
            0.14730634167790413,
            -0.1991691067814827,
            -0.0462676677852869,
            0.257439985871315,
            0.9372246681796312
        ],
        [
            -0.1136454101651907,
            0.23000039160251617,
            -0.060939155519008636,
            0.149405375123024,
            -0.15936627984046936,
            0.0005408299330156296,
            0.1734919659793377,
            0.9372246681796312
        ],
        [
            -0.10213266126811504,
            0.2536460757255554,
            -0.05995933897793293,
            0.15759019181132317,
            -0.1473848521709442,
            0.03674041014164686,
            0.11418997310101986,
            0.9372246681796312
        ],
        [
            -0.08710037916898727,
            0.25853198021650314,
            -0.05229081027209759,
            0.17062285915017128,
            -0.11878940276801586,
            0.06290076766163111,
            0.06411692593246698,
            0.9372246681796312
        ],
        [
            -0.07219469640403986,
            0.252473670989275,
            -0.03339814022183418,
            0.154081704095006,
            -0.07943578995764256,
            0.1351980958133936,
            -0.029872499871999025,
            0.9372246681796312
        ],
        [
            -0.05262679420411587,
            0.2467763051390648,
            -0.014431622112169862,
            0.15216361731290817,
            -0.055659287609159946,
            0.14290201477706432,
            -0.06184699013829231,
            0.9372246681796312
        ],
        [
            -0.055556087754666805,
            0.26678482070565224,
            0.009198254556395113,
            0.14976388774812222,
            0.051788100972771645,
            0.1356001477688551,
            -0.14148439280688763,
            0.9372246681796312
        ],
        [
            -0.05763128865510225,
            0.2642793767154217,
            0.03196086036041379,
            0.18997663632035255,
            0.12956244871020317,
            0.06158289033919573,
            -0.13677301816642284,
            0.9372246681796312
        ],
        [
            -0.05583710502833128,
            0.25562698021531105,
            0.04681556951254606,
            0.18986763432621956,
            0.15151732601225376,
            0.025819665752351284,
            -0.1113381702452898,
            0.9372246681796312
        ],
        [
            -0.05851930472999811,
            0.2212221547961235,
            0.052765258587896824,
            0.1765255443751812,
            0.15753328800201416,
            -0.0026541907573118806,
            -0.08990309201180935,
            0.9372246681796312
        ],
        [
            -0.07409067824482918,
            0.18591972067952156,
            0.058382428251206875,
            0.172255951911211,
            0.18636854365468025,
            -0.04825775045901537,
            -0.08967145346105099,
            0.9372246681796312
        ],
        [
            -0.1083451695740223,
            0.1822182536125183,
            0.06558841560035944,
            0.18219662830233574,
            0.255050640553236,
            -0.14563885517418385,
            -0.07633870001882315,
            0.9372246681796312
        ],
        [
            -0.1174476370215416,
            0.18227992579340935,
            0.057114795781672,
            0.1526213437318802,
            0.2419663406908512,
            -0.14972171746194363,
            -0.04691618960350752,
            0.9372246681796312
        ]
    ],
    "retrieved_0_prompt": "use the squeegee to clean the counter and push everything into the sink",
    "retrieved_1_state": [
        0.06763780117034912,
        0.2998342216014862,
        0.05382038652896881,
        -2.1312108039855957,
        0.7013979554176331,
        1.8681297302246094,
        0.2282242327928543,
        0.748898672718525
    ],