{
    "query_state": [
        -0.0799279510974884,
        -0.2200222909450531,
        -0.10315251350402832,
        -2.4895524978637695,
        -0.05085470527410507,
        2.1938793659210205,
        0.02793998457491398,
        0.0
    ],
    "query_prompt": "use the squeegee to clean the counter and push everything into the sink",
    "inference_time": true,
    "retrieved_0_state": [
        -0.09934457391500473,
        -0.22412151098251343,
        -0.1035991683602333,
        -2.427628517150879,
        -0.03126063942909241,
        2.2020373344421387,
        -0.01919517293572426,
        0.0
    ],
    "retrieved_0_actions": [
        [
            -0.02869920339435339,
            0.38853831589221954,
            -0.06427671760320663,
            0.49885645508766174,
            0.07313503883779049,
            -0.0785896647721529,
            -0.15081153251230717,
            0.0
        ],
        [
            0.011942170094698668,
            0.6499260663986206,
            0.018138308078050613,
            0.1421113684773445,
            0.06387926638126373,
            0.4451204836368561,
            0.021915044635534286,
            0.0
        ],
        [
            0.036259538028389215,
            0.6682589650154114,
            0.08683149702847004,
            0.15293346717953682,
            -0.06294618360698223,
            0.46049389988183975,
            0.1941484399139881,
            0.0
        ],
        [
            0.05121736787259579,
            0.6604479998350143,
            0.0837875995784998,
            0.10725347325205803,
            -0.022225049324333668,
            0.5128298327326775,
            0.23332130163908005,
            0.0
        ],
        [
            0.05943389609456062,
            0.6198609247803688,
            0.07501146756112576,
            0.16192594543099403,
            0.0393075542524457,
            0.4233955219388008,
            0.24047387763857841,
            0.0
        ],
        [
            0.06433929316699505,
            0.5304620787501335,
            0.058887810446321964,
            0.1929699443280697,
            0.047574988566339016,
            0.33697888255119324,
            0.22332608699798584,
            0.0
        ],
        [
            0.0782571267336607,
            0.4328145831823349,
            0.04173578694462776,
            0.16363667324185371,
            0.026174494996666908,
            0.33180829137563705,
            0.23126261308789253,
            0.0
        ],
        [
            0.0848206877708435,
            0.32499972730875015,
            0.024808463640511036,
            0.1502872258424759,
            0.030948948115110397,
            0.27556663379073143,
            0.2374400943517685,
            0.0
        ],
        [
            0.08276814594864845,
            0.1926291547715664,
            0.009950425010174513,
            0.1164327934384346,
            0.04981968551874161,
            0.1891138032078743,
            0.22894510999321938,
            0.0
        ],
        [
            0.0699829077348113,
            0.07274256087839603,
            -0.010462795617058873,
            0.07024426478892565,
            0.06374720949679613,
            0.12361663393676281,
            0.22240770980715752,
            0.0
        ],
        [
            0.034096871968358755,
            -0.038624703884124756,
            -0.014928503660485148,
            0.013973044697195292,
            0.1277037151157856,
            0.08508151397109032,
            0.18671076744794846,
            0.058790999999999996
        ],
        [
            0.017967525636777282,
            -0.11587360873818398,
            -0.02328642876818776,
            -0.028861467726528645,
            0.1454262062907219,
            0.05411170423030853,
            0.1652921549975872,
            0.3028634465491409
        ],
        [
            0.01461242325603962,
            -0.15932265669107437,
            -0.019911807030439377,
            -0.05632263142615557,
            0.1455023605376482,
            0.034068506211042404,
            0.14314749278128147,
            0.31167397714705347
        ],
        [
            0.022685853764414787,
            -0.1874726451933384,
            -0.0249767629429698,
            -0.0732811726629734,
            0.1201897393912077,
            0.009935045382007957,
            0.15413759276270866,
            0.4129955611194348
        ],
        [
            0.04434341564774513,
            -0.21249352023005486,
            -0.04316963721066713,
            -0.08117555640637875,
            0.08293477818369865,
            -0.045836931094527245,
            0.23165293037891388,
            0.5495594866181877
        ]
    ],
    "retrieved_0_prompt": "use the squeegee to clean the counter and push everything into the sink",
    "retrieved_1_state": [
        -0.1162683442234993,
        0.2256677895784378,
        -0.12867964804172516,
        -2.3243484497070312,
        0.05105708912014961,
        2.5394866466522217,
        0.046288564801216125,
        0.0
    ],