{
    "query_state": [
        0.24978241324424744,
        0.5641096830368042,
        0.06747040897607803,
        -1.8779699802398682,
        -0.20806550979614258,
        2.265841484069824,
        0.08612216264009476,
        0.0
    ],
    "query_prompt": "move the squeegee to the right and try to drag it",
    "inference_time": true,
    "retrieved_0_state": [
        0.1810142546892166,
        0.5733506679534912,
        0.13962163031101227,
        -1.8013160228729248,
        -0.23669388890266418,
        2.127699613571167,
        -0.2412494421005249,
        0.0
    ],
    "retrieved_0_actions": [
        [
            0.08522096090018749,
            0.6069247797131538,
            -0.029154098592698574,
            0.6380189210176468,
            -0.2232203632593155,
            -0.004118249926250428,
            -0.27627965435385704,
            0.0
        ],
        [
            0.09101658128201962,
            0.550309531390667,
            -0.02975603798404336,
            0.6312812119722366,
            -0.1854642666876316,
            0.034981362987309694,
            -0.22298071533441544,
            0.0
        ],
        [
            0.0772181199863553,
            0.4608914256095886,
            -0.012964126653969288,
            0.5859336629509926,
            -0.10761309415102005,
            0.07353618741035461,
            -0.1660054549574852,
            0.0
        ],
        [
            0.05093189887702465,
            0.3776603937149048,
            0.01204504631459713,
            0.5132393166422844,
            -0.0476756552234292,
            0.06613161880522966,
            -0.1633824221789837,
            0.0
        ],
        [
            0.041982256807386875,
            0.30830666422843933,
            0.012017531553283334,
            0.43610118329524994,
            -0.030536458361893892,
            0.045513538643717766,
            -0.14133085496723652,
            0.25
        ],
        [
            0.026730194222182035,
            0.2546077221632004,
            0.015795464860275388,
            0.3719615936279297,
            -0.01613684231415391,
            0.030845303554087877,
            -0.14203774742782116,
            0.31167397714705347
        ],
        [
            0.009374438086524606,
            0.1871470920741558,
            0.015067363856360316,
            0.29165446758270264,
            -0.0012115931895095855,
            0.025979746133089066,
            -0.12686262838542461,
            0.4438326373468501
        ],
        [
            0.0010834605200216174,
            0.12442151084542274,
            0.004905499517917633,
            0.2279856614768505,
            -0.0028155226027593017,
            0.025446689687669277,
            -0.11118890717625618,
            0.5848017843176149
        ],
        [
            0.010982017265632749,
            0.069865882396698,
            -0.0309851230122149,
            0.18643684685230255,
            -0.0011178825661772862,
            -0.005282846977934241,
            -0.024159648455679417,
            0.7037445171397099
        ],
        [
            0.03255125833675265,
            0.03722542664036155,
            -0.0909802969545126,
            0.16601283103227615,
            0.001502878003520891,
            -0.08271845988929272,
            0.11677265167236328,
            0.8270925152607611
        ],
        [
            -0.01072303275577724,
            -0.002652883413247764,
            -0.1261188369244337,
            0.11853302828967571,
            0.0886719673871994,
            -0.19355259835720062,
            0.2601480111479759,
            0.946035248082856
        ],
        [
            -0.07566281594336033,
            -0.03399362554773688,
            -0.12377864681184292,
            0.07202128879725933,
            0.15074800699949265,
            -0.2581653743982315,
            0.26588356122374535,
            0.9295154210362495
        ],
        [
            -0.19451536238193512,
            -0.06554074585437775,
            -0.11865806765854359,
            -0.012116441503167152,
            0.2340211533010006,
            -0.2940092980861664,
            0.23912973701953888,
            0.9295154210362495
        ],
        [
            -0.28859516605734825,
            -0.06958525627851486,
            -0.08588808588683605,
            -0.10347542352974415,
            0.2768438868224621,
            -0.2506522461771965,
            0.1403565425425768,
            0.9295154210362495
        ],
        [
            -0.32895099371671677,
            -0.06831150501966476,
            -0.07163024973124266,
            -0.13288850896060467,
            0.2916787751019001,
            -0.2171347290277481,
            0.09951367042958736,
            0.9295154210362495
        ]
    ],
    "retrieved_0_prompt": "move the squeegee to the right and try to drag it",
    "retrieved_1_state": [
        0.17698094248771667,
        0.5697970390319824,
        0.12856517732143402,
        -1.9160102605819702,
        -0.15587332844734192,
        2.6413779258728027,
        0.0188375823199749,
        0.0
    ],