{
    "query_state": [
        0.10053989291191101,
        0.010892518796026707,
        0.10052912682294846,
        -2.1372621059417725,
        -0.3005673885345459,
        2.109438419342041,
        0.803619921207428,
        0.0
    ],
    "query_prompt": "open the door of the bottom shelf",
    "inference_time": true,
    "retrieved_0_state": [
        0.11497420817613602,
        -0.13039378821849823,
        0.10566531121730804,
        -2.4114785194396973,
        -0.0022575499024242163,
        2.447432041168213,
        -0.07497794926166534,
        0.0
    ],
    "retrieved_0_actions": [
        [
            0.01771479262970388,
            0.48550907522439957,
            0.05695881322026253,
            0.319172739982605,
            -0.20141808316111565,
            0.28742656111717224,
            0.06662988103926182,
            0.0
        ],
        [
            0.02283603884279728,
            0.41344135999679565,
            0.042697591707110405,
            0.2751092240214348,
            -0.21671196445822716,
            0.28117598965764046,
            0.11198637075722218,
            0.0
        ],
        [
            0.03459936240687966,
            0.3714163601398468,
            0.028009640518575907,
            0.25603486225008965,
            -0.1848980411887169,
            0.23929540067911148,
            0.11170470155775547,
            0.0
        ],
        [
            0.04063863307237625,
            0.3429710865020752,
            0.01678334199823439,
            0.24594025686383247,
            -0.16165371984243393,
            0.2013494074344635,
            0.11958975344896317,
            0.0
        ],
        [
            0.04667266737669706,
            0.31952742487192154,
            0.011157210683450103,
            0.23257290944457054,
            -0.15577614307403564,
            0.1868312805891037,
            0.13918587937951088,
            0.0
        ],
        [
            0.05465960595756769,
            0.302188266068697,
            0.0031710934126749635,
            0.2370304986834526,
            -0.17225954681634903,
            0.17204053699970245,
            0.17051581293344498,
            0.0
        ],
        [
            0.06270170211791992,
            0.2792765013873577,
            -0.008385664550587535,
            0.24333368986845016,
            -0.19614143297076225,
            0.17297135666012764,
            0.20327966660261154,
            0.0
        ],
        [
            0.06922665517777205,
            0.25573233142495155,
            -0.02289024880155921,
            0.24599235504865646,
            -0.20924653857946396,
            0.1546197012066841,
            0.22020164877176285,
            0.0
        ],
        [
            0.08204440586268902,
            0.23328537121415138,
            -0.04775728099048138,
            0.2329389564692974,
            -0.24336140602827072,
            0.15729039907455444,
            0.25292787700891495,
            0.0
        ],
        [
            0.08730347268283367,
            0.21430941298604012,
            -0.07311416789889336,
            0.2132953330874443,
            -0.24871354922652245,
            0.15128916129469872,
            0.2582334913313389,
            0.0
        ],
        [
            0.09425596334040165,
            0.1783229596912861,
            -0.09192180819809437,
            0.2117992378771305,
            -0.2414468675851822,
            0.10086384601891041,
            0.2597816661000252,
            0.0
        ],
        [
            0.0927609670907259,
            0.15044007450342178,
            -0.09822242893278599,
            0.19003812223672867,
            -0.20502053201198578,
            0.08157314732670784,
            0.2412824146449566,
            0.0
        ],
        [
            0.08850500918924809,
            0.10223696008324623,
            -0.08873776532709599,
            0.16896305605769157,
            -0.15494178049266338,
            0.043413457460701466,
            0.21376373246312141,
            0.25
        ],
        [
            0.08637786842882633,
            0.058782873675227165,
            -0.08647726848721504,
            0.13463405892252922,
            -0.13733329251408577,
            0.027874070219695568,
            0.20299570634961128,
            0.3072687556750414
        ],
        [
            0.08014878258109093,
            0.027470276691019535,
            -0.08301230147480965,
            0.09854735806584358,
            -0.12262510135769844,
            0.022668191231787205,
            0.18320705741643906,
            0.43942732822094954
        ]
    ],
    "retrieved_0_prompt": "open the door of the bottom shelf",
    "retrieved_1_state": [
        0.1289948672056198,
        0.14435352385044098,
        0.1131252720952034,
        -2.3023738861083984,
        -0.08638934046030045,
        2.667665958404541,
        0.016174349933862686,
        0.7885462576303806
    ],