{
    "query_state": [
        0.03143172338604927,
        1.1868691444396973,
        0.0690646767616272,
        -0.965073823928833,
        -0.17172056436538696,
        1.824398159980774,
        -0.3095654249191284,
        0.0
    ],
    "query_prompt": "move the squeegee to the right and try to drag it",
    "inference_time": true,
    "retrieved_0_state": [
        -0.04301488399505615,
        0.9157539010047913,
        -0.0245783943682909,
        -1.301703691482544,
        -0.16295942664146423,
        1.7297927141189575,
        -0.15268580615520477,
        0.7356828329947118
    ],
    "retrieved_0_actions": [
        [
            -0.14629747718572617,
            0.14916549436748028,
            -0.06338648963719606,
            0.26267334818840027,
            0.11918521486222744,
            -0.1803116872906685,
            0.012528973165899515,
            0.933920708248678
        ],
        [
            -0.09983166120946407,
            0.1501431968063116,
            -0.045520104467868805,
            0.2561977319419384,
            0.11865643784403801,
            -0.18233511596918106,
            0.023330750409513712,
            0.933920708248678
        ],
        [
            -0.06472574081271887,
            0.13454739935696125,
            -0.031576454639434814,
            0.24100270122289658,
            0.11532213538885117,
            -0.17552636563777924,
            0.029708966612815857,
            0.933920708248678
        ],
        [
            0.002694619179237634,
            0.0491809519007802,
            -0.037793428637087345,
            0.14021293260157108,
            0.01152685028500855,
            -0.06485984660685062,
            -0.019933502189815044,
            0.4856828329947118
        ],
        [
            0.0,
            0.0,
            0.0,
            0.0,
            0.0,
            0.0,
            0.0,
            0.4856828329947118
        ],
        [
            0.0,
            0.0,
            0.0,
            0.0,
            0.0,
            0.0,
            0.0,
            0.4856828329947118
        ],
        [
            0.0,
            0.0,
            0.0,
            0.0,
            0.0,
            0.0,
            0.0,
            0.4856828329947118
        ],
        [
            0.0,
            0.0,
            0.0,
            0.0,
            0.0,
            0.0,
            0.0,
            0.4856828329947118
        ],
        [
            0.0,
            0.0,
            0.0,
            0.0,
            0.0,
            0.0,
            0.0,
            0.4856828329947118
        ],
        [
            0.0,
            0.0,
            0.0,
            0.0,
            0.0,
            0.0,
            0.0,
            0.4856828329947118
        ],
        [
            0.0,
            0.0,
            0.0,
            0.0,
            0.0,
            0.0,
            0.0,
            0.4856828329947118
        ],
        [
            0.0,
            0.0,
            0.0,
            0.0,
            0.0,
            0.0,
            0.0,
            0.4856828329947118
        ],
        [
            0.0,
            0.0,
            0.0,
            0.0,
            0.0,
            0.0,
            0.0,
            0.4856828329947118
        ],
        [
            0.0,
            0.0,
            0.0,
            0.0,
            0.0,
            0.0,
            0.0,
            0.4856828329947118
        ],
        [
            0.0,
            0.0,
            0.0,
            0.0,
            0.0,
            0.0,
            0.0,
            0.4856828329947118
        ]
    ],
    "retrieved_0_prompt": "move the squeegee to the right and try to drag it",
    "retrieved_1_state": [
        -0.0116359181702137,
        0.9146071672439575,
        -0.014406171627342701,
        -1.3028035163879395,
        -0.16524970531463623,
        1.7300736904144287,
        -0.15299563109874725,
        0.7356828329947118
    ],
    "retrieved_1_actions": [
        [
            -0.19688909873366356,
            0.13848337344825268,
            -0.0808301568031311,
            0.25576071813702583,
            0.11293974705040455,
            -0.18491482362151146,
            -0.0026587594766169786,
            0.933920708248678
        ],
        [
            -0.14629747718572617,
            0.14916549436748028,
            -0.06338648963719606,
            0.26267334818840027,
            0.11918521486222744,
            -0.1803116872906685,
            0.012528973165899515,
            0.933920708248678
        ],
        [
            -0.09983166120946407,
            0.1501431968063116,
            -0.045520104467868805,
            0.2561977319419384,
            0.11865643784403801,
            -0.18233511596918106,
            0.023330750409513712,
            0.933920708248678
        ],
        [
            -0.06472574081271887,
            0.13454739935696125,
            -0.031576454639434814,
            0.24100270122289658,
            0.11532213538885117,
            -0.17552636563777924,
            0.029708966612815857,
            0.933920708248678
        ],
        [
            0.002694619179237634,
            0.0491809519007802,
            -0.037793428637087345,
            0.14021293260157108,
            0.01152685028500855,
            -0.06485984660685062,
            -0.019933502189815044,
            0.4856828329947118
        ],
        [
            0.0,
            0.0,
            0.0,
            0.0,
            0.0,
            0.0,
            0.0,
            0.4856828329947118
        ],
        [
            0.0,
            0.0,
            0.0,
            0.0,
            0.0,
            0.0,
            0.0,
            0.4856828329947118
        ],
        [
            0.0,
            0.0,
            0.0,
            0.0,
            0.0,
            0.0,
            0.0,
            0.4856828329947118
        ],
        [
            0.0,
            0.0,
            0.0,
            0.0,
            0.0,
            0.0,
            0.0,
            0.4856828329947118
        ],
        [
            0.0,
            0.0,
            0.0,
            0.0,
            0.0,
            0.0,
            0.0,
            0.4856828329947118
        ],
        [
            0.0,
            0.0,
            0.0,
            0.0,
            0.0,
            0.0,
            0.0,
            0.4856828329947118
        ],
        [
            0.0,
            0.0,
            0.0,
            0.0,
            0.0,
            0.0,
            0.0,
            0.4856828329947118
        ],
        [
            0.0,
            0.0,
            0.0,
            0.0,
            0.0,
            0.0,
            0.0,
            0.4856828329947118
        ],
        [
            0.0,
            0.0,
            0.0,
            0.0,
            0.0,
            0.0,
            0.0,
            0.4856828329947118
        ],
        [
            0.0,
            0.0,
            0.0,
            0.0,
            0.0,
            0.0,
            0.0,
            0.4856828329947118
        ]
    ],
    "retrieved_1_prompt": "move the squeegee to the right and try to drag it",
    "retrieved_2_state": [
        -0.06887625902891159,
        0.9177441000938416,
        -0.031091777607798576,
        -1.3007341623306274,
        -0.16069020330905914,
        1.7297183275222778,
        -0.15200653672218323,
        0.7356828329947118
    ],