{
    "query_state": [
        -0.2244689166545868,
        0.4962284564971924,
        -0.12218943238258362,
        -2.0826847553253174,
        0.07928140461444855,
        2.3477959632873535,
        0.13884517550468445,
        0.9911894276295312
    ],
    "query_prompt": "move the idli plate to the right",
    "inference_time": true,
    "retrieved_0_state": [
        -0.01718096062541008,
        -0.5393504500389099,
        -0.000526655581779778,
        -2.5793039798736572,
        -0.003299737349152565,
        2.1011199951171875,
        -0.022502370178699493,
        0.0
    ],
    "retrieved_0_actions": [
        [
            -0.06261954084038734,
            0.5823879316449165,
            -0.019009975949302316,
            -0.109279565513134,
            -0.15093390829861164,
            0.7712332159280777,
            0.024903153534978628,
            0.0
        ],
        [
            -0.05150411743670702,
            0.6151637434959412,
            -0.011276230216026306,
            -0.03104796865954995,
            -0.12524312362074852,
            0.6609021127223969,
            0.052089178934693336,
            0.0
        ],
        [
            -0.03859506454318762,
            0.6327562034130096,
            -0.0053997046779841185,
            0.04285408649593592,
            -0.10808823630213737,
            0.5460131168365479,
            0.07147907745093107,
            0.0
        ],
        [
            -0.02186910482123494,
            0.6542395800352097,
            -0.002089623885694891,
            0.10824652388691902,
            -0.08475607261061668,
            0.4330844059586525,
            0.0897322315722704,
            0.0
        ],
        [
            -0.015102660981938243,
            0.681174248456955,
            -0.0007038637704681605,
            0.15923142433166504,
            -0.08386016823351383,
            0.3913120925426483,
            0.1022618729621172,
            0.0
        ],
        [
            -0.01091781072318554,
            0.6874211132526398,
            -0.014230115339159966,
            0.21737657487392426,
            -0.07192630786448717,
            0.3282049298286438,
            0.09252720512449741,
            0.0
        ],
        [
            -0.009170608827844262,
            0.6942804157733917,
            -0.022395316045731306,
            0.2529023587703705,
            -0.08521317504346371,
            0.2943035215139389,
            0.0927305594086647,
            0.0
        ],
        [
            0.006435204413719475,
            0.5993372574448586,
            -0.020964546129107475,
            0.25214703753590584,
            -0.09790114127099514,
            0.20818166434764862,
            0.11329672299325466,
            0.0
        ],
        [
            0.024052083026617765,
            0.5399474501609802,
            -0.02584609668701887,
            0.2428070269525051,
            -0.13069669716060162,
            0.1681494526565075,
            0.14373506419360638,
            0.0
        ],
        [
            0.04627981688827276,
            0.4830590635538101,
            -0.0319128786213696,
            0.22100312635302544,
            -0.14140588231384754,
            0.13983700424432755,
            0.14950040727853775,
            0.0
        ],
        [
            0.06983043625950813,
            0.4430338740348816,
            -0.036297268234193325,
            0.18480060622096062,
            -0.14896301552653313,
            0.1382066309452057,
            0.1579076237976551,
            0.0
        ],
        [
            0.09208105504512787,
            0.37398941814899445,
            -0.035200645215809345,
            0.14753597788512707,
            -0.14395495876669884,
            0.1148364506661892,
            0.16218692064285278,
            0.0
        ],
        [
            0.10184909217059612,
            0.3037150949239731,
            -0.031067056115716696,
            0.11467033997178078,
            -0.12300662696361542,
            0.09173868224024773,
            0.1518411748111248,
            0.0
        ],
        [
            0.11304514482617378,
            0.22974317893385887,
            -0.030339499935507774,
            0.05840262398123741,
            -0.13013886287808418,
            0.08056357502937317,
            0.1556833367794752,
            0.0
        ],
        [
            0.1048083882778883,
            0.1801449991762638,
            -0.03375024534761906,
            0.04414727911353111,
            -0.12745585292577744,
            0.06588700227439404,
            0.14042620547115803,
            0.0
        ]
    ],
    "retrieved_0_prompt": "move the idli plate to the right",
    "retrieved_1_state": [
        -0.4024171829223633,
        0.6348147392272949,
        -0.0758286640048027,
        -2.064728260040283,
        0.11255158483982086,
        2.479020595550537,
        -0.270866721868515,
        0.0
    ],