{
    "query_state": [
        -0.047606680542230606,
        0.40695735812187195,
        -0.07744938135147095,
        -2.2264492511749268,
        0.00673934118822217,
        2.3611416816711426,
        0.25560882687568665,
        0.9911894276295312
    ],
    "query_prompt": "move the idli plate to the right",
    "inference_time": true,
    "retrieved_0_state": [
        -0.04656371474266052,
        0.4567572772502899,
        -0.0264901090413332,
        -2.233211040496826,
        -0.032503243535757065,
        2.4340503215789795,
        0.007868417538702488,
        0.0
    ],
    "retrieved_0_actions": [
        [
            0.09589256718754768,
            0.3851895034313202,
            0.012116662692278624,
            0.5399075523018837,
            -0.0777580589056015,
            -0.20887533202767372,
            -0.057447776198387146,
            0.0
        ],
        [
            0.09825837798416615,
            0.2710242196917534,
            0.021376495715230703,
            0.4524025321006775,
            -0.07528587244451046,
            -0.21910207346081734,
            -0.05559165962040424,
            0.0
        ],
        [
            0.060807839035987854,
            0.2022203616797924,
            0.02690709661692381,
            0.37349365651607513,
            -0.0497250584885478,
            -0.20250044763088226,
            -0.08000679314136505,
            0.0
        ],
        [
            -0.009829906048253179,
            0.1666489988565445,
            0.02008301904425025,
            0.3083984740078449,
            -0.01672036130912602,
            -0.16875922679901123,
            -0.12184526771306992,
            0.0
        ],
        [
            -0.08078164421021938,
            0.13963371515274048,
            0.017536638770252466,
            0.25056347250938416,
            0.022634014021605253,
            -0.12231046333909035,
            -0.1737678423523903,
            0.0
        ],
        [
            -0.14740225858986378,
            0.11508489958941936,
            0.023924331180751324,
            0.19446227699518204,
            0.06874958518892527,
            -0.08769705891609192,
            -0.2270573191344738,
            0.0
        ],
        [
            -0.1943567767739296,
            0.07420604582875967,
            0.014998681144788861,
            0.11615312658250332,
            0.09420433081686497,
            -0.010529821738600731,
            -0.2522210590541363,
            0.0
        ],
        [
            -0.2319427952170372,
            0.02215940272435546,
            -0.0016179551312234253,
            -0.006707566208206117,
            0.13022873550653458,
            0.13589772395789623,
            -0.24332895874977112,
            0.0
        ],
        [
            -0.19809173420071602,
            -0.017809640849009156,
            -0.03297913586720824,
            -0.11793907731771469,
            0.12892636470496655,
            0.2418317273259163,
            -0.15892952680587769,
            0.0
        ],
        [
            -0.17727863043546677,
            -0.024894725065678358,
            -0.035276433918625116,
            -0.17783764749765396,
            0.14718914404511452,
            0.23851070553064346,
            -0.13637743890285492,
            0.0
        ],
        [
            -0.18313614651560783,
            -0.013311415677890182,
            -0.016792863607406616,
            -0.14138747937977314,
            0.1938471756875515,
            0.12654251419007778,
            -0.15689009800553322,
            0.0
        ],
        [
            -0.22887814790010452,
            -0.012615639716386795,
            0.02442827681079507,
            -0.09549840353429317,
            0.27519701048731804,
            0.013607745058834553,
            -0.22161763161420822,
            0.0
        ],
        [
            -0.2562355250120163,
            -0.012526921927928925,
            0.028641719836741686,
            -0.0841833557933569,
            0.30335860326886177,
            0.016374404076486826,
            -0.24904124438762665,
            0.0
        ],
        [
            -0.2666083537042141,
            0.0028884870698675513,
            0.016907850513234735,
            -0.06617753300815821,
            0.29905667528510094,
            0.03979183267802,
            -0.2631518989801407,
            0.0
        ],
        [
            -0.25829868391156197,
            0.029052761383354664,
            0.0003656766057247296,
            -0.024297514464706182,
            0.2904045023024082,
            0.007043307414278388,
            -0.2486063726246357,
            0.0
        ]
    ],
    "retrieved_0_prompt": "move the idli plate to the right",
    "retrieved_1_state": [
        -0.052507806569337845,
        0.3249762952327728,
        -0.027261272072792053,
        -2.3484015464782715,
        -0.03192652761936188,
        2.434448719024658,
        0.012352833524346352,
        0.0
    ],