{
    "query_state": [
        -0.08990136533975601,
        0.22173632681369781,
        -0.014759456738829613,
        -2.009941816329956,
        -0.5642887353897095,
        1.9852173328399658,
        -1.6167877912521362,
        0.0
    ],
    "query_prompt": "open the door of the bottom shelf",
    "inference_time": true,
    "retrieved_0_state": [
        0.018896212801337242,
        0.2137707620859146,
        0.03816983103752136,
        -2.2553532123565674,
        -0.05901562049984932,
        2.7406599521636963,
        -0.07035977393388748,
        0.0
    ],
    "retrieved_0_actions": [
        [
            -0.021728877909481525,
            0.29310282319784164,
            0.1612343080341816,
            0.2532988041639328,
            0.19272075966000557,
            0.34035641700029373,
            -0.2614467963576317,
            0.0
        ],
        [
            -0.04442105069756508,
            0.26186877861618996,
            0.1881338655948639,
            0.22307761013507843,
            0.22042566910386086,
            0.25935105979442596,
            -0.25204120203852654,
            0.25
        ],
        [
            -0.057759485207498074,
            0.23342739790678024,
            0.18557637929916382,
            0.2079273946583271,
            0.22128868848085403,
            0.17561856657266617,
            -0.22254019975662231,
            0.3072687556750414
        ],
        [
            -0.08295198902487755,
            0.19077032804489136,
            0.18918488174676895,
            0.16486940905451775,
            0.2560320124030113,
            0.12022146955132484,
            -0.2209068275988102,
            0.46145378619656363
        ],
        [
            -0.08542796596884727,
            0.14996369369328022,
            0.1732899248600006,
            0.12657491490244865,
            0.24491166695952415,
            0.1027660071849823,
            -0.20587539300322533,
            0.5803964751917144
        ],
        [
            -0.08363038301467896,
            0.1008803490549326,
            0.15736617147922516,
            0.08076158352196217,
            0.2306232787668705,
            0.09566214866936207,
            -0.19398828968405724,
            0.6949339427148531
        ],
        [
            -0.08269477635622025,
            0.0766796013340354,
            0.14030548743903637,
            0.049703256227076054,
            0.21810995414853096,
            0.09238666854798794,
            -0.1840348169207573,
            0.8226872499618048
        ],
        [
            -0.0891510397195816,
            0.07092734798789024,
            0.1396374125033617,
            0.022496110759675503,
            0.23436205461621284,
            0.04713548347353935,
            -0.16276048496365547,
            0.8403083549845742
        ],
        [
            -0.04005964379757643,
            0.025699925608932972,
            0.0752262445166707,
            -0.096411919221282,
            0.14813991263508797,
            -0.06348550319671631,
            -0.05812776740640402,
            0.8403083549845742
        ],
        [
            -0.012725078267976642,
            -0.05542797967791557,
            0.020486738067120314,
            -0.2347302995622158,
            0.08705772459506989,
            -0.17833955585956573,
            0.018421922577545047,
            0.8403083549845742
        ],
        [
            0.009898400167003274,
            -0.19916795194149017,
            -0.03764658235013485,
            -0.3902782127261162,
            0.03893896006047726,
            -0.31676284968852997,
            0.11202214285731316,
            0.8403083549845742
        ],
        [
            0.04293112549930811,
            -0.33384840935468674,
            -0.10641755536198616,
            -0.5247193574905396,
            -0.02559601329267025,
            -0.4477686434984207,
            0.2287009358406067,
            0.8403083549845742
        ],
        [
            -0.010130328591912985,
            -0.43338917195796967,
            -0.042328787967562675,
            -0.6610921770334244,
            0.09070168249309063,
            -0.4774400591850281,
            0.1310321968048811,
            0.8403083549845742
        ],
        [
            0.012749257730320096,
            -0.5065369978547096,
            -0.09791789576411247,
            -0.7091277092695236,
            0.015477341366931796,
            -0.47697652131319046,
            0.2324354276061058,
            0.8403083549845742
        ],
        [
            0.006155679002404213,
            -0.5512409657239914,
            -0.1395698171108961,
            -0.7063772529363632,
            -0.03746080445125699,
            -0.4793643206357956,
            0.3066127747297287,
            0.8403083549845742
        ]
    ],
    "retrieved_0_prompt": "open the door of the bottom shelf",
    "retrieved_1_state": [
        0.01848566345870495,
        0.25379157066345215,
        0.059132084250450134,
        -2.248603582382202,
        -0.03153006359934807,
        2.82918643951416,
        -0.09051550924777985,
        0.004405309125900536
    ],