{
    "query_state": [
        0.034378793090581894,
        0.20284691452980042,
        -0.02544260397553444,
        -2.258129596710205,
        -0.21816101670265198,
        2.1843366622924805,
        0.26206016540527344,
        0.0
    ],
    "query_prompt": "pick up the poke ball and put it in the tray",
    "inference_time": true,
    "retrieved_0_state": [
        0.08386162668466568,
        0.18857859075069427,
        -0.16424164175987244,
        -2.263845205307007,
        -0.18889695405960083,
        2.795574188232422,
        0.10941040515899658,
        0.7004405352952845
    ],
    "retrieved_0_actions": [
        [
            -0.23406768217682838,
            -0.36413874477148056,
            -0.2763229236006737,
            -0.27373386546969414,
            -0.514913760125637,
            -0.10471554473042488,
            0.3617117926478386,
            0.9251101338238211
        ],
        [
            -0.22924581542611122,
            -0.3117082454264164,
            -0.1986493356525898,
            -0.21318498998880386,
            -0.46046286821365356,
            -0.15529118478298187,
            0.3508457913994789,
            0.4504405352952845
        ],
        [
            -0.20262043923139572,
            -0.26625193655490875,
            -0.12273114174604416,
            -0.1628492958843708,
            -0.42271748185157776,
            -0.18312709406018257,
            0.3305390849709511,
            0.4019823759585719
        ],
        [
            -0.16938453540205956,
            -0.23558087646961212,
            -0.06069269496947527,
            -0.14024228788912296,
            -0.3678572177886963,
            -0.1910405419766903,
            0.3099817782640457,
            0.26541849428676345
        ],
        [
            -0.1403440348803997,
            -0.2148842252790928,
            -0.010935819009318948,
            -0.13089420273900032,
            -0.2986471354961395,
            -0.1896875910460949,
            0.2817179635167122,
            0.13766518703981157
        ],
        [
            -0.11420353315770626,
            -0.20851584151387215,
            0.0158756785094738,
            -0.12815898284316063,
            -0.2648360840976238,
            -0.1795440912246704,
            0.26805076748132706,
            0.014317145091816141
        ],
        [
            -0.09745688177645206,
            -0.21343259140849113,
            0.028259793762117624,
            -0.12051516212522984,
            -0.2607235312461853,
            -0.1828831061720848,
            0.2529928460717201,
            0.0
        ],
        [
            -0.08772187866270542,
            -0.2233724482357502,
            0.035535371862351894,
            -0.10930930264294147,
            -0.26316428557038307,
            -0.18882052972912788,
            0.2426621876657009,
            0.0
        ],
        [
            -0.08627468720078468,
            -0.22907212376594543,
            0.049082920886576176,
            -0.10413934476673603,
            -0.25304680690169334,
            -0.19370056688785553,
            0.22758379578590393,
            0.0
        ],
        [
            -0.08728658780455589,
            -0.22858347743749619,
            0.07908160798251629,
            -0.09914177469909191,
            -0.18987102434039116,
            -0.21720042452216148,
            0.16062907874584198,
            0.0
        ],
        [
            -0.11996054090559483,
            -0.001961809757631272,
            0.11599468998610973,
            0.011724591022357345,
            0.011482493719086051,
            -0.014821822987869382,
            -0.024720369838178158,
            0.0
        ],
        [
            0.0,
            0.0,
            0.0,
            0.0,
            0.0,
            0.0,
            0.0,
            0.0
        ],
        [
            0.0,
            0.0,
            0.0,
            0.0,
            0.0,
            0.0,
            0.0,
            0.0
        ],
        [
            0.0,
            0.0,
            0.0,
            0.0,
            0.0,
            0.0,
            0.0,
            0.0
        ],
        [
            0.0,
            0.0,
            0.0,
            0.0,
            0.0,
            0.0,
            0.0,
            0.0
        ]
    ],
    "retrieved_0_prompt": "pick up the poke ball and put it in the tray",
    "retrieved_1_state": [
        0.07617432624101639,
        0.20981761813163757,
        -0.16202038526535034,
        -2.297011375427246,
        -0.19188767671585083,
        2.743490695953369,
        0.10218091309070587,
        0.7092511097201413
    ],