{
    "query_state": [
        0.03246373310685158,
        -0.12547773122787476,
        0.07081048935651779,
        -2.348151206970215,
        -0.03407448157668114,
        2.219430923461914,
        0.16185994446277618,
        0.9911894276295312
    ],
    "query_prompt": "push the lever on the toaster",
    "inference_time": true,
    "retrieved_0_state": [
        0.031185215339064598,
        -0.1281697005033493,
        0.07747947424650192,
        -2.400726795196533,
        -0.029534732922911644,
        2.224869728088379,
        0.11556752026081085,
        0.9911894276295312
    ],
    "retrieved_0_actions": [
        [
            0.06331524811685085,
            0.3364469110965729,
            0.043756356462836266,
            0.3182879462838173,
            -0.03751247422769666,
            0.00153303102706559,
            0.2706056647002697,
            0.9977973569073828
        ],
        [
            0.05151389632374048,
            0.30647045001387596,
            0.018808876629918814,
            0.2905997261404991,
            -0.046489075757563114,
            -0.013049591798335314,
            0.2687508799135685,
            0.9977973569073828
        ],
        [
            0.04202074836939573,
            0.2752135135233402,
            -0.003420343855395913,
            0.23064274340867996,
            -0.03780554747208953,
            0.0016992588643915951,
            0.24090779945254326,
            0.9977973569073828
        ],
        [
            0.033083464950323105,
            0.23370007053017616,
            -0.024154153652489185,
            0.17383813858032227,
            -0.05003709811717272,
            0.003852478985209018,
            0.22159447893500328,
            0.9977973569073828
        ],
        [
            0.02519984496757388,
            0.18450917676091194,
            -0.045073763467371464,
            0.12588504701852798,
            -0.05125036463141441,
            -0.005577183328568935,
            0.19079124554991722,
            0.9977973569073828
        ],
        [
            0.02181445248425007,
            0.14840402640402317,
            -0.05637072026729584,
            0.09539848193526268,
            -0.06406170316040516,
            -0.0035716150887310505,
            0.1601257175207138,
            0.9977973569073828
        ],
        [
            0.01374611514620483,
            0.14654030092060566,
            -0.062479800544679165,
            0.08251612074673176,
            -0.07666991092264652,
            0.013748015044257045,
            0.13775251805782318,
            0.9977973569073828
        ],
        [
            0.006997825694270432,
            0.1800088956952095,
            -0.0672684283927083,
            0.06549614481627941,
            -0.09283872321248055,
            0.07455409038811922,
            0.14514151960611343,
            0.9977973569073828
        ],
        [
            0.004035966121591628,
            0.1860807090997696,
            -0.06844933610409498,
            0.07106705568730831,
            -0.08868463337421417,
            0.07978354580700397,
            0.15165130607783794,
            0.9977973569073828
        ],
        [
            0.00802275026217103,
            0.15587656758725643,
            -0.06630103569477797,
            0.04784176126122475,
            -0.09801444597542286,
            0.0841183215379715,
            0.1581430621445179,
            0.9977973569073828
        ],
        [
            0.003654354077298194,
            0.11827764101326466,
            -0.06969855166971684,
            0.023238123394548893,
            -0.09024939499795437,
            0.08046537637710571,
            0.1318815629929304,
            0.9977973569073828
        ],
        [
            -5.293699132380425e-06,
            0.10471517220139503,
            -0.07009356282651424,
            0.029952677432447672,
            -0.08833128958940506,
            0.07145646493881941,
            0.10802555829286575,
            0.9977973569073828
        ],
        [
            0.0016107260307762772,
            0.10633098892867565,
            -0.06265392992645502,
            0.05020194686949253,
            -0.0970932375639677,
            0.07356633897870779,
            0.09452205151319504,
            0.9977973569073828
        ],
        [
            0.01073162886314094,
            0.13795526698231697,
            -0.05298929288983345,
            0.07775972597301006,
            -0.11805715039372444,
            0.08590313605964184,
            0.11119727976620197,
            0.9977973569073828
        ],
        [
            0.01814913935959339,
            0.18321098759770393,
            -0.04693442024290562,
            0.0979431439191103,
            -0.12571662664413452,
            0.09527384303510189,
            0.11753292754292488,
            0.9977973569073828
        ]
    ],
    "retrieved_0_prompt": "push the lever on the toaster",
    "retrieved_1_state": [
        0.0020537730306386948,
        -0.24451866745948792,
        0.09661667048931122,
        -2.594658613204956,
        -0.032962966710329056,
        2.3058903217315674,
        0.11572791635990143,
        0.9911894276295312
    ],