{
    "query_state": [
        0.014079260639846325,
        0.36679232120513916,
        -0.2286970615386963,
        -2.3365702629089355,
        -0.13127416372299194,
        2.982947587966919,
        0.21860644221305847,
        0.9911894276295312
    ],
    "query_prompt": "move the idli plate to the right",
    "inference_time": true,
    "retrieved_0_state": [
        -0.2841123938560486,
        0.4830271005630493,
        -0.09365829080343246,
        -2.3831822872161865,
        0.030373329296708107,
        2.6327569484710693,
        -0.1391308754682541,
        0.0
    ],
    "retrieved_0_actions": [
        [
            -0.2656880021095276,
            -0.5165589600801468,
            -0.08082103915512562,
            -0.03720039268955588,
            0.1694187894463539,
            -0.5497859790921211,
            -0.3494272008538246,
            0.0
        ],
        [
            -0.28774868696928024,
            -0.6455495953559875,
            -0.09867486543953419,
            0.005544725572690368,
            0.2237590029835701,
            -0.7831371575593948,
            -0.43341755867004395,
            0.0
        ],
        [
            -0.24837154895067215,
            -0.6033839285373688,
            -0.19137293100357056,
            0.10399753227829933,
            0.20517922937870026,
            -0.8686890453100204,
            -0.4174549877643585,
            0.0
        ],
        [
            -0.18142689019441605,
            -0.4760805144906044,
            -0.27906520292162895,
            0.2087853103876114,
            0.14025219716131687,
            -0.8425229787826538,
            -0.33536165952682495,
            0.0
        ],
        [
            -0.10694128461182117,
            -0.3628696873784065,
            -0.3068952448666096,
            0.25553658604621887,
            0.0496068736538291,
            -0.7535726577043533,
            -0.2417612075805664,
            0.0
        ],
        [
            0.12341043911874294,
            0.0037296453956514597,
            -0.12369593605399132,
            0.008777231560088694,
            0.03121598856523633,
            -0.01710439333692193,
            -0.022286332678049803,
            0.0
        ],
        [
            0.08829223923385143,
            0.002536304236855358,
            -0.08867572993040085,
            0.008627102943137288,
            0.021303188987076283,
            -0.016428169328719378,
            -0.01496099284850061,
            0.0
        ],
        [
            0.23367037996649742,
            -0.009154483559541404,
            -0.10413564741611481,
            -0.07082388270646334,
            -0.3056894429028034,
            0.0930863618850708,
            0.30808664858341217,
            0.0
        ],
        [
            0.3070792928338051,
            0.026173032820224762,
            -0.11132631450891495,
            -0.10012215934693813,
            -0.4792986810207367,
            0.15087915584445,
            0.48045650124549866,
            0.0
        ],
        [
            0.32414425164461136,
            0.10074425488710403,
            -0.09167126379907131,
            -0.09192311204969883,
            -0.5038483068346977,
            0.1927303709089756,
            0.48820268362760544,
            0.0
        ]
    ],
    "retrieved_0_prompt": "move the idli plate to the right",
    "retrieved_1_state": [
        -0.05537896603345871,
        0.2378418743610382,
        -0.051034264266490936,
        -2.4500904083251953,
        -0.045572854578495026,
        2.6001195907592773,
        -0.025542249903082848,
        0.0
    ],
    "retrieved_1_actions": [
        [
            0.06850210949778557,
            0.5036814883351326,
            -0.013581683160737157,
            0.404815711081028,
            -0.140088414773345,
            0.07778857834637165,
            0.0009878203127300367,
            0.0
        ],
        [
            0.07552005350589752,
            0.4581374302506447,
            0.0020250235684216022,
            0.3826402872800827,
            -0.11470385827124119,
            0.050047412514686584,
            0.007743673049844801,
            0.0
        ],
        [
            0.07646404672414064,
            0.41342273354530334,
            0.017230533994734287,
            0.3452685847878456,
            -0.09606938809156418,
            0.037422224413603544,
            0.010885134106501937,
            0.0
        ],
        [
            0.0645478954538703,
            0.3732423111796379,
            0.025203244294971228,
            0.3026508167386055,
            -0.08371547795832157,
            0.031237073708325624,
            -0.0010909732372965664,
            0.0
        ],
        [
            0.0285391416400671,
            0.34405216574668884,
            0.03271304536610842,
            0.2689552493393421,
            -0.055190189741551876,
            0.041843107901513577,
            -0.031668259762227535,
            0.0
        ],
        [
            -0.024515062104910612,
            0.3136137127876282,
            0.03136573126539588,
            0.24120764806866646,
            -0.01379920169711113,
            0.061349449679255486,
            -0.05564284510910511,
            0.0
        ],
        [
            -0.10855254717171192,
            0.2602452225983143,
            0.030041714198887348,
            0.194767527282238,
            0.050701540894806385,
            0.08715839125216007,
            -0.09696169756352901,
            0.0
        ],
        [
            -0.18738564103841782,
            0.2011534944176674,
            0.0264228624291718,
            0.13776617124676704,
            0.09974238462746143,
            0.12421082705259323,
            -0.1472087763249874,
            0.0
        ],
        [
            -0.28188781812787056,
            0.1471418235450983,
            0.009048304636962712,
            0.10997707024216652,
            0.1556154154241085,
            0.11196089908480644,
            -0.20682571455836296,
            0.0
        ],
        [
            -0.3237444907426834,
            0.12195889838039875,
            -0.051810331642627716,
            0.15029647387564182,
            0.16716977581381798,
            -0.0197466928511858,
            -0.20272117108106613,
            0.0
        ]
    ],
    "retrieved_1_prompt": "move the idli plate to the right",
    "retrieved_2_state": [
        -0.11208362877368927,
        0.33435359597206116,
        -0.12509140372276306,
        -2.2397215366363525,
        0.11296078562736511,
        2.554689884185791,
        0.18609508872032166,
        0.0
    ],