{
    "query_state": [
        0.04066473990678787,
        0.04692280292510986,
        0.15829823911190033,
        -2.334527015686035,
        0.01455695554614067,
        2.491689682006836,
        -0.4611813724040985,
        0.0
    ],
    "query_prompt": "open the door of the bottom shelf",
    "inference_time": true,
    "retrieved_0_state": [
        0.11552462726831436,
        0.08312264829874039,
        0.07835967093706131,
        -2.274658441543579,
        -0.038323067128658295,
        2.4051735401153564,
        -0.30543962121009827,
        0.0
    ],
    "retrieved_0_actions": [
        [
            -0.01218425459228456,
            0.5616474151611328,
            0.1451274286955595,
            0.5819229781627655,
            0.0653017545118928,
            0.03875494236126542,
            -0.22717181593179703,
            0.0
        ],
        [
            -0.009854647796601057,
            0.4697025939822197,
            0.13781119138002396,
            0.5180156975984573,
            -0.013966711703687906,
            0.03036945592612028,
            -0.15970613807439804,
            0.0
        ],
        [
            -0.005632922984659672,
            0.41473738849163055,
            0.12897081673145294,
            0.4701747000217438,
            -0.0529868109151721,
            0.023508931044489145,
            -0.10999481193721294,
            0.0
        ],
        [
            -0.0005171971133677289,
            0.38080088794231415,
            0.11397255584597588,
            0.43692823499441147,
            -0.07367243058979511,
            0.017119174590334296,
            -0.0704845879226923,
            0.0
        ],
        [
            0.009735306957736611,
            0.3379844129085541,
            0.09908368811011314,
            0.39318349212408066,
            -0.0866857822984457,
            0.048402934335172176,
            -0.012052764650434256,
            0.0
        ],
        [
            0.0038387745735235512,
            0.2612893655896187,
            0.10901486501097679,
            0.3389030322432518,
            -0.03830908564850688,
            0.07386477198451757,
            -0.016923747025430202,
            0.0
        ],
        [
            0.009213960729539394,
            0.16298620030283928,
            0.11629809625446796,
            0.2677682600915432,
            -0.017697158036753535,
            0.12008127756416798,
            -0.00242277659708634,
            0.0
        ],
        [
            0.018966937204822898,
            0.04560191184282303,
            0.11760969646275043,
            0.1725797913968563,
            -0.007288606138899922,
            0.20564114674925804,
            0.032076460774987936,
            0.0
        ],
        [
            0.012511597014963627,
            -0.08311629295349121,
            0.1234153751283884,
            0.06181966979056597,
            0.02826571697369218,
            0.30317341908812523,
            0.03628436243161559,
            0.0
        ],
        [
            0.0029061149689368904,
            -0.18131503835320473,
            0.12197846546769142,
            -0.02714828122407198,
            0.057065184228122234,
            0.35394012928009033,
            0.03651607781648636,
            0.0
        ],
        [
            0.0037895329296588898,
            -0.24751771241426468,
            0.10425420477986336,
            -0.11098122224211693,
            0.060507990419864655,
            0.3912215307354927,
            0.07865715771913528,
            0.0
        ],
        [
            0.011933483183383942,
            -0.25381674990057945,
            0.0774248968809843,
            -0.16119718551635742,
            0.04039904102683067,
            0.41891124099493027,
            0.12972195632755756,
            0.0
        ],
        [
            0.014692896511405706,
            -0.22579334676265717,
            0.060192933306097984,
            -0.1821703463792801,
            0.04209871403872967,
            0.399048775434494,
            0.15677990391850471,
            0.0
        ],
        [
            0.004062786174472421,
            -0.1710592582821846,
            0.059611834585666656,
            -0.16457350924611092,
            0.07543278858065605,
            0.311844814568758,
            0.11551429517567158,
            0.25
        ],
        [
            -0.006305159768089652,
            -0.12866047210991383,
            0.053161997348070145,
            -0.1593717560172081,
            0.10745679028332233,
            0.2461610920727253,
            0.10233300738036633,
            0.3072687556750414
        ]
    ],
    "retrieved_0_prompt": "open the door of the bottom shelf",
    "retrieved_1_state": [
        0.1328309178352356,
        0.09112148731946945,
        0.14250481128692627,
        -2.3585832118988037,
        0.1259772777557373,
        2.6447062492370605,
        -0.3914482593536377,
        0.7753303959930953
    ],