{
    "query_state": [
        0.06127943471074104,
        0.1655089557170868,
        0.18727858364582062,
        -2.2355194091796875,
        0.04281776025891304,
        2.553520679473877,
        -0.4437953233718872,
        0.8193832571606434
    ],
    "query_prompt": "open the door of the bottom shelf",
    "inference_time": true,
    "retrieved_0_state": [
        0.0998065173625946,
        0.15349534153938293,
        0.09002501517534256,
        -2.261232852935791,
        -0.07710940390825272,
        2.543170928955078,
        -0.2876252233982086,
        0.0
    ],
    "retrieved_0_actions": [
        [
            0.03106178715825081,
            0.17514552921056747,
            0.042292424477636814,
            0.3085121884942055,
            -0.18068263307213783,
            0.023638377897441387,
            0.11603762395679951,
            0.0
        ],
        [
            0.024812121409922838,
            0.1635238528251648,
            0.03827447537332773,
            0.28809910640120506,
            -0.1485851127654314,
            0.01408334937877953,
            0.11335001327097416,
            0.0
        ],
        [
            0.020941211842000484,
            0.15627320855855942,
            0.03893881803378463,
            0.2821209281682968,
            -0.12797637842595577,
            -0.005558652919717133,
            0.106369499117136,
            0.0
        ],
        [
            0.017144583398476243,
            0.15028336085379124,
            0.037659923546016216,
            0.27702100574970245,
            -0.1184532605111599,
            -0.012719385558739305,
            0.10216192342340946,
            0.01208775
        ],
        [
            0.008739534532651305,
            0.1377926953136921,
            0.03714356804266572,
            0.26560988277196884,
            -0.09692107327282429,
            -0.01596461865119636,
            0.09030940942466259,
            0.2588106182518011
        ],
        [
            8.815588444122113e-05,
            0.11604370549321175,
            0.03292845329269767,
            0.2462780475616455,
            -0.08553989231586456,
            -0.022261454723775387,
            0.08489989675581455,
            0.3072687556750414
        ],
        [
            -0.008584135794080794,
            0.10485193692147732,
            0.026079285889863968,
            0.2325962297618389,
            -0.08235913701355457,
            -0.022886767983436584,
            0.08126871660351753,
            0.41740087024533534
        ],
        [
            -0.02081342739984393,
            0.09336796589195728,
            0.021710935980081558,
            0.21723829209804535,
            -0.06420326884835958,
            -0.025086202658712864,
            0.06836379412561655,
            0.5495594866181877
        ],
        [
            -0.03596395719796419,
            0.06938708014786243,
            0.01569066778756678,
            0.18821382895112038,
            -0.042178258299827576,
            -0.02404676517471671,
            0.05347618367522955,
            0.6729074847392389
        ],
        [
            -0.049097384326159954,
            0.04119502380490303,
            0.014519239775836468,
            0.15722684562206268,
            -0.013136190827935934,
            -0.03398217959329486,
            0.03327554790303111,
            0.7918502175613338
        ],
        [
            -0.059757381677627563,
            0.015308691654354334,
            0.00940228987019509,
            0.12073063291609287,
            -0.002513601502869278,
            -0.0440211221575737,
            0.020772567950189114,
            0.9019823759585719
        ],
        [
            -0.06859761197119951,
            0.0001922032970469445,
            -0.002006667054956779,
            0.10042291134595871,
            -0.004100035293959081,
            -0.05492919124662876,
            0.015058221761137247,
            1.0
        ],
        [
            -0.07596392184495926,
            -0.013054623268544674,
            -0.004693943192251027,
            0.09380274452269077,
            0.011543834116309881,
            -0.06865054834634066,
            0.009052797686308622,
            1.0
        ],
        [
            -0.08636877872049809,
            -0.04321649670600891,
            -0.004603706183843315,
            0.06950195413082838,
            0.04448212683200836,
            -0.0866030715405941,
            -0.010697507532313466,
            1.0
        ],
        [
            -0.0927219819277525,
            -0.07121562957763672,
            -0.01000674208626151,
            0.04330916330218315,
            0.061279418878257275,
            -0.1026464719325304,
            -0.027587050572037697,
            0.9977973569073828
        ]
    ],
    "retrieved_0_prompt": "open the door of the bottom shelf",
    "retrieved_1_state": [
        0.11564923077821732,
        0.14798423647880554,
        0.09102816134691238,
        -2.2207441329956055,
        -0.03603684902191162,
        2.4160075187683105,
        -0.32240617275238037,
        0.0
    ],