{
    "query_state": [
        -0.13680481910705566,
        0.7444548606872559,
        -0.02144699916243553,
        -1.647817850112915,
        -0.054508376866579056,
        2.0418643951416016,
        -0.24603188037872314,
        0.6563876631710004
    ],
    "query_prompt": "move the squeegee to the right and try to drag it",
    "inference_time": true,
    "retrieved_0_state": [
        -0.12709641456604004,
        0.7465083599090576,
        -0.0363265685737133,
        -1.5946968793869019,
        -0.054135944694280624,
        2.0546538829803467,
        -0.06725375354290009,
        0.7224669713574265
    ],
    "retrieved_0_actions": [
        [
            -0.24538327008485794,
            0.14855476096272469,
            -0.0782302301377058,
            0.25628384202718735,
            0.2567634545266628,
            -0.22905373945832253,
            -0.07178759668022394,
            0.9306167428393566
        ],
        [
            -0.2495911531150341,
            0.11093407869338989,
            -0.08619672618806362,
            0.20789355039596558,
            0.254447590559721,
            -0.18657756969332695,
            -0.06572557613253593,
            0.9306167428393566
        ],
        [
            -0.1966794766485691,
            0.08108459413051605,
            -0.09793689474463463,
            0.1687261275947094,
            0.2112494595348835,
            -0.12471700087189674,
            -0.03358982503414154,
            0.9306167428393566
        ],
        [
            -0.1119440421462059,
            -0.017857856582850218,
            -0.08766684681177139,
            0.044598234817385674,
            0.10580813512206078,
            0.019774585962295532,
            -0.1007710862904787,
            0.47246697135742655
        ],
        [
            0.0,
            0.0,
            0.0,
            0.0,
            0.0,
            0.0,
            0.0,
            0.47246697135742655
        ],
        [
            0.0,
            0.0,
            0.0,
            0.0,
            0.0,
            0.0,
            0.0,
            0.47246697135742655
        ],
        [
            0.0,
            0.0,
            0.0,
            0.0,
            0.0,
            0.0,
            0.0,
            0.47246697135742655
        ],
        [
            0.0,
            0.0,
            0.0,
            0.0,
            0.0,
            0.0,
            0.0,
            0.47246697135742655
        ],
        [
            0.0,
            0.0,
            0.0,
            0.0,
            0.0,
            0.0,
            0.0,
            0.47246697135742655
        ],
        [
            0.0,
            0.0,
            0.0,
            0.0,
            0.0,
            0.0,
            0.0,
            0.47246697135742655
        ],
        [
            0.0,
            0.0,
            0.0,
            0.0,
            0.0,
            0.0,
            0.0,
            0.47246697135742655
        ],
        [
            0.0,
            0.0,
            0.0,
            0.0,
            0.0,
            0.0,
            0.0,
            0.47246697135742655
        ],
        [
            0.0,
            0.0,
            0.0,
            0.0,
            0.0,
            0.0,
            0.0,
            0.47246697135742655
        ],
        [
            0.0,
            0.0,
            0.0,
            0.0,
            0.0,
            0.0,
            0.0,
            0.47246697135742655
        ],
        [
            0.0,
            0.0,
            0.0,
            0.0,
            0.0,
            0.0,
            0.0,
            0.47246697135742655
        ]
    ],
    "retrieved_0_prompt": "move the squeegee to the right and try to drag it",
    "retrieved_1_state": [
        -0.15194842219352722,
        0.7573320269584656,
        -0.04413039609789848,
        -1.583332896232605,
        -0.03851986676454544,
        2.043137311935425,
        -0.06715305894613266,
        0.7224669713574265
    ],
    "retrieved_1_actions": [
        [
            -0.2495911531150341,
            0.11093407869338989,
            -0.08619672618806362,
            0.20789355039596558,
            0.254447590559721,
            -0.18657756969332695,
            -0.06572557613253593,
            0.9306167428393566
        ],
        [
            -0.1966794766485691,
            0.08108459413051605,
            -0.09793689474463463,
            0.1687261275947094,
            0.2112494595348835,
            -0.12471700087189674,
            -0.03358982503414154,
            0.9306167428393566
        ],
        [
            -0.1119440421462059,
            -0.017857856582850218,
            -0.08766684681177139,
            0.044598234817385674,
            0.10580813512206078,
            0.019774585962295532,
            -0.1007710862904787,
            0.47246697135742655
        ],
        [
            0.0,
            0.0,
            0.0,
            0.0,
            0.0,
            0.0,
            0.0,
            0.47246697135742655
        ],
        [
            0.0,
            0.0,
            0.0,
            0.0,
            0.0,
            0.0,
            0.0,
            0.47246697135742655
        ],
        [
            0.0,
            0.0,
            0.0,
            0.0,
            0.0,
            0.0,
            0.0,
            0.47246697135742655
        ],
        [
            0.0,
            0.0,
            0.0,
            0.0,
            0.0,
            0.0,
            0.0,
            0.47246697135742655
        ],
        [
            0.0,
            0.0,
            0.0,
            0.0,
            0.0,
            0.0,
            0.0,
            0.47246697135742655
        ],
        [
            0.0,
            0.0,
            0.0,
            0.0,
            0.0,
            0.0,
            0.0,
            0.47246697135742655
        ],
        [
            0.0,
            0.0,
            0.0,
            0.0,
            0.0,
            0.0,
            0.0,
            0.47246697135742655
        ],
        [
            0.0,
            0.0,
            0.0,
            0.0,
            0.0,
            0.0,
            0.0,
            0.47246697135742655
        ],
        [
            0.0,
            0.0,
            0.0,
            0.0,
            0.0,
            0.0,
            0.0,
            0.47246697135742655
        ],
        [
            0.0,
            0.0,
            0.0,
            0.0,
            0.0,
            0.0,
            0.0,
            0.47246697135742655
        ],
        [
            0.0,
            0.0,
            0.0,
            0.0,
            0.0,
            0.0,
            0.0,
            0.47246697135742655
        ],
        [
            0.0,
            0.0,
            0.0,
            0.0,
            0.0,
            0.0,
            0.0,
            0.47246697135742655
        ]
    ],
    "retrieved_1_prompt": "move the squeegee to the right and try to drag it",
    "retrieved_2_state": [
        -0.10454234480857849,
        0.7317131757736206,
        -0.030578963458538055,
        -1.6119699478149414,
        -0.06815317273139954,
        2.0700032711029053,
        -0.06769679486751556,
        0.7224669713574265
    ],