{
    "query_state": [
        0.0926920548081398,
        0.44470474123954773,
        0.0642978623509407,
        -2.2322745323181152,
        -0.19367022812366486,
        2.2212209701538086,
        -0.0779716745018959,
        0.0
    ],
    "query_prompt": "move the squeegee to the right and try to drag it",
    "inference_time": true,
    "retrieved_0_state": [
        0.09231008589267731,
        0.4951973855495453,
        0.09876448661088943,
        -2.215147018432617,
        -0.16654439270496368,
        2.6716294288635254,
        -0.07540727406740189,
        0.0
    ],
    "retrieved_0_actions": [
        [
            0.06756685674190521,
            0.15533095225691795,
            -0.08596180938184261,
            0.13909630477428436,
            -0.06023598834872246,
            0.08076616562902927,
            -0.0935143418610096,
            0.0
        ],
        [
            0.06387216504663229,
            0.13167287223041058,
            -0.08095229044556618,
            0.11884460225701332,
            -0.047251395881175995,
            0.08791196160018444,
            -0.08043814450502396,
            0.25
        ],
        [
            0.05892062559723854,
            0.09422187693417072,
            -0.07584549020975828,
            0.09769953787326813,
            -0.035472153685986996,
            0.08122747763991356,
            -0.0732145132496953,
            0.31167397714705347
        ],
        [
            0.05587894935160875,
            0.06197888869792223,
            -0.07682051509618759,
            0.08100387640297413,
            -0.027356166392564774,
            0.06995055358856916,
            -0.06310965865850449,
            0.4438326373468501
        ],
        [
            0.06148221902549267,
            0.04184540826827288,
            -0.08410539478063583,
            0.07403162773698568,
            -0.03136563580483198,
            0.05959951784461737,
            -0.04917129408568144,
            0.5715859007668576
        ],
        [
            0.0616825046017766,
            0.01573869725689292,
            -0.08501662872731686,
            0.06353624165058136,
            -0.027023679576814175,
            0.038155277725309134,
            -0.038066692650318146,
            0.7081497824386661
        ],
        [
            0.06384012289345264,
            -0.02388668479397893,
            -0.08966270834207535,
            0.04206012934446335,
            -0.027949567884206772,
            0.004143086553085595,
            -0.027360483072698116,
            0.849118929409431
        ],
        [
            0.05946443881839514,
            -0.04984179511666298,
            -0.09383572265505791,
            0.03338219132274389,
            -0.026599899865686893,
            -0.026444923132658005,
            -0.024512738455086946,
            0.9592511097201413
        ],
        [
            0.02900281921029091,
            -0.06034838501363993,
            -0.08981481194496155,
            0.046906257048249245,
            -0.005447699804790318,
            -0.06126868072897196,
            -0.03897462971508503,
            0.9273127774300354
        ],
        [
            -0.04501480143517256,
            -0.034523659851402044,
            -0.08560573682188988,
            0.08874350227415562,
            0.05239793565124273,
            -0.14328224584460258,
            -0.06559718865901232,
            0.9273127774300354
        ],
        [
            -0.1258488092571497,
            -0.034119170159101486,
            -0.09647625498473644,
            0.0890171155333519,
            0.09229541756212711,
            -0.1826138235628605,
            -0.09687735699117184,
            0.9273127774300354
        ],
        [
            -0.24753840640187263,
            -0.04611574113368988,
            -0.08607865311205387,
            0.0948126707226038,
            0.16130460426211357,
            -0.24301841855049133,
            -0.16929427161812782,
            0.9273127774300354
        ],
        [
            -0.32617755234241486,
            -0.03993538208305836,
            -0.0737888552248478,
            0.11277000419795513,
            0.21938052028417587,
            -0.2763298340141773,
            -0.21385075524449348,
            0.9273127774300354
        ],
        [
            -0.3852498158812523,
            -0.021186743397265673,
            -0.08059246465563774,
            0.12684117071330547,
            0.2711084298789501,
            -0.27859197929501534,
            -0.23774415254592896,
            0.9273127774300354
        ],
        [
            -0.36290988326072693,
            -0.00042371673771413043,
            -0.08549743331968784,
            0.14598966576159,
            0.2627616375684738,
            -0.27646487578749657,
            -0.2212454006075859,
            0.9273127774300354
        ]
    ],
    "retrieved_0_prompt": "move the squeegee to the right and try to drag it",
    "retrieved_1_state": [
        0.09231966733932495,
        0.4799146056175232,
        0.09902127087116241,
        -2.2267303466796875,
        -0.16654108464717865,
        2.671600580215454,
        -0.06771489977836609,
        0.0
    ],