{
    "query_state": [
        0.11249378323554993,
        0.5642075538635254,
        0.05979523807764053,
        -2.1064951419830322,
        -0.22585873305797577,
        2.222933292388916,
        -0.07751788944005966,
        0.0
    ],
    "query_prompt": "move the squeegee to the right and try to drag it",
    "inference_time": true,
    "retrieved_0_state": [
        0.09558404982089996,
        0.5480678081512451,
        0.11276600509881973,
        -2.177807092666626,
        -0.24375256896018982,
        2.7170166969299316,
        -0.2158985733985901,
        0.004405309125900536
    ],
    "retrieved_0_actions": [
        [
            0.054749706760048866,
            0.1916820928454399,
            -0.022657362278550863,
            0.30855489894747734,
            -0.04772963933646679,
            0.02364670392125845,
            -0.12927350588142872,
            0.31167397714705347
        ],
        [
            0.07360610645264387,
            0.13407405465841293,
            -0.04105295520275831,
            0.23206079378724098,
            -0.0617914367467165,
            0.033416885416954756,
            -0.08078574202954769,
            0.4438326373468501
        ],
        [
            0.08222781121730804,
            0.110196303576231,
            -0.06378416437655687,
            0.18475422635674477,
            -0.07605786435306072,
            0.0382875744253397,
            -0.05081690847873688,
            0.5583700610430444
        ],
        [
            0.06615928374230862,
            0.10119850747287273,
            -0.07857623510062695,
            0.15789899975061417,
            -0.07599505130201578,
            0.03594564273953438,
            -0.043913647532463074,
            0.6993392080138093
        ],
        [
            0.01626889454200864,
            0.09682546369731426,
            -0.074331508949399,
            0.1451212726533413,
            -0.04549895413219929,
            0.01867067883722484,
            -0.06359914783388376,
            0.813876675536948
        ],
        [
            -0.04141703713685274,
            0.09611335583031178,
            -0.08213349618017673,
            0.13817884027957916,
            -0.011505772126838565,
            0.010857000015676022,
            -0.06712392903864384,
            0.9240088120207139
        ],
        [
            -0.08668540976941586,
            0.10039437562227249,
            -0.1058711763471365,
            0.14819583855569363,
            0.0283788051456213,
            -0.013780283043161035,
            -0.03274563932791352,
            0.9284140992331424
        ],
        [
            -0.16060423105955124,
            0.10928286239504814,
            -0.13489248231053352,
            0.17249759286642075,
            0.10797343216836452,
            -0.08615202270448208,
            0.022773966193199158,
            0.9284140992331424
        ],
        [
            -0.2703855000436306,
            0.1147866528481245,
            -0.12618493288755417,
            0.1793278008699417,
            0.19929001107811928,
            -0.16075806692242622,
            0.024866193998605013,
            0.9284140992331424
        ],
        [
            -0.3486216440796852,
            0.11679423972964287,
            -0.12558512389659882,
            0.1714939996600151,
            0.26136748492717743,
            -0.19470073282718658,
            0.03081257687881589,
            0.9284140992331424
        ],
        [
            -0.45780930668115616,
            0.10823935270309448,
            -0.14613667502999306,
            0.09622418321669102,
            0.24893749505281448,
            -0.058854962699115276,
            -0.061321253888309,
            0.9284140992331424
        ],
        [
            -0.465710386633873,
            0.06298063788563013,
            -0.14291372150182724,
            0.01874800189398229,
            0.24853883311152458,
            0.003909494844265282,
            -0.05774096120148897,
            0.9284140992331424
        ],
        [
            -0.4509488493204117,
            0.01907119294628501,
            -0.16070811077952385,
            -0.05395542364567518,
            0.23985892534255981,
            0.07859430275857449,
            -0.04400064703077078,
            0.9284140992331424
        ],
        [
            -0.43676920235157013,
            0.004903640947304666,
            -0.17432846128940582,
            -0.0856405682861805,
            0.238613560795784,
            0.12131593190133572,
            -0.03949841484427452,
            0.9284140992331424
        ],
        [
            -0.44115789234638214,
            -0.0099425227381289,
            -0.16636135056614876,
            -0.11748508550226688,
            0.2492092177271843,
            0.1390205044299364,
            -0.047726621851325035,
            0.9284140992331424
        ]
    ],
    "retrieved_0_prompt": "move the squeegee to the right and try to drag it",
    "retrieved_1_state": [
        0.0966479554772377,
        0.5736069679260254,
        0.11300774663686752,
        -2.1437184810638428,
        -0.24375177919864655,
        2.7170283794403076,
        -0.22811220586299896,
        0.11013220222418241
    ],