{
    "query_state": [
        -0.15446388721466064,
        0.4579773247241974,
        -0.11742342263460159,
        -1.9046640396118164,
        -0.11291972547769547,
        2.16627836227417,
        -0.22745497524738312,
        0.0
    ],
    "query_prompt": "pick up the bagel and put it in the toaster",
    "inference_time": true,
    "retrieved_0_state": [
        -0.1748221218585968,
        0.6377807855606079,
        -0.06977120041847229,
        -1.7656028270721436,
        -0.014743814244866371,
        2.408114194869995,
        -0.21964582800865173,
        0.0
    ],
    "retrieved_0_actions": [
        [
            -0.07778910920023918,
            0.13944272883236408,
            0.07340306881815195,
            0.16136890277266502,
            0.04698792938143015,
            0.05283316597342491,
            -0.02689843764528632,
            0.0
        ],
        [
            -0.08039379492402077,
            0.08855889551341534,
            0.07629858795553446,
            0.1290072500705719,
            0.046343645080924034,
            0.053614708594977856,
            -0.03457320388406515,
            0.25
        ],
        [
            -0.080811632797122,
            0.05520322825759649,
            0.07506817113608122,
            0.10914023034274578,
            0.04668705631047487,
            0.04754609428346157,
            -0.03316387766972184,
            0.31167397714705347
        ],
        [
            -0.0873416569083929,
            0.022647660225629807,
            0.07493987679481506,
            0.0828083511441946,
            0.05338053219020367,
            0.044426401145756245,
            -0.03542657243087888,
            0.46145378619656363
        ],
        [
            -0.09339195676147938,
            -0.006647143163718283,
            0.07559558376669884,
            0.050907586701214314,
            0.05428598262369633,
            0.04967587534338236,
            -0.047455145977437496,
            0.5848017843176149
        ],
        [
            -0.09501814842224121,
            -0.04026943817734718,
            0.0726204551756382,
            0.013382540782913566,
            0.05163887050002813,
            0.0517056742683053,
            -0.05260254256427288,
            0.7081497824386661
        ],
        [
            -0.08989679627120495,
            -0.08087682537734509,
            0.06538347341120243,
            -0.032956020440906286,
            0.04470046143978834,
            0.05841962527483702,
            -0.04977936390787363,
            0.8314977805597175
        ],
        [
            -0.07747056428343058,
            -0.16172707080841064,
            0.04343676380813122,
            -0.09940317831933498,
            0.03081979462876916,
            0.012264744145795703,
            -0.02672138623893261,
            0.968061684144998
        ],
        [
            -0.037666973657906055,
            -0.3159080818295479,
            -0.0027100794250145555,
            -0.21215874701738358,
            -0.006637932383455336,
            -0.10650200769305229,
            0.040269321762025356,
            1.0
        ],
        [
            0.010515928734093904,
            -0.5477746576070786,
            -0.034768998157233,
            -0.34511465579271317,
            -0.047340504825115204,
            -0.2453690953552723,
            0.09133709594607353,
            0.9691629977305533
        ],
        [
            0.06636959500610828,
            -0.7041631639003754,
            -0.058908555656671524,
            -0.4181293025612831,
            -0.08404024876654148,
            -0.4055450111627579,
            0.15338179655373096,
            0.9746695957893525
        ],
        [
            0.12322605587542057,
            -0.8293643593788147,
            -0.044644889421761036,
            -0.5216119810938835,
            -0.10545032098889351,
            -0.4648994654417038,
            0.17285490408539772,
            0.9680616731882621
        ],
        [
            0.18287789076566696,
            -0.8479798585176468,
            -0.015872776275500655,
            -0.5336988717317581,
            -0.13141230680048466,
            -0.42603518813848495,
            0.19309204071760178,
            0.9680616731882621
        ],
        [
            0.2214697003364563,
            -0.7961327582597733,
            0.04104370251297951,
            -0.4800822213292122,
            -0.11671094223856926,
            -0.3781106695532799,
            0.19204653799533844,
            0.9680616731882621
        ],
        [
            0.23681137710809708,
            -0.7466057687997818,
            0.08919981308281422,
            -0.4232991114258766,
            -0.08408967405557632,
            -0.3612927719950676,
            0.20696332678198814,
            0.9680616731882621
        ]
    ],
    "retrieved_0_prompt": "pick up the bagel and put it in the toaster",
    "retrieved_1_state": [
        -0.15160846710205078,
        0.508150577545166,
        -0.11842764914035797,
        -1.8867464065551758,
        0.008564887568354607,
        2.4135634899139404,
        -0.14265048503875732,
        0.0
    ],