{
    "query_state": [
        0.11768718808889389,
        0.7152377367019653,
        0.10776752233505249,
        -1.8033946752548218,
        -0.022912336513400078,
        2.0508739948272705,
        -0.12055721879005432,
        0.7092511097201413
    ],
    "query_prompt": "move the squeegee to the right and try to drag it",
    "inference_time": true,
    "retrieved_0_state": [
        0.07598496973514557,
        0.6951082944869995,
        0.12618280947208405,
        -1.8140156269073486,
        -0.12436138838529587,
        2.565601348876953,
        -0.23197975754737854,
        0.0
    ],
    "retrieved_0_actions": [
        [
            -0.006569846300408244,
            0.20055493339896202,
            0.017392683075740933,
            0.3515523672103882,
            -0.055939480662345886,
            -0.22304469719529152,
            -0.20929276943206787,
            0.0
        ],
        [
            3.529637751853443e-05,
            0.1623835414648056,
            0.008639220613986254,
            0.30511409044265747,
            -0.05412505939602852,
            -0.18129659816622734,
            -0.15095263719558716,
            0.0
        ],
        [
            0.01023476361297071,
            0.1296389102935791,
            0.00044854685256723315,
            0.26085657998919487,
            -0.05805764812976122,
            -0.1512551959604025,
            -0.10897252708673477,
            0.25
        ],
        [
            0.0332125648856163,
            0.09821423329412937,
            -0.01657024840824306,
            0.22293005138635635,
            -0.07355787791311741,
            -0.13795805163681507,
            -0.06810201331973076,
            0.31167397714705347
        ],
        [
            0.03707626136019826,
            0.07513149175792933,
            -0.016706439200788736,
            0.2009841986000538,
            -0.06850496865808964,
            -0.14342732727527618,
            -0.05030433181673288,
            0.4438326373468501
        ],
        [
            0.03767604706808925,
            0.048808325082063675,
            -0.02156403148546815,
            0.17532037571072578,
            -0.06255669053643942,
            -0.14954973943531513,
            -0.030710669234395027,
            0.5671806354679013
        ],
        [
            0.06815818138420582,
            0.03103919792920351,
            -0.06382237654179335,
            0.1670723780989647,
            -0.07582254707813263,
            -0.18547073006629944,
            0.04241825081408024,
            0.7081497824386661
        ],
        [
            0.21556107327342033,
            -0.022771020885556936,
            -0.23194145411252975,
            0.19809439778327942,
            -0.1704728789627552,
            -0.4365202784538269,
            0.28744976967573166,
            0.8314977805597175
        ],
        [
            0.26361340656876564,
            -0.03539233235642314,
            -0.28193434700369835,
            0.27048878371715546,
            -0.20928716287016869,
            -0.6996128708124161,
            0.3701025992631912,
            0.9372246736579992
        ],
        [
            0.29311545193195343,
            -0.0167626840993762,
            -0.30321622267365456,
            0.3756505995988846,
            -0.25566020980477333,
            -0.9389372915029526,
            0.4143787547945976,
            0.9405286390673206
        ],
        [
            0.22004881873726845,
            0.007676992099732161,
            -0.2131165750324726,
            0.39815135300159454,
            -0.1779709942638874,
            -0.9991663694381714,
            0.29936859384179115,
            0.933920708248678
        ],
        [
            0.1880176179111004,
            0.05960415117442608,
            -0.160124022513628,
            0.4736396297812462,
            -0.13001326471567154,
            -0.9760350733995438,
            0.2257801778614521,
            0.933920708248678
        ],
        [
            0.11314193718135357,
            0.09816370904445648,
            -0.07188358344137669,
            0.47853656113147736,
            -0.13190070167183876,
            -0.8420074731111526,
            0.15392067842185497,
            0.933920708248678
        ],
        [
            0.05937763024121523,
            0.17076589167118073,
            -0.029842215590178967,
            0.4986562579870224,
            -0.09148351848125458,
            -0.7293301820755005,
            0.07908077910542488,
            0.933920708248678
        ],
        [
            0.014363405061885715,
            0.23636696860194206,
            -0.01721054082736373,
            0.4949765279889107,
            -0.06387125700712204,
            -0.6078751012682915,
            0.043879407458007336,
            0.933920708248678
        ]
    ],
    "retrieved_0_prompt": "move the squeegee to the right and try to drag it",
    "retrieved_1_state": [
        0.08210050314664841,
        0.708351731300354,
        0.17010939121246338,
        -1.7946021556854248,
        -0.09144045412540436,
        2.5984158515930176,
        -0.48409393429756165,
        0.0
    ],