{
    "query_state": [
        -0.047229666262865067,
        0.714116096496582,
        -0.047489650547504425,
        -1.745249629020691,
        -0.10983815044164658,
        2.2462236881256104,
        -0.06257262825965881,
        0.0
    ],
    "query_prompt": "move the idli plate to the right",
    "inference_time": true,
    "retrieved_0_state": [
        -0.03311477228999138,
        0.7210744619369507,
        -0.06184382736682892,
        -1.8623791933059692,
        -0.02688749134540558,
        2.5811595916748047,
        0.1017761304974556,
        0.0
    ],
    "retrieved_0_actions": [
        [
            -0.2525975741446018,
            0.11744532734155655,
            0.029145902954041958,
            0.07425905670970678,
            0.19379707053303719,
            0.135993380099535,
            -0.17948079854249954,
            0.0
        ],
        [
            -0.2752574160695076,
            0.1112074963748455,
            0.04570682067424059,
            0.07834773510694504,
            0.20746031776070595,
            0.11593874543905258,
            -0.22258231416344643,
            0.0
        ],
        [
            -0.3030853159725666,
            0.10734856128692627,
            0.062339636497199535,
            0.10262507945299149,
            0.23363634943962097,
            0.07230222690850496,
            -0.24567119777202606,
            0.0
        ],
        [
            -0.3272908926010132,
            0.11702890507876873,
            0.07077943533658981,
            0.14425808563828468,
            0.25156019255518913,
            0.04152138251811266,
            -0.25800077244639397,
            0.0
        ],
        [
            -0.3518720716238022,
            0.14319743029773235,
            0.069925207644701,
            0.18986642360687256,
            0.2476593665778637,
            0.038441214710474014,
            -0.2848295122385025,
            0.0
        ],
        [
            -0.3640773892402649,
            0.19726600497961044,
            0.06788699422031641,
            0.25266870856285095,
            0.24036062881350517,
            0.04020059946924448,
            -0.30638312920928,
            0.0
        ],
        [
            -0.34297291189432144,
            0.2379845269024372,
            0.06671639624983072,
            0.30628008767962456,
            0.23182861506938934,
            0.004210059705656022,
            -0.28847668319940567,
            0.0
        ],
        [
            -0.329042412340641,
            0.24543384090065956,
            0.06551135331392288,
            0.340348556637764,
            0.23313555866479874,
            -0.050859106704592705,
            -0.2654879540205002,
            0.0
        ],
        [
            -0.3158029168844223,
            0.224620271474123,
            0.057812719605863094,
            0.353996641933918,
            0.22693347185850143,
            -0.08683965541422367,
            -0.24656711146235466,
            0.0
        ],
        [
            -0.3230953961610794,
            0.2199966087937355,
            0.049127847887575626,
            0.3840253874659538,
            0.2224125899374485,
            -0.11358427815139294,
            -0.25678472593426704,
            0.0
        ],
        [
            -0.3090349771082401,
            0.23959415033459663,
            0.05305161699652672,
            0.41772592812776566,
            0.21824009716510773,
            -0.13049133121967316,
            -0.25615183636546135,
            0.0
        ],
        [
            -0.3024100884795189,
            0.2818903513252735,
            0.05764581263065338,
            0.4681909829378128,
            0.22123808041214943,
            -0.14766227453947067,
            -0.24846935644745827,
            0.0
        ],
        [
            -0.2838033065199852,
            0.33533405512571335,
            0.049131340347230434,
            0.5217133462429047,
            0.2142425812780857,
            -0.15182261355221272,
            -0.21556254476308823,
            0.0
        ],
        [
            -0.2672962658107281,
            0.38716956973075867,
            0.019795610569417477,
            0.5814450979232788,
            0.2054116316139698,
            -0.15941757708787918,
            -0.16134865581989288,
            0.0
        ],
        [
            -0.24925917387008667,
            0.39681654423475266,
            -0.005601673619821668,
            0.6064840033650398,
            0.19127383828163147,
            -0.18141893669962883,
            -0.12205132283270359,
            0.0
        ]
    ],
    "retrieved_0_prompt": "move the idli plate to the right",
    "retrieved_1_state": [
        -0.07891042530536652,
        0.7222477793693542,
        -0.06208356097340584,
        -1.8622872829437256,
        -0.002306293463334441,
        2.5895915031433105,
        0.09065111726522446,
        0.0
    ],