{
    "query_state": [
        0.012671882286667824,
        0.5151604413986206,
        0.0570158027112484,
        -2.201214075088501,
        -0.04337093234062195,
        2.5960543155670166,
        -0.18084929883480072,
        0.0220264579756142
    ],
    "query_prompt": "move the squeegee to the right and try to drag it",
    "inference_time": true,
    "retrieved_0_state": [
        0.011245609261095524,
        0.5270548462867737,
        0.03782690688967705,
        -2.160583019256592,
        -0.12702250480651855,
        2.629941463470459,
        -0.09600535780191422,
        0.7092511097201413
    ],
    "retrieved_0_actions": [
        [
            -0.36290988326072693,
            -0.00042371673771413043,
            -0.08549743331968784,
            0.14598966576159,
            0.2627616375684738,
            -0.27646487578749657,
            -0.2212454006075859,
            0.9273127774300354
        ],
        [
            -0.32413918524980545,
            0.009382402640767395,
            -0.0838733371347189,
            0.16166269779205322,
            0.24850346148014069,
            -0.2752522937953472,
            -0.20156722515821457,
            0.9273127774300354
        ],
        [
            -0.27714408934116364,
            0.004912087460979819,
            -0.07677207235246897,
            0.17762156203389168,
            0.22934505715966225,
            -0.24913039058446884,
            -0.18092866986989975,
            0.9273127774300354
        ],
        [
            -0.22702766582369804,
            -0.003548957174643874,
            -0.047467551194131374,
            0.19129959866404533,
            0.2302689291536808,
            -0.24001417681574821,
            -0.16856132075190544,
            0.9273127774300354
        ],
        [
            -0.18582722172141075,
            -0.025530413258820772,
            -0.022679981775581837,
            0.18362820148468018,
            0.2235158160328865,
            -0.23126423358917236,
            -0.1683928444981575,
            0.9273127774300354
        ],
        [
            -0.11680546216666698,
            -0.045276666060090065,
            -0.028678965754806995,
            0.16543777659535408,
            0.17018286511301994,
            -0.23837333545088768,
            -0.14414683915674686,
            0.9273127774300354
        ],
        [
            0.0,
            0.0,
            0.0,
            0.0,
            0.0,
            0.0,
            0.0,
            0.9273127774300354
        ],
        [
            0.0,
            0.0,
            0.0,
            0.0,
            0.0,
            0.0,
            0.0,
            0.9273127774300354
        ],
        [
            0.0,
            0.0,
            0.0,
            0.0,
            0.0,
            0.0,
            0.0,
            0.9273127774300354
        ],
        [
            0.0,
            0.0,
            0.0,
            0.0,
            0.0,
            0.0,
            0.0,
            0.9273127774300354
        ],
        [
            0.0,
            0.0,
            0.0,
            0.0,
            0.0,
            0.0,
            0.0,
            0.9273127774300354
        ],
        [
            0.0,
            0.0,
            0.0,
            0.0,
            0.0,
            0.0,
            0.0,
            0.9273127774300354
        ],
        [
            0.0,
            0.0,
            0.0,
            0.0,
            0.0,
            0.0,
            0.0,
            0.9273127774300354
        ],
        [
            0.0,
            0.0,
            0.0,
            0.0,
            0.0,
            0.0,
            0.0,
            0.9273127774300354
        ],
        [
            0.0,
            0.0,
            0.0,
            0.0,
            0.0,
            0.0,
            0.0,
            0.9273127774300354
        ]
    ],
    "retrieved_0_prompt": "move the squeegee to the right and try to drag it",
    "retrieved_1_state": [
        -0.008920513093471527,
        0.5054044723510742,
        0.07678066939115524,
        -2.2333877086639404,
        -0.11502645164728165,
        2.6969962120056152,
        -0.1977611929178238,
        0.7224669713574265
    ],
    "retrieved_1_actions": [
        [
            -0.49723345786333084,
            0.010323043679818511,
            -0.15450293198227882,
            -0.024639617186039686,
            0.22762427106499672,
            -0.0054867047583684325,
            -0.2825227193534374,
            0.9306167428393566
        ],
        [
            -0.48668045550584793,
            0.014464162522926927,
            -0.16408421099185944,
            -0.02634995151311159,
            0.24116884917020798,
            0.007967236451804638,
            -0.26555711403489113,
            0.9306167428393566
        ],
        [
            -0.48878636211156845,
            0.030741088557988405,
            -0.15976456925272942,
            -0.006950499373488128,
            0.25081733241677284,
            -0.0006421222497010604,
            -0.2898774854838848,
            0.9306167428393566
        ],
        [
            -0.44246841222047806,
            0.04398128483444452,
            -0.20815592259168625,
            0.019503154326230288,
            0.17131831496953964,
            -0.06056581623852253,
            -0.30048223212361336,
            0.47246697135742655
        ],
        [
            0.0,
            0.0,
            0.0,
            0.0,
            0.0,
            0.0,
            0.0,
            0.47246697135742655
        ],
        [
            0.0,
            0.0,
            0.0,
            0.0,
            0.0,
            0.0,
            0.0,
            0.47246697135742655
        ],
        [
            0.0,
            0.0,
            0.0,
            0.0,
            0.0,
            0.0,
            0.0,
            0.47246697135742655
        ],
        [
            0.0,
            0.0,
            0.0,
            0.0,
            0.0,
            0.0,
            0.0,
            0.47246697135742655
        ],
        [
            0.0,
            0.0,
            0.0,
            0.0,
            0.0,
            0.0,
            0.0,
            0.47246697135742655
        ],
        [
            0.0,
            0.0,
            0.0,
            0.0,
            0.0,
            0.0,
            0.0,
            0.47246697135742655
        ],
        [
            0.0,
            0.0,
            0.0,
            0.0,
            0.0,
            0.0,
            0.0,
            0.47246697135742655
        ],
        [
            0.0,
            0.0,
            0.0,
            0.0,
            0.0,
            0.0,
            0.0,
            0.47246697135742655
        ],
        [
            0.0,
            0.0,
            0.0,
            0.0,
            0.0,
            0.0,
            0.0,
            0.47246697135742655
        ],
        [
            0.0,
            0.0,
            0.0,
            0.0,
            0.0,
            0.0,
            0.0,
            0.47246697135742655
        ],
        [
            0.0,
            0.0,
            0.0,
            0.0,
            0.0,
            0.0,
            0.0,
            0.47246697135742655
        ]
    ],
    "retrieved_1_prompt": "move the squeegee to the right and try to drag it",
    "retrieved_2_state": [
        -0.031548235565423965,
        0.5471817851066589,
        0.08094235509634018,
        -2.0807933807373047,
        -0.09384656697511673,
        2.6242237091064453,
        -0.3301233649253845,
        0.7004405352952845
    ],