{
    "query_state": [
        0.129923477768898,
        0.353603333234787,
        0.09477066248655319,
        -2.3477511405944824,
        -0.18692316114902496,
        2.3387680053710938,
        0.020098038017749786,
        0.0
    ],
    "query_prompt": "move the squeegee to the right and try to drag it",
    "inference_time": true,
    "retrieved_0_state": [
        0.09098725020885468,
        0.3191683292388916,
        0.10491061210632324,
        -2.3431856632232666,
        -0.1433955430984497,
        2.6439266204833984,
        -0.02420152723789215,
        0.0
    ],
    "retrieved_0_actions": [
        [
            0.08898310363292694,
            0.3517794609069824,
            -0.11854943819344044,
            0.2935105934739113,
            -0.14731869101524353,
            0.14042283408343792,
            -0.09439087472856045,
            0.0
        ],
        [
            0.09278225712478161,
            0.31676895916461945,
            -0.10946732014417648,
            0.2742188796401024,
            -0.12512657791376114,
            0.10515662841498852,
            -0.11215884238481522,
            0.0
        ],
        [
            0.10063479654490948,
            0.2930675819516182,
            -0.10425143875181675,
            0.2522684074938297,
            -0.11396595276892185,
            0.09192542172968388,
            -0.11098614893853664,
            0.0
        ],
        [
            0.09301259182393551,
            0.2512345090508461,
            -0.09405748918652534,
            0.22528933361172676,
            -0.09201399050652981,
            0.07676002569496632,
            -0.11697893030941486,
            0.0
        ],
        [
            0.0643024081364274,
            0.21656816825270653,
            -0.0693338830024004,
            0.20320791751146317,
            -0.055128731764853,
            0.06033995654433966,
            -0.14430533163249493,
            0.0
        ],
        [
            0.06336595397442579,
            0.18965188413858414,
            -0.07390446029603481,
            0.18083835020661354,
            -0.057062129490077496,
            0.06421810016036034,
            -0.13108527287840843,
            0.0
        ],
        [
            0.0669157924130559,
            0.17119260504841805,
            -0.08274550549685955,
            0.15959616750478745,
            -0.06354188546538353,
            0.07173430174589157,
            -0.11253790929913521,
            0.0
        ],
        [
            0.06756685674190521,
            0.15533095225691795,
            -0.08596180938184261,
            0.13909630477428436,
            -0.06023598834872246,
            0.08076616562902927,
            -0.0935143418610096,
            0.0
        ],
        [
            0.06387216504663229,
            0.13167287223041058,
            -0.08095229044556618,
            0.11884460225701332,
            -0.047251395881175995,
            0.08791196160018444,
            -0.08043814450502396,
            0.25
        ],
        [
            0.05892062559723854,
            0.09422187693417072,
            -0.07584549020975828,
            0.09769953787326813,
            -0.035472153685986996,
            0.08122747763991356,
            -0.0732145132496953,
            0.31167397714705347
        ],
        [
            0.05587894935160875,
            0.06197888869792223,
            -0.07682051509618759,
            0.08100387640297413,
            -0.027356166392564774,
            0.06995055358856916,
            -0.06310965865850449,
            0.4438326373468501
        ],
        [
            0.06148221902549267,
            0.04184540826827288,
            -0.08410539478063583,
            0.07403162773698568,
            -0.03136563580483198,
            0.05959951784461737,
            -0.04917129408568144,
            0.5715859007668576
        ],
        [
            0.0616825046017766,
            0.01573869725689292,
            -0.08501662872731686,
            0.06353624165058136,
            -0.027023679576814175,
            0.038155277725309134,
            -0.038066692650318146,
            0.7081497824386661
        ],
        [
            0.06384012289345264,
            -0.02388668479397893,
            -0.08966270834207535,
            0.04206012934446335,
            -0.027949567884206772,
            0.004143086553085595,
            -0.027360483072698116,
            0.849118929409431
        ],
        [
            0.05946443881839514,
            -0.04984179511666298,
            -0.09383572265505791,
            0.03338219132274389,
            -0.026599899865686893,
            -0.026444923132658005,
            -0.024512738455086946,
            0.9592511097201413
        ]
    ],
    "retrieved_0_prompt": "move the squeegee to the right and try to drag it",
    "retrieved_1_state": [
        0.10074175149202347,
        0.5055972933769226,
        0.09049997478723526,
        -2.2337591648101807,
        -0.16460415720939636,
        2.697150468826294,
        -0.18045397102832794,
        0.7224669713574265
    ],