{
    "query_state": [
        0.08061444014310837,
        0.4276788830757141,
        0.030284065753221512,
        -2.239919662475586,
        -0.17784428596496582,
        2.3198330402374268,
        -0.010958747938275337,
        0.7268722585698549
    ],
    "query_prompt": "move the squeegee to the right and try to drag it",
    "inference_time": true,
    "retrieved_0_state": [
        0.04264307767152786,
        0.5056231617927551,
        0.08533360064029694,
        -2.2335169315338135,
        -0.14178308844566345,
        2.6970231533050537,
        -0.18405619263648987,
        0.7224669713574265
    ],
    "retrieved_0_actions": [
        [
            -0.5120077729225159,
            0.005119179259054363,
            -0.1407408621162176,
            -0.023158208932727575,
            0.2149471454322338,
            -0.006067220238037407,
            -0.30606815591454506,
            0.9306167428393566
        ],
        [
            -0.49723345786333084,
            0.010323043679818511,
            -0.15450293198227882,
            -0.024639617186039686,
            0.22762427106499672,
            -0.0054867047583684325,
            -0.2825227193534374,
            0.9306167428393566
        ],
        [
            -0.48668045550584793,
            0.014464162522926927,
            -0.16408421099185944,
            -0.02634995151311159,
            0.24116884917020798,
            0.007967236451804638,
            -0.26555711403489113,
            0.9306167428393566
        ],
        [
            -0.48878636211156845,
            0.030741088557988405,
            -0.15976456925272942,
            -0.006950499373488128,
            0.25081733241677284,
            -0.0006421222497010604,
            -0.2898774854838848,
            0.9306167428393566
        ],
        [
            -0.44246841222047806,
            0.04398128483444452,
            -0.20815592259168625,
            0.019503154326230288,
            0.17131831496953964,
            -0.06056581623852253,
            -0.30048223212361336,
            0.47246697135742655
        ],
        [
            0.0,
            0.0,
            0.0,
            0.0,
            0.0,
            0.0,
            0.0,
            0.47246697135742655
        ],
        [
            0.0,
            0.0,
            0.0,
            0.0,
            0.0,
            0.0,
            0.0,
            0.47246697135742655
        ],
        [
            0.0,
            0.0,
            0.0,
            0.0,
            0.0,
            0.0,
            0.0,
            0.47246697135742655
        ],
        [
            0.0,
            0.0,
            0.0,
            0.0,
            0.0,
            0.0,
            0.0,
            0.47246697135742655
        ],
        [
            0.0,
            0.0,
            0.0,
            0.0,
            0.0,
            0.0,
            0.0,
            0.47246697135742655
        ],
        [
            0.0,
            0.0,
            0.0,
            0.0,
            0.0,
            0.0,
            0.0,
            0.47246697135742655
        ],
        [
            0.0,
            0.0,
            0.0,
            0.0,
            0.0,
            0.0,
            0.0,
            0.47246697135742655
        ],
        [
            0.0,
            0.0,
            0.0,
            0.0,
            0.0,
            0.0,
            0.0,
            0.47246697135742655
        ],
        [
            0.0,
            0.0,
            0.0,
            0.0,
            0.0,
            0.0,
            0.0,
            0.47246697135742655
        ],
        [
            0.0,
            0.0,
            0.0,
            0.0,
            0.0,
            0.0,
            0.0,
            0.47246697135742655
        ]
    ],
    "retrieved_0_prompt": "move the squeegee to the right and try to drag it",
    "retrieved_1_state": [
        0.09303031116724014,
        0.4521770775318146,
        0.11284980922937393,
        -2.265556573867798,
        -0.23447294533252716,
        2.7144837379455566,
        -0.18180181086063385,
        0.0
    ],