{
    "query_state": [
        -0.008355394937098026,
        -0.4240175485610962,
        0.020845934748649597,
        -2.4873743057250977,
        -0.03489404171705246,
        1.9371562004089355,
        -0.00611720560118556,
        0.0
    ],
    "query_prompt": "move the squeegee to the right and try to drag it",
    "inference_time": true,
    "retrieved_0_state": [
        0.023608678951859474,
        -0.45064297318458557,
        0.04291382059454918,
        -2.538490056991577,
        -0.02694636397063732,
        1.9891059398651123,
        -0.011787832714617252,
        0.0
    ],
    "retrieved_0_actions": [
        [
            0.11136068031191826,
            0.566428117454052,
            0.11449549347162247,
            0.09183526039123535,
            -0.011526411399245262,
            0.46702124178409576,
            0.112041886895895,
            0.0
        ],
        [
            0.1319714542478323,
            0.6366690993309021,
            0.13388187624514103,
            0.14545457437634468,
            -0.031140046194195747,
            0.46968452632427216,
            0.1306484453380108,
            0.0
        ],
        [
            0.1547827199101448,
            0.6212228164076805,
            0.11055042035877705,
            0.19206078723073006,
            -0.002282050409121439,
            0.4569881036877632,
            0.05448316689580679,
            0.0
        ],
        [
            0.1503310352563858,
            0.5680925771594048,
            0.08488603867590427,
            0.23487048223614693,
            0.012487610802054405,
            0.40752027183771133,
            0.005005855346098542,
            0.0
        ],
        [
            0.1190396398305893,
            0.5172166228294373,
            0.05976760294288397,
            0.25014882907271385,
            -0.0028390626539476216,
            0.408581979572773,
            -0.014072009362280369,
            0.0
        ],
        [
            0.06943227257579565,
            0.4589599743485451,
            0.04301737528294325,
            0.22322475910186768,
            -0.12409779243171215,
            0.43172501027584076,
            0.02603816334158182,
            0.0
        ],
        [
            0.039893039502203465,
            0.4716837406158447,
            0.003967471420764923,
            0.2182329259812832,
            -0.14398211613297462,
            0.4028176888823509,
            -0.031185925472527742,
            0.0
        ],
        [
            0.023669004440307617,
            0.4952222853899002,
            -0.025105341337621212,
            0.23933541029691696,
            -0.13017076067626476,
            0.3361905738711357,
            -0.07347908802330494,
            0.0
        ],
        [
            0.016068987315520644,
            0.5243058875203133,
            -0.04130730405449867,
            0.26984769850969315,
            -0.1527742762118578,
            0.3079613670706749,
            -0.046954210847616196,
            0.0
        ],
        [
            0.021997566800564528,
            0.5034984275698662,
            -0.054102698341012,
            0.2660597115755081,
            -0.1854882761836052,
            0.28780777007341385,
            -0.00985198188573122,
            0.0
        ],
        [
            0.02924086758866906,
            0.474020391702652,
            -0.0694124260917306,
            0.2360927127301693,
            -0.18754184246063232,
            0.2740463800728321,
            -0.02799233654513955,
            0.0
        ],
        [
            0.03444770351052284,
            0.44482432305812836,
            -0.08950276300311089,
            0.23585503920912743,
            -0.19150029867887497,
            0.2331799827516079,
            -0.04001626744866371,
            0.0
        ],
        [
            0.031922205816954374,
            0.4360346123576164,
            -0.09667381644248962,
            0.2512337453663349,
            -0.1614130474627018,
            0.23202752694487572,
            -0.09596938267350197,
            0.0
        ],
        [
            0.04429954569786787,
            0.43253369629383087,
            -0.09898794814944267,
            0.2809431031346321,
            -0.14201348647475243,
            0.21112289279699326,
            -0.08699196390807629,
            0.0
        ],
        [
            0.05865040700882673,
            0.4096592590212822,
            -0.09752432815730572,
            0.2896336279809475,
            -0.1313409674912691,
            0.19572824239730835,
            -0.08544603362679482,
            0.0
        ]
    ],
    "retrieved_0_prompt": "move the squeegee to the right and try to drag it",
    "retrieved_1_state": [
        0.02326836623251438,
        -0.4735911786556244,
        0.03681199252605438,
        -2.538149833679199,
        -0.02681070566177368,
        1.9580159187316895,
        -0.011806248687207699,
        0.0
    ],