{
    "query_state": [
        0.008909348398447037,
        -0.5943980813026428,
        0.003954958636313677,
        -2.5117321014404297,
        -0.030922451987862587,
        1.9074478149414062,
        -0.005000925622880459,
        0.0
    ],
    "query_prompt": "use the squeegee to clean the counter and push everything into the sink",
    "inference_time": true,
    "retrieved_0_state": [
        -0.027814891189336777,
        -0.5245335698127747,
        -0.005397371016442776,
        -2.522721767425537,
        -0.011265824548900127,
        1.9584988355636597,
        0.015063881874084473,
        0.0
    ],
    "retrieved_0_actions": [
        [
            -0.09224959649145603,
            0.2841769717633724,
            -0.08989118970930576,
            -0.05902704317122698,
            -0.11441323906183243,
            0.33594459295272827,
            -0.028142821975052357,
            0.0
        ],
        [
            -0.08500071242451668,
            0.3079555742442608,
            -0.08673233911395073,
            -0.07276196032762527,
            -0.09491893462836742,
            0.3831920400261879,
            -0.010794259142130613,
            0.0
        ],
        [
            -0.07764833979308605,
            0.32484956085681915,
            -0.0879472866654396,
            -0.07433186750859022,
            -0.0721496855840087,
            0.4288490489125252,
            -0.012484065955504775,
            0.0
        ],
        [
            -0.07447514683008194,
            0.34032654017210007,
            -0.08516401052474976,
            -0.0805487297475338,
            -0.07390511687844992,
            0.48824243247509,
            -0.021060900762677193,
            0.0
        ],
        [
            -0.06843903101980686,
            0.3577673062682152,
            -0.08365127258002758,
            -0.06936352699995041,
            -0.06269099656492472,
            0.5109994858503342,
            -0.041536884382367134,
            0.0
        ],
        [
            -0.041548251174390316,
            0.36256879568099976,
            -0.09260418824851513,
            -0.030363276600837708,
            -0.0007512236334150657,
            0.4472598060965538,
            -0.09290761314332485,
            0.0
        ],
        [
            -0.03395942039787769,
            0.339328870177269,
            -0.06960345897823572,
            -0.010514181340113282,
            -0.008017609361559153,
            0.41184090077877045,
            -0.09293239563703537,
            0.0
        ],
        [
            -0.029948728624731302,
            0.3404412418603897,
            -0.04729284904897213,
            0.0035360330366529524,
            -0.010007846867665648,
            0.4061739891767502,
            -0.08025997318327427,
            0.0
        ],
        [
            -0.025770426727831364,
            0.3532107546925545,
            -0.029611496720463037,
            0.02257525222375989,
            -0.010107436683028936,
            0.40372297167778015,
            -0.05037016700953245,
            0.0
        ],
        [
            -0.031416311394423246,
            0.36488860845565796,
            -0.024539027363061905,
            0.050712632946670055,
            -0.02290730131790042,
            0.4162503406405449,
            -0.022868618834763765,
            0.0
        ],
        [
            -0.04416543059051037,
            0.3800678625702858,
            -0.0532950833439827,
            0.13345900923013687,
            0.03410665784031153,
            0.3426409512758255,
            -0.04435508046299219,
            0.0
        ],
        [
            -0.04879253916442394,
            0.3983590006828308,
            -0.05537312012165785,
            0.15832722187042236,
            0.06034215446561575,
            0.31751323491334915,
            -0.04373239818960428,
            0.0
        ],
        [
            -0.0432700477540493,
            0.3955395147204399,
            -0.04337452817708254,
            0.17359653487801552,
            0.06640997715294361,
            0.2905392087996006,
            -0.04041333217173815,
            0.0
        ],
        [
            -0.024927693884819746,
            0.4235212504863739,
            -0.02186783356592059,
            0.14762715436518192,
            0.08394680917263031,
            0.3322219103574753,
            -0.027433692011982203,
            0.0
        ],
        [
            -0.0171486078761518,
            0.38737908005714417,
            -0.007887639221735299,
            0.1698952168226242,
            0.08921104483306408,
            0.277769360691309,
            -0.031558063346892595,
            0.0
        ]
    ],
    "retrieved_0_prompt": "use the squeegee to clean the counter and push everything into the sink",
    "retrieved_1_state": [
        0.0076599144376814365,
        -0.5816699266433716,
        0.0022896265145391226,
        -2.4993834495544434,
        0.02074752375483513,
        1.8811514377593994,
        0.015887979418039322,
        0.0
    ],