{
    "query_state": [
        -0.12463175505399704,
        0.2586009204387665,
        -0.1171608567237854,
        -2.32247257232666,
        0.04007098823785782,
        2.4022481441497803,
        0.0780395120382309,
        0.0
    ],
    "query_prompt": "use the squeegee to clean the counter and push everything into the sink",
    "inference_time": true,
    "retrieved_0_state": [
        0.01002315804362297,
        0.19792062044143677,
        0.01800197921693325,
        -2.3401148319244385,
        0.32648763060569763,
        2.3703792095184326,
        0.4025112986564636,
        1.0
    ],
    "retrieved_0_actions": [
        [
            0.07919415831565857,
            -0.057574701495468616,
            0.09958738461136818,
            0.10600503534078598,
            0.3161759674549103,
            -0.34956902265548706,
            0.09313957765698433,
            1.0
        ],
        [
            0.06808412726968527,
            -0.04838204476982355,
            0.10340784676373005,
            0.12412195093929768,
            0.3461834415793419,
            -0.35145051777362823,
            0.04279890097677708,
            1.0
        ],
        [
            0.05551537964493036,
            -0.023697824217379093,
            0.10723283514380455,
            0.16080928966403008,
            0.3952176868915558,
            -0.3842996060848236,
            -0.023885061964392662,
            1.0
        ],
        [
            0.04676173906773329,
            -0.0030653621070086956,
            0.08519573137164116,
            0.17493382096290588,
            0.37596534937620163,
            -0.36986786872148514,
            -0.035800321493297815,
            1.0
        ],
        [
            0.039299558848142624,
            0.012337497901171446,
            0.057681407779455185,
            0.17548540607094765,
            0.3324165567755699,
            -0.33371251076459885,
            -0.03925128374248743,
            1.0
        ],
        [
            0.031570831779390574,
            0.028203940019011497,
            0.031148064881563187,
            0.170163344591856,
            0.28431424871087074,
            -0.3042237460613251,
            -0.040537272579967976,
            1.0
        ],
        [
            0.016005513025447726,
            0.047934097237885,
            0.013878032332286239,
            0.1661498099565506,
            0.27372680604457855,
            -0.2882387489080429,
            -0.06714002229273319,
            1.0
        ],
        [
            0.004509454884100705,
            0.06777192000299692,
            0.004944446845911443,
            0.16208847984671593,
            0.29077254235744476,
            -0.285759586840868,
            -0.10207262821495533,
            1.0
        ],
        [
            -0.0030815566424280405,
            0.08705909363925457,
            0.011147592449560761,
            0.16244344413280487,
            0.3331349045038223,
            -0.3052869811654091,
            -0.15348434448242188,
            1.0
        ],
        [
            -0.018039409769698977,
            0.11229735799133778,
            0.024698409251868725,
            0.16039960086345673,
            0.404004268348217,
            -0.3339061513543129,
            -0.24466251954436302,
            1.0
        ],
        [
            -0.02903143409639597,
            0.13144265860319138,
            0.03271888243034482,
            0.16174336895346642,
            0.4476341977715492,
            -0.36494236439466476,
            -0.29967721551656723,
            1.0
        ],
        [
            -0.02194825792685151,
            0.1319182850420475,
            0.028904881328344345,
            0.15504276379942894,
            0.41481103748083115,
            -0.36558177322149277,
            -0.27393240481615067,
            1.0
        ],
        [
            -0.003371908387634903,
            0.12612133286893368,
            0.025821304880082607,
            0.14835849404335022,
            0.3503451496362686,
            -0.3592052683234215,
            -0.22281549870967865,
            1.0
        ],
        [
            0.02711591776460409,
            0.09973482228815556,
            0.01971681136637926,
            0.1372126117348671,
            0.27018262073397636,
            -0.3200867772102356,
            -0.14209368266165257,
            1.0
        ],
        [
            0.07207108195871115,
            0.035208142362535,
            -0.006223948439583182,
            0.12418649159371853,
            0.1253377366811037,
            -0.21593540906906128,
            -0.013146799756214023,
            1.0
        ]
    ],
    "retrieved_0_prompt": "use the squeegee to clean the counter and push everything into the sink",
    "retrieved_1_state": [
        0.017781449481844902,
        0.19767767190933228,
        0.028695518150925636,
        -2.333449125289917,
        0.35251304507255554,
        2.342135429382324,
        0.4061232805252075,
        1.0
    ],