{
    "query_state": [
        -0.03408452868461609,
        0.7899869084358215,
        -0.006535356864333153,
        -1.394579291343689,
        0.0034177182242274284,
        2.1695985794067383,
        -0.07521510869264603,
        0.0
    ],
    "query_prompt": "move the idli plate to the right",
    "inference_time": true,
    "retrieved_0_state": [
        -0.02689298801124096,
        0.7379252314567566,
        -0.03160706162452698,
        -1.497556209564209,
        0.02548358589410782,
        2.19568133354187,
        0.08015166968107224,
        0.0
    ],
    "retrieved_0_actions": [
        [
            -0.00014443841791944578,
            0.5095144361257553,
            -0.0034889011294580996,
            0.7105657458305359,
            0.023153978399932384,
            -0.2559572830796242,
            0.0647855969145894,
            0.0
        ],
        [
            0.005295392475090921,
            0.5170619115233421,
            -0.004766507190652192,
            0.7504242658615112,
            0.02343074418604374,
            -0.27951452881097794,
            0.08112363517284393,
            0.0
        ],
        [
            0.008545488235540688,
            0.5008887872099876,
            -0.00435980036854744,
            0.764988511800766,
            0.022478557657450438,
            -0.29925864189863205,
            0.08417638950049877,
            0.0
        ],
        [
            0.01701211789622903,
            0.48189226537942886,
            -0.0036534835817292333,
            0.7723573595285416,
            0.01868300372734666,
            -0.316920168697834,
            0.08958172053098679,
            0.0
        ],
        [
            0.021723511163145304,
            0.45804310590028763,
            0.003300702665001154,
            0.7647495716810226,
            0.021467586047947407,
            -0.33589933067560196,
            0.08945876732468605,
            0.0
        ],
        [
            0.027821939438581467,
            0.4390781372785568,
            0.013579584192484617,
            0.756194218993187,
            0.022651883773505688,
            -0.3475527837872505,
            0.08275721222162247,
            0.0
        ],
        [
            0.025569754652678967,
            0.4232082888484001,
            0.02941801678389311,
            0.7449189573526382,
            0.03053417894989252,
            -0.3488903120160103,
            0.0686932448297739,
            0.0
        ],
        [
            0.029564492870122194,
            0.3572366386651993,
            0.03807374741882086,
            0.6857547909021378,
            0.030998624861240387,
            -0.3588958829641342,
            0.06290553603321314,
            0.0
        ],
        [
            -0.0024496924015693367,
            0.015300229424610734,
            0.0010692427167668939,
            0.027503075543791056,
            -0.0006351383490255103,
            -0.017166300676763058,
            -0.0015108856314327568,
            0.0
        ],
        [
            -0.013392855180427432,
            0.03126514842733741,
            0.004953168099746108,
            0.026492413599044085,
            0.016565852565690875,
            -0.020975780207663774,
            0.017854840261861682,
            0.0
        ]
    ],
    "retrieved_0_prompt": "move the idli plate to the right",
    "retrieved_1_state": [
        -0.012032320722937584,
        0.7524913549423218,
        -0.02313874661922455,
        -1.5523015260696411,
        -0.026306647807359695,
        2.217125177383423,
        0.09795227646827698,
        0.0
    ],
    "retrieved_1_actions": [
        [
            0.011349439155310392,
            0.19771279767155647,
            1.8652581275091507e-05,
            0.10013285093009472,
            0.06312597543001175,
            0.05416597705334425,
            -0.023219692520797253,
            0.0
        ],
        [
            -0.029118030797690153,
            0.2849413827061653,
            0.018618295434862375,
            0.21187260746955872,
            0.056766653433442116,
            -0.10846413671970367,
            -0.1433621346950531,
            0.0
        ],
        [
            -0.03949273843318224,
            0.32191500067710876,
            0.0004355054988991469,
            0.27245545759797096,
            0.05167423281818628,
            -0.11888583190739155,
            -0.12310631573200226,
            0.0
        ],
        [
            -0.04336101468652487,
            0.34979283809661865,
            -0.004107851709704846,
            0.3324039652943611,
            0.029784212820231915,
            -0.11581304483115673,
            -0.15899699181318283,
            0.0
        ],
        [
            -0.044926293194293976,
            0.36859259009361267,
            0.0037104805232957006,
            0.38961634039878845,
            0.012950290692970157,
            -0.10694854892790318,
            -0.20015204325318336,
            0.0
        ],
        [
            -0.039293523877859116,
            0.3896704316139221,
            0.006230805884115398,
            0.4605022817850113,
            -0.00509881938342005,
            -0.10237572714686394,
            -0.21523011848330498,
            0.0
        ],
        [
            -0.04057563841342926,
            0.3953920304775238,
            0.005979002453386784,
            0.4957321658730507,
            -0.0009389923798153177,
            -0.1326238363981247,
            -0.18863094970583916,
            0.0
        ],
        [
            -0.06088946480304003,
            0.36689765751361847,
            0.008144633611664176,
            0.4406735673546791,
            0.01978284679353237,
            -0.11072627268731594,
            -0.16519082710146904,
            0.0
        ],
        [
            -0.1131871435791254,
            0.3236859291791916,
            0.012592514976859093,
            0.3494727984070778,
            0.06791424006223679,
            -0.04684020299464464,
            -0.15094579197466373,
            0.0
        ],
        [
            -0.1918085478246212,
            0.28892677277326584,
            0.017004020046442747,
            0.2816132456064224,
            0.12433175928890705,
            -0.03337714821100235,
            -0.17156841233372688,
            0.0
        ]
    ],
    "retrieved_1_prompt": "move the idli plate to the right",
    "retrieved_2_state": [
        -0.026901915669441223,
        0.7810088396072388,
        -0.03163166716694832,
        -1.4507114887237549,
        0.02562287636101246,
        2.189002513885498,
        0.08249597996473312,
        0.0
    ],