{
    "query_state": [
        -0.04041033610701561,
        0.8699608445167542,
        -0.00673671392723918,
        -1.2836045026779175,
        0.003538957331329584,
        2.155026912689209,
        -0.07523582130670547,
        0.0
    ],
    "query_prompt": "move the idli plate to the right",
    "inference_time": true,
    "retrieved_0_state": [
        -0.02640553191304207,
        0.8669822812080383,
        -0.031548164784908295,
        -1.3499846458435059,
        0.026071809232234955,
        2.1665148735046387,
        0.0886041596531868,
        0.0
    ],
    "retrieved_0_actions": [
        [
            0.01701211789622903,
            0.48189226537942886,
            -0.0036534835817292333,
            0.7723573595285416,
            0.01868300372734666,
            -0.316920168697834,
            0.08958172053098679,
            0.0
        ],
        [
            0.021723511163145304,
            0.45804310590028763,
            0.003300702665001154,
            0.7647495716810226,
            0.021467586047947407,
            -0.33589933067560196,
            0.08945876732468605,
            0.0
        ],
        [
            0.027821939438581467,
            0.4390781372785568,
            0.013579584192484617,
            0.756194218993187,
            0.022651883773505688,
            -0.3475527837872505,
            0.08275721222162247,
            0.0
        ],
        [
            0.025569754652678967,
            0.4232082888484001,
            0.02941801678389311,
            0.7449189573526382,
            0.03053417894989252,
            -0.3488903120160103,
            0.0686932448297739,
            0.0
        ],
        [
            0.029564492870122194,
            0.3572366386651993,
            0.03807374741882086,
            0.6857547909021378,
            0.030998624861240387,
            -0.3588958829641342,
            0.06290553603321314,
            0.0
        ],
        [
            -0.0024496924015693367,
            0.015300229424610734,
            0.0010692427167668939,
            0.027503075543791056,
            -0.0006351383490255103,
            -0.017166300676763058,
            -0.0015108856314327568,
            0.0
        ],
        [
            -0.013392855180427432,
            0.03126514842733741,
            0.004953168099746108,
            0.026492413599044085,
            0.016565852565690875,
            -0.020975780207663774,
            0.017854840261861682,
            0.0
        ],
        [
            -0.011989636113867164,
            0.09289825335144997,
            5.303505759002292e-06,
            0.10574576444923878,
            0.040402705781161785,
            0.00797731103375554,
            0.09150229394435883,
            0.0
        ],
        [
            -0.00759463116992265,
            0.17595380544662476,
            -0.002520864363759756,
            0.259462334215641,
            0.04463488236069679,
            -0.004434700240381062,
            0.10903601534664631,
            0.0
        ],
        [
            -0.003406141768209636,
            0.25440748780965805,
            -0.013691334752365947,
            0.40365971624851227,
            0.03479086793959141,
            -0.023723861668258905,
            0.10902946814894676,
            0.0
        ]
    ],
    "retrieved_0_prompt": "move the idli plate to the right",
    "retrieved_1_state": [
        -0.2549766004085541,
        0.9526609182357788,
        -0.06912264972925186,
        -1.3851333856582642,
        0.12738803029060364,
        2.1976318359375,
        0.029551580548286438,
        0.0
    ],
    "retrieved_1_actions": [
        [
            -0.20007502287626266,
            0.0731332553550601,
            -0.047857086174190044,
            0.28264107182621956,
            0.1757831871509552,
            -0.20081240683794022,
            0.05079705733805895,
            0.0
        ],
        [
            -0.20355511456727982,
            0.09442659094929695,
            -0.04963765852153301,
            0.32319657504558563,
            0.18355008214712143,
            -0.22957460954785347,
            0.059650628827512264,
            0.0
        ],
        [
            -0.2148030512034893,
            0.1181182824075222,
            -0.05594884976744652,
            0.35972554236650467,
            0.19711622968316078,
            -0.24498213082551956,
            0.07342252414673567,
            0.0
        ],
        [
            -0.20690500736236572,
            0.14469970017671585,
            -0.05137600935995579,
            0.386350117623806,
            0.2003549039363861,
            -0.2450331300497055,
            0.08666914887726307,
            0.0
        ],
        [
            -0.19240537658333778,
            0.17492132261395454,
            -0.04205526318401098,
            0.4102925583720207,
            0.20235762000083923,
            -0.24604594334959984,
            0.09422647766768932,
            0.0
        ],
        [
            -0.14866625890135765,
            0.19698720425367355,
            -0.04176387097686529,
            0.4121265187859535,
            0.18409168347716331,
            -0.21624116227030754,
            0.10680303908884525,
            0.0
        ],
        [
            -0.12978238984942436,
            0.2096864953637123,
            -0.031790470238775015,
            0.41854143142700195,
            0.19457194954156876,
            -0.20030034705996513,
            0.11830090545117855,
            0.0
        ],
        [
            -0.11076767928898335,
            0.21413564682006836,
            -0.031064660288393497,
            0.4172598198056221,
            0.19343312829732895,
            -0.17667844891548157,
            0.12819159775972366,
            0.0
        ],
        [
            -0.10759253986179829,
            0.22017588838934898,
            -0.026343842037022114,
            0.4263598844408989,
            0.196771789342165,
            -0.17198247835040092,
            0.13137615285813808,
            0.0
        ],
        [
            -0.0985618494451046,
            0.2192927524447441,
            -0.027413119096308947,
            0.42161162942647934,
            0.19245652481913567,
            -0.16147896647453308,
            0.13596149161458015,
            0.0
        ]
    ],
    "retrieved_1_prompt": "move the idli plate to the right",
    "retrieved_2_state": [
        -0.025791943073272705,
        0.9063654541969299,
        -0.03150352090597153,
        -1.2985739707946777,
        0.026096466928720474,
        2.1543328762054443,
        0.09242591261863708,
        0.0
    ],