{
    "query_state": [
        -0.047787971794605255,
        0.9507192373275757,
        -0.006826628465205431,
        -1.171036720275879,
        0.00452796695753932,
        2.1377503871917725,
        -0.07522889226675034,
        0.0
    ],
    "query_prompt": "move the idli plate to the right",
    "inference_time": true,
    "retrieved_0_state": [
        -0.05104167014360428,
        0.9192829132080078,
        -0.04106270149350166,
        -1.387015700340271,
        -0.007704152259975672,
        2.181250810623169,
        0.054664887487888336,
        0.0
    ],
    "retrieved_0_actions": [
        [
            -0.06328001152724028,
            0.3101350739598274,
            0.06957337725907564,
            0.4056304320693016,
            0.10445882566273212,
            -0.17270535230636597,
            -0.07653213106095791,
            0.0
        ],
        [
            -0.04833288490772247,
            0.23596515879034996,
            0.04997215699404478,
            0.29814954847097397,
            0.07593283895403147,
            -0.0919813010841608,
            -0.07699092384427786,
            0.0
        ],
        [
            -0.06437935400754213,
            0.18034614622592926,
            0.042665041983127594,
            0.213017538189888,
            0.07656486704945564,
            -0.024187362287193537,
            -0.09004626423120499,
            0.0
        ],
        [
            -0.11915718205273151,
            0.1184395793825388,
            0.05456255283206701,
            0.12023736722767353,
            0.11392536573112011,
            0.03451000200584531,
            -0.12020565569400787,
            0.0
        ],
        [
            -0.201017614454031,
            0.06424827966839075,
            0.07607042323797941,
            0.045343912206590176,
            0.17459198832511902,
            0.08849362842738628,
            -0.16253724694252014,
            0.0
        ],
        [
            -0.2658109739422798,
            0.02753326902166009,
            0.09322924539446831,
            -0.014611055376008153,
            0.20985014736652374,
            0.15412932261824608,
            -0.20962083712220192,
            0.0
        ],
        [
            -0.3091076388955116,
            -0.010579440277069807,
            0.08259814232587814,
            -0.0869967695325613,
            0.214842539280653,
            0.24117646738886833,
            -0.2329828403890133,
            0.0
        ],
        [
            -0.34128252416849136,
            -0.026898952201008797,
            0.09080689400434494,
            -0.12788116000592709,
            0.24000763893127441,
            0.2881902642548084,
            -0.240104291588068,
            0.0
        ],
        [
            -0.40375180542469025,
            -0.045593506656587124,
            0.1184238400310278,
            -0.1684318296611309,
            0.3042317181825638,
            0.28738608583807945,
            -0.24981804192066193,
            0.0
        ],
        [
            -0.4479769244790077,
            -0.060018585063517094,
            0.12305531650781631,
            -0.18854042515158653,
            0.3315124660730362,
            0.27321575209498405,
            -0.25907689705491066,
            0.0
        ]
    ],
    "retrieved_0_prompt": "move the idli plate to the right",
    "retrieved_1_state": [
        -0.025791943073272705,
        0.9063654541969299,
        -0.03150352090597153,
        -1.2985739707946777,
        0.026096466928720474,
        2.1543328762054443,
        0.09242591261863708,
        0.0
    ],
    "retrieved_1_actions": [
        [
            0.021723511163145304,
            0.45804310590028763,
            0.003300702665001154,
            0.7647495716810226,
            0.021467586047947407,
            -0.33589933067560196,
            0.08945876732468605,
            0.0
        ],
        [
            0.027821939438581467,
            0.4390781372785568,
            0.013579584192484617,
            0.756194218993187,
            0.022651883773505688,
            -0.3475527837872505,
            0.08275721222162247,
            0.0
        ],
        [
            0.025569754652678967,
            0.4232082888484001,
            0.02941801678389311,
            0.7449189573526382,
            0.03053417894989252,
            -0.3488903120160103,
            0.0686932448297739,
            0.0
        ],
        [
            0.029564492870122194,
            0.3572366386651993,
            0.03807374741882086,
            0.6857547909021378,
            0.030998624861240387,
            -0.3588958829641342,
            0.06290553603321314,
            0.0
        ],
        [
            -0.0024496924015693367,
            0.015300229424610734,
            0.0010692427167668939,
            0.027503075543791056,
            -0.0006351383490255103,
            -0.017166300676763058,
            -0.0015108856314327568,
            0.0
        ],
        [
            -0.013392855180427432,
            0.03126514842733741,
            0.004953168099746108,
            0.026492413599044085,
            0.016565852565690875,
            -0.020975780207663774,
            0.017854840261861682,
            0.0
        ],
        [
            -0.011989636113867164,
            0.09289825335144997,
            5.303505759002292e-06,
            0.10574576444923878,
            0.040402705781161785,
            0.00797731103375554,
            0.09150229394435883,
            0.0
        ],
        [
            -0.00759463116992265,
            0.17595380544662476,
            -0.002520864363759756,
            0.259462334215641,
            0.04463488236069679,
            -0.004434700240381062,
            0.10903601534664631,
            0.0
        ],
        [
            -0.003406141768209636,
            0.25440748780965805,
            -0.013691334752365947,
            0.40365971624851227,
            0.03479086793959141,
            -0.023723861668258905,
            0.10902946814894676,
            0.0
        ],
        [
            -0.0028167935670353472,
            0.30972929671406746,
            -0.022442787885665894,
            0.5090153217315674,
            0.032704365439713,
            -0.054559544660151005,
            0.11852280236780643,
            0.0
        ]
    ],
    "retrieved_1_prompt": "move the idli plate to the right",
    "retrieved_2_state": [
        -0.04946625605225563,
        0.8829631209373474,
        -0.041712239384651184,
        -1.4191375970840454,
        -0.009897222742438316,
        2.189483404159546,
        0.054709292948246,
        0.0
    ],