{
    "query_state": [
        -0.04907111078500748,
        0.990311324596405,
        -0.006532473023980856,
        -1.1196420192718506,
        0.004527426324784756,
        2.1270220279693604,
        -0.07523245364427567,
        0.0
    ],
    "query_prompt": "move the idli plate to the right",
    "inference_time": true,
    "retrieved_0_state": [
        -0.05104167014360428,
        0.9192829132080078,
        -0.04106270149350166,
        -1.387015700340271,
        -0.007704152259975672,
        2.181250810623169,
        0.054664887487888336,
        0.0
    ],
    "retrieved_0_actions": [
        [
            -0.06328001152724028,
            0.3101350739598274,
            0.06957337725907564,
            0.4056304320693016,
            0.10445882566273212,
            -0.17270535230636597,
            -0.07653213106095791,
            0.0
        ],
        [
            -0.04833288490772247,
            0.23596515879034996,
            0.04997215699404478,
            0.29814954847097397,
            0.07593283895403147,
            -0.0919813010841608,
            -0.07699092384427786,
            0.0
        ],
        [
            -0.06437935400754213,
            0.18034614622592926,
            0.042665041983127594,
            0.213017538189888,
            0.07656486704945564,
            -0.024187362287193537,
            -0.09004626423120499,
            0.0
        ],
        [
            -0.11915718205273151,
            0.1184395793825388,
            0.05456255283206701,
            0.12023736722767353,
            0.11392536573112011,
            0.03451000200584531,
            -0.12020565569400787,
            0.0
        ],
        [
            -0.201017614454031,
            0.06424827966839075,
            0.07607042323797941,
            0.045343912206590176,
            0.17459198832511902,
            0.08849362842738628,
            -0.16253724694252014,
            0.0
        ],
        [
            -0.2658109739422798,
            0.02753326902166009,
            0.09322924539446831,
            -0.014611055376008153,
            0.20985014736652374,
            0.15412932261824608,
            -0.20962083712220192,
            0.0
        ],
        [
            -0.3091076388955116,
            -0.010579440277069807,
            0.08259814232587814,
            -0.0869967695325613,
            0.214842539280653,
            0.24117646738886833,
            -0.2329828403890133,
            0.0
        ],
        [
            -0.34128252416849136,
            -0.026898952201008797,
            0.09080689400434494,
            -0.12788116000592709,
            0.24000763893127441,
            0.2881902642548084,
            -0.240104291588068,
            0.0
        ],
        [
            -0.40375180542469025,
            -0.045593506656587124,
            0.1184238400310278,
            -0.1684318296611309,
            0.3042317181825638,
            0.28738608583807945,
            -0.24981804192066193,
            0.0
        ],
        [
            -0.4479769244790077,
            -0.060018585063517094,
            0.12305531650781631,
            -0.18854042515158653,
            0.3315124660730362,
            0.27321575209498405,
            -0.25907689705491066,
            0.0
        ]
    ],
    "retrieved_0_prompt": "move the idli plate to the right",
    "retrieved_1_state": [
        -0.05172641947865486,
        0.9677625298500061,
        -0.03645136207342148,
        -1.3440057039260864,
        -0.0032167593017220497,
        2.1766066551208496,
        0.053802911192178726,
        0.0
    ],
    "retrieved_1_actions": [
        [
            -0.06437935400754213,
            0.18034614622592926,
            0.042665041983127594,
            0.213017538189888,
            0.07656486704945564,
            -0.024187362287193537,
            -0.09004626423120499,
            0.0
        ],
        [
            -0.11915718205273151,
            0.1184395793825388,
            0.05456255283206701,
            0.12023736722767353,
            0.11392536573112011,
            0.03451000200584531,
            -0.12020565569400787,
            0.0
        ],
        [
            -0.201017614454031,
            0.06424827966839075,
            0.07607042323797941,
            0.045343912206590176,
            0.17459198832511902,
            0.08849362842738628,
            -0.16253724694252014,
            0.0
        ],
        [
            -0.2658109739422798,
            0.02753326902166009,
            0.09322924539446831,
            -0.014611055376008153,
            0.20985014736652374,
            0.15412932261824608,
            -0.20962083712220192,
            0.0
        ],
        [
            -0.3091076388955116,
            -0.010579440277069807,
            0.08259814232587814,
            -0.0869967695325613,
            0.214842539280653,
            0.24117646738886833,
            -0.2329828403890133,
            0.0
        ],
        [
            -0.34128252416849136,
            -0.026898952201008797,
            0.09080689400434494,
            -0.12788116000592709,
            0.24000763893127441,
            0.2881902642548084,
            -0.240104291588068,
            0.0
        ],
        [
            -0.40375180542469025,
            -0.045593506656587124,
            0.1184238400310278,
            -0.1684318296611309,
            0.3042317181825638,
            0.28738608583807945,
            -0.24981804192066193,
            0.0
        ],
        [
            -0.4479769244790077,
            -0.060018585063517094,
            0.12305531650781631,
            -0.18854042515158653,
            0.3315124660730362,
            0.27321575209498405,
            -0.25907689705491066,
            0.0
        ],
        [
            -0.4782102629542351,
            -0.05460594780743122,
            0.1148258987814188,
            -0.1814073696732521,
            0.33990565687417984,
            0.25863979011774063,
            -0.2642933279275894,
            0.0
        ],
        [
            -0.46343855559825897,
            -0.03592621302232146,
            0.09472907520830631,
            -0.1499271485954523,
            0.31869664788246155,
            0.22311974316835403,
            -0.24956049397587776,
            0.0
        ]
    ],
    "retrieved_1_prompt": "move the idli plate to the right",
    "retrieved_2_state": [
        -0.04946625605225563,
        0.8829631209373474,
        -0.041712239384651184,
        -1.4191375970840454,
        -0.009897222742438316,
        2.189483404159546,
        0.054709292948246,
        0.0
    ],