{
    "query_state": [
        -0.34276989102363586,
        1.244823694229126,
        -0.07255203276872635,
        -0.7659735083580017,
        0.10042238980531693,
        2.042530059814453,
        -0.09421869367361069,
        0.9911894276295312
    ],
    "query_prompt": "move the idli plate to the right",
    "inference_time": true,
    "retrieved_0_state": [
        -0.33628392219543457,
        1.3732283115386963,
        -0.01983894407749176,
        -0.6351945400238037,
        0.18217895925045013,
        2.0034570693969727,
        0.18040958046913147,
        0.0
    ],
    "retrieved_0_actions": [
        [
            -0.3143172711133957,
            0.20401250571012497,
            -0.02322309883311391,
            0.293838270008564,
            0.11399520561099052,
            -0.06130216643214226,
            0.17985200509428978,
            0.0
        ],
        [
            -0.34038741141557693,
            0.14486486092209816,
            -0.01758368220180273,
            0.2563403733074665,
            0.1316656358540058,
            -0.07469515781849623,
            0.18766477704048157,
            0.0
        ],
        [
            -0.3502317890524864,
            0.11028993874788284,
            -0.0114705681335181,
            0.2255789190530777,
            0.14771511778235435,
            -0.06886815652251244,
            0.2095634676516056,
            0.0
        ],
        [
            -0.3230613097548485,
            0.08397581987082958,
            -0.009316683281213045,
            0.20132755860686302,
            0.14677844941616058,
            -0.052962652407586575,
            0.23091310635209084,
            0.0
        ],
        [
            -0.27138737961649895,
            0.04231410566717386,
            -0.014622170710936189,
            0.17045706510543823,
            0.13067896477878094,
            -0.05585282575339079,
            0.25322316214442253,
            0.0
        ],
        [
            -0.13833899050951004,
            -0.008150521316565573,
            -0.024270545691251755,
            0.1326610241085291,
            0.055021815933287144,
            -0.10573898442089558,
            0.17325876280665398,
            0.0
        ],
        [
            0.0,
            0.0,
            0.0,
            0.0,
            0.0,
            0.0,
            0.0,
            0.0
        ],
        [
            0.0,
            0.0,
            0.0,
            0.0,
            0.0,
            0.0,
            0.0,
            0.0
        ],
        [
            0.0,
            0.0,
            0.0,
            0.0,
            0.0,
            0.0,
            0.0,
            0.0
        ],
        [
            0.0,
            0.0,
            0.0,
            0.0,
            0.0,
            0.0,
            0.0,
            0.0
        ]
    ],
    "retrieved_0_prompt": "move the idli plate to the right",
    "retrieved_1_state": [
        -0.32928285002708435,
        1.131422519683838,
        -0.04222821444272995,
        -1.0713859796524048,
        0.017037855461239815,
        2.1182289123535156,
        -0.29284733533859253,
        0.0
    ],
    "retrieved_1_actions": [
        [
            -0.22532720118761063,
            0.36376841366291046,
            0.05237518809735775,
            0.48845771700143814,
            0.20600451156497002,
            -0.07878846488893032,
            0.08663707412779331,
            0.0
        ],
        [
            -0.19011184573173523,
            0.3509339317679405,
            0.009189841221086681,
            0.4804481938481331,
            0.15597118996083736,
            -0.08294569328427315,
            0.12318689376115799,
            0.0
        ],
        [
            -0.15780199319124222,
            0.3466765210032463,
            -0.0399437639862299,
            0.4798414930701256,
            0.1111181266605854,
            -0.08182347752153873,
            0.15146764926612377,
            0.0
        ],
        [
            -0.1051044836640358,
            0.3384402394294739,
            -0.08804910816252232,
            0.46860259026288986,
            0.049829655326902866,
            -0.11848422698676586,
            0.14203187078237534,
            0.0
        ],
        [
            -0.08645463734865189,
            0.2587425895035267,
            -0.10371948592364788,
            0.4050571471452713,
            0.03164825960993767,
            -0.1585041917860508,
            0.14711816795170307,
            0.0
        ],
        [
            -0.08133130148053169,
            0.11419582180678844,
            -0.10446184314787388,
            0.2232326753437519,
            -0.00666692154482007,
            -0.14479782432317734,
            0.15191308222711086,
            0.0
        ],
        [
            -0.10320502333343029,
            -0.003454464313108474,
            -0.1377914659678936,
            0.10766327381134033,
            -0.020505774300545454,
            -0.14465509913861752,
            0.1563258096575737,
            0.0
        ],
        [
            -0.17743270844221115,
            -0.11771827004849911,
            -0.16051242128014565,
            0.03166913986206055,
            0.00800395559053868,
            -0.18118169158697128,
            0.177450031042099,
            0.0
        ],
        [
            -0.23174554109573364,
            -0.1802307553589344,
            -0.16931354999542236,
            -0.0032196083338931203,
            0.04029206931591034,
            -0.22541893646121025,
            0.20547769963741302,
            0.0
        ],
        [
            -0.24894032627344131,
            -0.23431973531842232,
            -0.13909910805523396,
            -0.03036543494090438,
            0.07452616933733225,
            -0.2639593742787838,
            0.1899988017976284,
            0.0
        ]
    ],
    "retrieved_1_prompt": "move the idli plate to the right",
    "retrieved_2_state": [
        -0.2967810034751892,
        1.369401216506958,
        -0.01895512454211712,
        -0.6415924429893494,
        0.17796000838279724,
        2.003448963165283,
        0.17114073038101196,
        0.0
    ],