{
    "query_state": [
        -0.05196506902575493,
        0.8072882890701294,
        -0.019687330350279808,
        -1.6305551528930664,
        0.03723504766821861,
        2.3555831909179688,
        -0.024427849799394608,
        0.0
    ],
    "query_prompt": "move the idli plate to the right",
    "inference_time": true,
    "retrieved_0_state": [
        -0.034125205129384995,
        0.7751312851905823,
        -0.061057914048433304,
        -1.7565460205078125,
        -0.09727180749177933,
        2.5388708114624023,
        0.04213300347328186,
        0.0
    ],
    "retrieved_0_actions": [
        [
            -0.21838661283254623,
            0.23547383025288582,
            0.013996941270306706,
            0.15934361144900322,
            0.16272053122520447,
            0.07476575206965208,
            -0.16902636736631393,
            0.0
        ],
        [
            -0.26089008897542953,
            0.2706488408148289,
            -0.003495026903692633,
            0.21628130227327347,
            0.18666384741663933,
            0.05698570515960455,
            -0.17510712146759033,
            0.0
        ],
        [
            -0.2957863546907902,
            0.30312221497297287,
            -0.01068268553353846,
            0.25320155546069145,
            0.2126598171889782,
            0.07553518284112215,
            -0.18337907269597054,
            0.0
        ],
        [
            -0.32326381653547287,
            0.30110208317637444,
            0.021256415639072657,
            0.25538716465234756,
            0.2443513087928295,
            0.07996512576937675,
            -0.2234368585050106,
            0.0
        ],
        [
            -0.33379267901182175,
            0.3305929899215698,
            0.044158329255878925,
            0.2749609015882015,
            0.25718245655298233,
            0.07451148703694344,
            -0.24246804416179657,
            0.0
        ],
        [
            -0.31498290598392487,
            0.3474953770637512,
            0.05313441623002291,
            0.29040502384305,
            0.24724550545215607,
            0.05964159034192562,
            -0.23445626720786095,
            0.0
        ],
        [
            -0.27403488755226135,
            0.35432104021310806,
            0.027017740067094564,
            0.3004048578441143,
            0.21713288500905037,
            0.050310888327658176,
            -0.18557963892817497,
            0.0
        ],
        [
            -0.1975753903388977,
            0.2850293926894665,
            -0.020177625119686127,
            0.2541131339967251,
            0.1502679381519556,
            0.05235189571976662,
            -0.14954407699406147,
            0.0
        ],
        [
            -0.05432484205812216,
            0.08532645180821419,
            -0.09546024724841118,
            0.11376524344086647,
            0.07647726219147444,
            0.05454431287944317,
            -0.0486288545653224,
            0.0
        ],
        [
            0.056565357372164726,
            -0.202250424772501,
            -0.10567678138613701,
            -0.11482273228466511,
            0.020693668629974127,
            0.036110798828303814,
            -0.0210959417745471,
            0.0
        ],
        [
            0.11878992430865765,
            -0.3911670669913292,
            -0.0930953398346901,
            -0.2964460290968418,
            -0.006290025194175541,
            0.056352061219513416,
            -0.004245945019647479,
            0.0
        ],
        [
            0.14946172945201397,
            -0.5808901786804199,
            -0.09562383405864239,
            -0.49041498452425003,
            -0.01720340922474861,
            0.07115710061043501,
            0.01431114855222404,
            0.0
        ],
        [
            0.10190578177571297,
            -0.6275514513254166,
            -0.07914808578789234,
            -0.5206874385476112,
            0.008774997550062835,
            0.018588327802717686,
            -0.005625053308904171,
            0.0
        ],
        [
            0.09003091603517532,
            -0.543244406580925,
            -0.11131010949611664,
            -0.44538576155900955,
            -0.00282846245681867,
            -0.028631577733904123,
            0.022003967314958572,
            0.0
        ],
        [
            0.0953194871544838,
            -0.4302801936864853,
            -0.12344690971076488,
            -0.37124674767255783,
            -0.025417613796889782,
            -0.03513425122946501,
            0.027925486210733652,
            0.0
        ]
    ],
    "retrieved_0_prompt": "move the idli plate to the right",
    "retrieved_1_state": [
        -0.04668067395687103,
        0.728877067565918,
        -0.013644088059663773,
        -1.833742618560791,
        0.028681140393018723,
        2.452139139175415,
        -0.049339521676301956,
        0.0
    ],