{
    "query_state": [
        -0.5508570075035095,
        0.7886637449264526,
        -0.05008450895547867,
        -1.6016254425048828,
        0.2509116530418396,
        2.3948888778686523,
        -0.10129832476377487,
        0.0
    ],
    "query_prompt": "move the idli plate to the right",
    "inference_time": true,
    "retrieved_0_state": [
        -0.5531429052352905,
        0.760407567024231,
        -0.10525661706924438,
        -1.7594515085220337,
        0.2969311773777008,
        2.27274227142334,
        -0.13310487568378448,
        0.0
    ],
    "retrieved_0_actions": [
        [
            -0.19124312326312065,
            0.2563293091952801,
            -0.06267277989536524,
            0.46913545578718185,
            0.2155778929591179,
            -0.27121104300022125,
            -0.0233227270655334,
            0.0
        ],
        [
            -0.24264845997095108,
            0.23718414828181267,
            -0.06673942320048809,
            0.5127008631825447,
            0.22668184712529182,
            -0.3226029872894287,
            0.007883603684604168,
            0.0
        ],
        [
            -0.28588270768523216,
            0.2033441886305809,
            -0.05372543819248676,
            0.5264180898666382,
            0.23669444024562836,
            -0.41371598839759827,
            0.034409062936902046,
            0.0
        ],
        [
            -0.30641160905361176,
            0.1288165431469679,
            -0.08242016658186913,
            0.47227591276168823,
            0.2525944821536541,
            -0.38740020245313644,
            0.13193652965128422,
            0.0
        ],
        [
            -0.3075214847922325,
            -0.03432825207710266,
            -0.09640644304454327,
            0.36589931696653366,
            0.284748338162899,
            -0.385124534368515,
            0.23742876946926117,
            0.0
        ],
        [
            -0.3294208273291588,
            -0.5352355539798737,
            0.03506742184981704,
            -0.028443296905606985,
            0.3890654817223549,
            -0.4279368743300438,
            0.06471486762166023,
            0.0
        ],
        [
            0.0,
            0.0,
            0.0,
            0.0,
            0.0,
            0.0,
            0.0,
            0.0
        ],
        [
            0.0,
            0.0,
            0.0,
            0.0,
            0.0,
            0.0,
            0.0,
            0.0
        ],
        [
            0.0,
            0.0,
            0.0,
            0.0,
            0.0,
            0.0,
            0.0,
            0.0
        ],
        [
            0.0,
            0.0,
            0.0,
            0.0,
            0.0,
            0.0,
            0.0,
            0.0
        ],
        [
            0.0,
            0.0,
            0.0,
            0.0,
            0.0,
            0.0,
            0.0,
            0.0
        ],
        [
            0.0,
            0.0,
            0.0,
            0.0,
            0.0,
            0.0,
            0.0,
            0.0
        ],
        [
            0.0,
            0.0,
            0.0,
            0.0,
            0.0,
            0.0,
            0.0,
            0.0
        ],
        [
            0.0,
            0.0,
            0.0,
            0.0,
            0.0,
            0.0,
            0.0,
            0.0
        ],
        [
            0.0,
            0.0,
            0.0,
            0.0,
            0.0,
            0.0,
            0.0,
            0.0
        ]
    ],
    "retrieved_0_prompt": "move the idli plate to the right",
    "retrieved_1_state": [
        -0.5367992520332336,
        0.7484093308448792,
        -0.10113602876663208,
        -1.782062292098999,
        0.2879236042499542,
        2.2759313583374023,
        -0.13434605300426483,
        0.0
    ],
    "retrieved_1_actions": [
        [
            -0.15919502824544907,
            0.25263383984565735,
            -0.06902763154357672,
            0.424780510365963,
            0.22126434370875359,
            -0.20158316940069199,
            -0.048284041695296764,
            0.0
        ],
        [
            -0.19124312326312065,
            0.2563293091952801,
            -0.06267277989536524,
            0.46913545578718185,
            0.2155778929591179,
            -0.27121104300022125,
            -0.0233227270655334,
            0.0
        ],
        [
            -0.24264845997095108,
            0.23718414828181267,
            -0.06673942320048809,
            0.5127008631825447,
            0.22668184712529182,
            -0.3226029872894287,
            0.007883603684604168,
            0.0
        ],
        [
            -0.28588270768523216,
            0.2033441886305809,
            -0.05372543819248676,
            0.5264180898666382,
            0.23669444024562836,
            -0.41371598839759827,
            0.034409062936902046,
            0.0
        ],
        [
            -0.30641160905361176,
            0.1288165431469679,
            -0.08242016658186913,
            0.47227591276168823,
            0.2525944821536541,
            -0.38740020245313644,
            0.13193652965128422,
            0.0
        ],
        [
            -0.3075214847922325,
            -0.03432825207710266,
            -0.09640644304454327,
            0.36589931696653366,
            0.284748338162899,
            -0.385124534368515,
            0.23742876946926117,
            0.0
        ],
        [
            -0.3294208273291588,
            -0.5352355539798737,
            0.03506742184981704,
            -0.028443296905606985,
            0.3890654817223549,
            -0.4279368743300438,
            0.06471486762166023,
            0.0
        ],
        [
            0.0,
            0.0,
            0.0,
            0.0,
            0.0,
            0.0,
            0.0,
            0.0
        ],
        [
            0.0,
            0.0,
            0.0,
            0.0,
            0.0,
            0.0,
            0.0,
            0.0
        ],
        [
            0.0,
            0.0,
            0.0,
            0.0,
            0.0,
            0.0,
            0.0,
            0.0
        ],
        [
            0.0,
            0.0,
            0.0,
            0.0,
            0.0,
            0.0,
            0.0,
            0.0
        ],
        [
            0.0,
            0.0,
            0.0,
            0.0,
            0.0,
            0.0,
            0.0,
            0.0
        ],
        [
            0.0,
            0.0,
            0.0,
            0.0,
            0.0,
            0.0,
            0.0,
            0.0
        ],
        [
            0.0,
            0.0,
            0.0,
            0.0,
            0.0,
            0.0,
            0.0,
            0.0
        ],
        [
            0.0,
            0.0,
            0.0,
            0.0,
            0.0,
            0.0,
            0.0,
            0.0
        ]
    ],
    "retrieved_1_prompt": "move the idli plate to the right",
    "retrieved_2_state": [
        -0.5659363269805908,
        0.8125452399253845,
        -0.07029584050178528,
        -1.65190851688385,
        0.19401973485946655,
        2.3674139976501465,
        -0.2966538667678833,
        0.0
    ],