{
    "query_state": [
        0.08818789571523666,
        0.24015094339847565,
        0.02163189835846424,
        -2.535702705383301,
        -0.18741671741008759,
        2.713212251663208,
        0.17726752161979675,
        0.0
    ],
    "query_prompt": "pick up the poke ball and put it in the tray",
    "inference_time": true,
    "retrieved_0_state": [
        0.14699053764343262,
        0.33567535877227783,
        -0.0038052015006542206,
        -2.410501718521118,
        -0.40786293148994446,
        2.924657106399536,
        0.17652884125709534,
        0.004405309125900536
    ],
    "retrieved_0_actions": [
        [
            0.13692816719412804,
            0.23335952311754227,
            -0.10328512638807297,
            0.1762077771127224,
            -0.12151433154940605,
            0.13625988736748695,
            0.14099872671067715,
            0.32929512599676714
        ],
        [
            0.09975911118090153,
            0.1430243719369173,
            -0.0590898422524333,
            0.13515006750822067,
            -0.07207194808870554,
            0.10017714463174343,
            0.10073025710880756,
            0.43061670996914847
        ],
        [
            0.057316478341817856,
            0.05405940115451813,
            -0.023978787939995527,
            0.08403906598687172,
            -0.02199075883254409,
            0.061676991172134876,
            0.07376971188932657,
            0.5583700610430444
        ],
        [
            0.04226366523653269,
            -0.03905721940100193,
            -0.02399931661784649,
            0.038603548891842365,
            0.007003127248026431,
            -0.00838541949633509,
            0.08801012299954891,
            0.6596916450154258
        ],
        [
            -0.02483526011928916,
            -0.16449470072984695,
            0.030865331646054983,
            -0.022664242424070835,
            0.08281053975224495,
            -0.07983565330505371,
            0.03503507934510708,
            0.6773127938651394
        ],
        [
            -0.011387220583856106,
            -0.3914519399404526,
            -0.010335198603570461,
            -0.11845462024211884,
            0.3814289718866348,
            -0.21374637261033058,
            -0.19316092133522034,
            0.716960356863523
        ],
        [
            -0.1090354286134243,
            -0.5228337645530701,
            0.013284218730404973,
            -0.16804516315460205,
            0.41565295308828354,
            -0.3071206994354725,
            -0.21743882447481155,
            0.8050661011120912
        ],
        [
            -0.20293544977903366,
            -0.6329546123743057,
            -0.018909760983660817,
            -0.23100877180695534,
            0.3881421685218811,
            -0.3464135155081749,
            -0.2207677625119686,
            0.8623348129601884
        ],
        [
            -0.2006717026233673,
            -0.659317746758461,
            -0.14097005128860474,
            -0.2611334063112736,
            0.21909555420279503,
            -0.3223981708288193,
            -0.1308861654251814,
            0.879955961809902
        ],
        [
            -0.19934965297579765,
            -0.6100979074835777,
            -0.2173285000026226,
            -0.2512274868786335,
            0.03848632099106908,
            -0.292751993983984,
            -0.04659721162170172,
            0.9151982375958572
        ],
        [
            -0.2242848090827465,
            -0.5245635285973549,
            -0.26413556188344955,
            -0.22702381014823914,
            -0.1544883195310831,
            -0.25870563462376595,
            0.05850194953382015,
            0.9196035248082857
        ],
        [
            -0.26132142171263695,
            -0.40691226720809937,
            -0.24417607113718987,
            -0.18058571964502335,
            -0.2783203311264515,
            -0.2319091185927391,
            0.13138240203261375,
            0.9262114556269282
        ],
        [
            -0.28210898861289024,
            -0.26920631527900696,
            -0.20524857565760612,
            -0.1246920507401228,
            -0.3770456835627556,
            -0.20134074613451958,
            0.20627539604902267,
            0.9196035248082857
        ],
        [
            -0.26703156530857086,
            -0.16075819730758667,
            -0.15555588528513908,
            -0.0766582926735282,
            -0.4047136753797531,
            -0.17011696472764015,
            0.24902520701289177,
            0.9196035248082857
        ],
        [
            -0.2306750789284706,
            -0.0677728233858943,
            -0.11931149289011955,
            -0.03377059241756797,
            -0.39833471179008484,
            -0.13546370901167393,
            0.27150077745318413,
            0.9207048466113927
        ]
    ],
    "retrieved_0_prompt": "pick up the poke ball and put it in the tray",
    "retrieved_1_state": [
        0.023192329332232475,
        0.2456396222114563,
        0.03783980756998062,
        -2.559765100479126,
        -0.17555665969848633,
        2.9250853061676025,
        0.16326510906219482,
        0.004405309125900536
    ],