{
    "query_state": [
        -0.06148155778646469,
        0.770206868648529,
        -0.06707177311182022,
        -1.6468616724014282,
        0.03683086857199669,
        2.406524896621704,
        0.13797281682491302,
        0.718061684144998
    ],
    "query_prompt": "move the squeegee to the right and try to drag it",
    "inference_time": true,
    "retrieved_0_state": [
        -0.06357723474502563,
        0.7426440715789795,
        -0.038245003670454025,
        -1.7587480545043945,
        0.023199571296572685,
        2.4616594314575195,
        0.1256394237279892,
        0.7533039599309532
    ],
    "retrieved_0_actions": [
        [
            -0.3330385684967041,
            -0.06274489220231771,
            -0.16108155250549316,
            -0.12666882947087288,
            0.20940084010362625,
            -0.10586930438876152,
            -0.10708266869187355,
            0.9383259899827383
        ],
        [
            -0.27196552604436874,
            -0.06733147893100977,
            -0.11464044451713562,
            -0.08785265497863293,
            0.19074754789471626,
            -0.1596703752875328,
            -0.14209658838808537,
            0.5033039599309532
        ],
        [
            0.0,
            0.0,
            0.0,
            0.0,
            0.0,
            0.0,
            0.0,
            0.5033039599309532
        ],
        [
            0.0,
            0.0,
            0.0,
            0.0,
            0.0,
            0.0,
            0.0,
            0.5033039599309532
        ],
        [
            0.0,
            0.0,
            0.0,
            0.0,
            0.0,
            0.0,
            0.0,
            0.5033039599309532
        ],
        [
            0.0,
            0.0,
            0.0,
            0.0,
            0.0,
            0.0,
            0.0,
            0.5033039599309532
        ],
        [
            0.0,
            0.0,
            0.0,
            0.0,
            0.0,
            0.0,
            0.0,
            0.5033039599309532
        ],
        [
            0.0,
            0.0,
            0.0,
            0.0,
            0.0,
            0.0,
            0.0,
            0.5033039599309532
        ],
        [
            0.0,
            0.0,
            0.0,
            0.0,
            0.0,
            0.0,
            0.0,
            0.5033039599309532
        ],
        [
            0.0,
            0.0,
            0.0,
            0.0,
            0.0,
            0.0,
            0.0,
            0.5033039599309532
        ],
        [
            0.0,
            0.0,
            0.0,
            0.0,
            0.0,
            0.0,
            0.0,
            0.5033039599309532
        ],
        [
            0.0,
            0.0,
            0.0,
            0.0,
            0.0,
            0.0,
            0.0,
            0.5033039599309532
        ],
        [
            0.0,
            0.0,
            0.0,
            0.0,
            0.0,
            0.0,
            0.0,
            0.5033039599309532
        ],
        [
            0.0,
            0.0,
            0.0,
            0.0,
            0.0,
            0.0,
            0.0,
            0.5033039599309532
        ],
        [
            0.0,
            0.0,
            0.0,
            0.0,
            0.0,
            0.0,
            0.0,
            0.5033039599309532
        ]
    ],
    "retrieved_0_prompt": "move the squeegee to the right and try to drag it",
    "retrieved_1_state": [
        -0.02296639047563076,
        0.7481944561004639,
        -0.02457384020090103,
        -1.7483160495758057,
        -0.0001686749019427225,
        2.462747573852539,
        0.12681758403778076,
        0.7533039599309532
    ],
    "retrieved_1_actions": [
        [
            -0.3874281421303749,
            -0.10041705332696438,
            -0.16888519749045372,
            -0.19249772652983665,
            0.2320055104792118,
            -0.06504921242594719,
            -0.12399367056787014,
            0.9383259899827383
        ],
        [
            -0.3330385684967041,
            -0.06274489220231771,
            -0.16108155250549316,
            -0.12666882947087288,
            0.20940084010362625,
            -0.10586930438876152,
            -0.10708266869187355,
            0.9383259899827383
        ],
        [
            -0.27196552604436874,
            -0.06733147893100977,
            -0.11464044451713562,
            -0.08785265497863293,
            0.19074754789471626,
            -0.1596703752875328,
            -0.14209658838808537,
            0.5033039599309532
        ],
        [
            0.0,
            0.0,
            0.0,
            0.0,
            0.0,
            0.0,
            0.0,
            0.5033039599309532
        ],
        [
            0.0,
            0.0,
            0.0,
            0.0,
            0.0,
            0.0,
            0.0,
            0.5033039599309532
        ],
        [
            0.0,
            0.0,
            0.0,
            0.0,
            0.0,
            0.0,
            0.0,
            0.5033039599309532
        ],
        [
            0.0,
            0.0,
            0.0,
            0.0,
            0.0,
            0.0,
            0.0,
            0.5033039599309532
        ],
        [
            0.0,
            0.0,
            0.0,
            0.0,
            0.0,
            0.0,
            0.0,
            0.5033039599309532
        ],
        [
            0.0,
            0.0,
            0.0,
            0.0,
            0.0,
            0.0,
            0.0,
            0.5033039599309532
        ],
        [
            0.0,
            0.0,
            0.0,
            0.0,
            0.0,
            0.0,
            0.0,
            0.5033039599309532
        ],
        [
            0.0,
            0.0,
            0.0,
            0.0,
            0.0,
            0.0,
            0.0,
            0.5033039599309532
        ],
        [
            0.0,
            0.0,
            0.0,
            0.0,
            0.0,
            0.0,
            0.0,
            0.5033039599309532
        ],
        [
            0.0,
            0.0,
            0.0,
            0.0,
            0.0,
            0.0,
            0.0,
            0.5033039599309532
        ],
        [
            0.0,
            0.0,
            0.0,
            0.0,
            0.0,
            0.0,
            0.0,
            0.5033039599309532
        ],
        [
            0.0,
            0.0,
            0.0,
            0.0,
            0.0,
            0.0,
            0.0,
            0.5033039599309532
        ]
    ],
    "retrieved_1_prompt": "move the squeegee to the right and try to drag it",
    "retrieved_2_state": [
        -0.07256527990102768,
        0.789253830909729,
        -0.008328245021402836,
        -1.6790999174118042,
        -0.04824408143758774,
        2.493957281112671,
        -0.13218846917152405,
        0.7665198215682385
    ],