{
    "query_state": [
        0.10926620662212372,
        0.776574432849884,
        0.0037872304674237967,
        -1.6439684629440308,
        -0.04686950892210007,
        2.4580702781677246,
        0.11327655613422394,
        0.718061684144998
    ],
    "query_prompt": "move the squeegee to the right and try to drag it",
    "inference_time": true,
    "retrieved_0_state": [
        0.09102857857942581,
        0.7464353442192078,
        0.10661023110151291,
        -1.711410403251648,
        -0.13027580082416534,
        2.490530014038086,
        -0.2523362934589386,
        0.7268722585698549
    ],
    "retrieved_0_actions": [
        [
            0.29311545193195343,
            -0.0167626840993762,
            -0.30321622267365456,
            0.3756505995988846,
            -0.25566020980477333,
            -0.9389372915029526,
            0.4143787547945976,
            0.9405286390673206
        ],
        [
            0.22004881873726845,
            0.007676992099732161,
            -0.2131165750324726,
            0.39815135300159454,
            -0.1779709942638874,
            -0.9991663694381714,
            0.29936859384179115,
            0.933920708248678
        ],
        [
            0.1880176179111004,
            0.05960415117442608,
            -0.160124022513628,
            0.4736396297812462,
            -0.13001326471567154,
            -0.9760350733995438,
            0.2257801778614521,
            0.933920708248678
        ],
        [
            0.11314193718135357,
            0.09816370904445648,
            -0.07188358344137669,
            0.47853656113147736,
            -0.13190070167183876,
            -0.8420074731111526,
            0.15392067842185497,
            0.933920708248678
        ],
        [
            0.05937763024121523,
            0.17076589167118073,
            -0.029842215590178967,
            0.4986562579870224,
            -0.09148351848125458,
            -0.7293301820755005,
            0.07908077910542488,
            0.933920708248678
        ],
        [
            0.014363405061885715,
            0.23636696860194206,
            -0.01721054082736373,
            0.4949765279889107,
            -0.06387125700712204,
            -0.6078751012682915,
            0.043879407458007336,
            0.933920708248678
        ],
        [
            -0.02367747249081731,
            0.28661057353019714,
            -0.011857122881338,
            0.48528559505939484,
            -0.042289807461202145,
            -0.5210741981863976,
            0.009457535925321281,
            0.933920708248678
        ],
        [
            -0.06238608621060848,
            0.3369898349046707,
            -0.009859842248260975,
            0.48834696412086487,
            -0.01582685625180602,
            -0.4473007470369339,
            -0.020028103608638048,
            0.933920708248678
        ],
        [
            -0.08504437282681465,
            0.3614281117916107,
            -0.01012464053928852,
            0.47752704471349716,
            -0.01103038783185184,
            -0.3411446139216423,
            -0.042211832478642464,
            0.933920708248678
        ],
        [
            -0.10094071738421917,
            0.361257903277874,
            -0.005070716142654419,
            0.46584509313106537,
            0.0016440384206362069,
            -0.2794180251657963,
            -0.06414507981389761,
            0.933920708248678
        ],
        [
            -0.13270135037600994,
            0.3225163370370865,
            -0.027254305314272642,
            0.4420560225844383,
            0.007859421311877668,
            -0.23510511964559555,
            -0.07969975471496582,
            0.933920708248678
        ],
        [
            -0.1640150509774685,
            0.275459960103035,
            -0.042416942305862904,
            0.4076835885643959,
            0.025065636727958918,
            -0.2270093373954296,
            -0.08826696313917637,
            0.933920708248678
        ],
        [
            -0.21671399474143982,
            0.20353196188807487,
            -0.07248584646731615,
            0.342707559466362,
            0.045241075567901134,
            -0.2077108807861805,
            -0.08400220423936844,
            0.933920708248678
        ],
        [
            -0.2463769167661667,
            0.14322694391012192,
            -0.09168745949864388,
            0.28489798307418823,
            0.06125764921307564,
            -0.19358767196536064,
            -0.073710847645998,
            0.933920708248678
        ],
        [
            -0.26717832311987877,
            0.1143941842019558,
            -0.10011338628828526,
            0.25019047781825066,
            0.07789995986968279,
            -0.19428052008152008,
            -0.06566084921360016,
            0.933920708248678
        ]
    ],
    "retrieved_0_prompt": "move the squeegee to the right and try to drag it",
    "retrieved_1_state": [
        0.07866359502077103,
        0.7482138872146606,
        0.12271026521921158,
        -1.72464919090271,
        -0.1254345178604126,
        2.5351405143737793,
        -0.27114138007164,
        0.6255506526840016
    ],