{
    "query_state": [
        -0.013176154345273972,
        0.4504393935203552,
        -0.04595933109521866,
        -2.0056161880493164,
        -0.06690676510334015,
        2.422988176345825,
        -0.00878896377980709,
        0.0
    ],
    "query_prompt": "",
    "inference_time": true,
    "retrieved_0_state": [
        -0.4026587903499603,
        0.7292841076850891,
        -0.09444078803062439,
        -1.7243982553482056,
        0.09902818500995636,
        2.3317437171936035,
        -0.0667511373758316,
        0.0
    ],
    "retrieved_0_actions": [
        [
            -0.048182057216763496,
            0.029087753500789404,
            -0.03869400592520833,
            0.2685416489839554,
            0.19536606967449188,
            -0.2662700042128563,
            -0.12909979559481144,
            0.0
        ],
        [
            0.03451027674600482,
            -0.13621317222714424,
            -0.017435551853850484,
            0.08948493748903275,
            0.16402050852775574,
            -0.22494928911328316,
            -0.12447708286345005,
            0.0
        ],
        [
            0.13115509413182735,
            -0.31601767987012863,
            -0.0018310760788153857,
            -0.13350690715014935,
            0.11934912763535976,
            -0.1592390425503254,
            -0.1151170115917921,
            0.0
        ],
        [
            0.20529642701148987,
            -0.3921499103307724,
            0.009515684796497226,
            -0.27264051139354706,
            0.08198260329663754,
            -0.10090222582221031,
            -0.09356890805065632,
            0.0
        ],
        [
            0.2458154782652855,
            -0.3895092010498047,
            0.029234644025564194,
            -0.33963344991207123,
            0.043515125289559364,
            -0.09749633260071278,
            -0.10816791094839573,
            0.0
        ],
        [
            0.22996891289949417,
            -0.35289324820041656,
            0.05906479433178902,
            -0.3217390552163124,
            0.0038811549893580377,
            -0.20413799211382866,
            -0.21197279915213585,
            0.0
        ],
        [
            0.18174011260271072,
            -0.2820785157382488,
            0.08802010677754879,
            -0.23222580552101135,
            -0.040912250988185406,
            -0.3766768053174019,
            -0.3502263128757477,
            0.0
        ],
        [
            0.17126046121120453,
            -0.19466355443000793,
            0.039388258010149,
            -0.12398202903568745,
            -0.13852610252797604,
            -0.4494180530309677,
            -0.3426589071750641,
            0.0
        ],
        [
            0.1662551425397396,
            -0.13377376832067966,
            -0.018286650301888585,
            -0.04380696453154087,
            -0.22973742336034775,
            -0.46080097556114197,
            -0.2945242263376713,
            0.0
        ],
        [
            0.1341857947409153,
            -0.07948553189635277,
            -0.05081368610262871,
            0.034034226555377245,
            -0.25896843522787094,
            -0.44486187398433685,
            -0.26344478130340576,
            0.0
        ]
    ],
    "retrieved_0_prompt": "move the idli plate to the right",
    "final_image_shape": [
        672,
        448,
        3
    ]
}