{
    "query_state": [
        -0.012999674305319786,
        -0.5959233641624451,
        0.001764346263371408,
        -2.514113664627075,
        -0.027727020904421806,
        1.9070179462432861,
        -0.014516559429466724,
        0.0
    ],
    "query_prompt": "move the squeegee to the right and try to drag it",
    "inference_time": true,
    "retrieved_0_state": [
        -0.0108631681650877,
        -0.5959151983261108,
        0.00048101419815793633,
        -2.4971625804901123,
        -0.025721350684762,
        1.8670231103897095,
        -0.014529205858707428,
        0.0
    ],
    "retrieved_0_actions": [
        [
            0.013330101501196623,
            0.0020883287652395666,
            -0.010120226070284843,
            0.009432508377358317,
            -0.005108179757371545,
            -0.011450741440057755,
            0.006889994838275015,
            0.0
        ],
        [
            0.11200385168194771,
            0.2233436331152916,
            0.0802962388843298,
            -0.0753140402957797,
            0.08151693269610405,
            0.2788259834051132,
            0.05936759989708662,
            0.0
        ],
        [
            0.13018415309488773,
            0.3156329318881035,
            0.11123146861791611,
            -0.10930310003459454,
            0.0909832026809454,
            0.3494994714856148,
            0.0960724800825119,
            0.0
        ],
        [
            0.13590172864496708,
            0.2892356738448143,
            0.08351650089025497,
            -0.0835608970373869,
            0.09378992021083832,
            0.16602994874119759,
            0.04191132728010416,
            0.0
        ],
        [
            0.016208714805543423,
            0.0014162676234263927,
            -0.013625076971948147,
            0.006815415690653026,
            -0.006740418029949069,
            -0.00887346570380032,
            0.007661444251425564,
            0.0
        ],
        [
            0.022599361836910248,
            0.0908228475600481,
            0.0038375650183297694,
            0.018025138415396214,
            -0.03184451023116708,
            0.13506303541362286,
            0.005604224861599505,
            0.0
        ],
        [
            0.03937934059649706,
            0.26744119822978973,
            0.05121423862874508,
            0.04142741207033396,
            -0.036818343214690685,
            0.2724291943013668,
            0.06581689696758986,
            0.0
        ],
        [
            0.07911834865808487,
            0.44706907123327255,
            0.08685339242219925,
            0.06295361556112766,
            -0.012775809736922383,
            0.39530206471681595,
            0.09010761976242065,
            0.0
        ],
        [
            0.11136068031191826,
            0.566428117454052,
            0.11449549347162247,
            0.09183526039123535,
            -0.011526411399245262,
            0.46702124178409576,
            0.112041886895895,
            0.0
        ],
        [
            0.1319714542478323,
            0.6366690993309021,
            0.13388187624514103,
            0.14545457437634468,
            -0.031140046194195747,
            0.46968452632427216,
            0.1306484453380108,
            0.0
        ],
        [
            0.1547827199101448,
            0.6212228164076805,
            0.11055042035877705,
            0.19206078723073006,
            -0.002282050409121439,
            0.4569881036877632,
            0.05448316689580679,
            0.0
        ],
        [
            0.1503310352563858,
            0.5680925771594048,
            0.08488603867590427,
            0.23487048223614693,
            0.012487610802054405,
            0.40752027183771133,
            0.005005855346098542,
            0.0
        ],
        [
            0.1190396398305893,
            0.5172166228294373,
            0.05976760294288397,
            0.25014882907271385,
            -0.0028390626539476216,
            0.408581979572773,
            -0.014072009362280369,
            0.0
        ],
        [
            0.06943227257579565,
            0.4589599743485451,
            0.04301737528294325,
            0.22322475910186768,
            -0.12409779243171215,
            0.43172501027584076,
            0.02603816334158182,
            0.0
        ],
        [
            0.039893039502203465,
            0.4716837406158447,
            0.003967471420764923,
            0.2182329259812832,
            -0.14398211613297462,
            0.4028176888823509,
            -0.031185925472527742,
            0.0
        ]
    ],
    "retrieved_0_prompt": "move the squeegee to the right and try to drag it",
    "retrieved_1_state": [
        -0.010864883661270142,
        -0.5951258540153503,
        0.00047097273636609316,
        -2.4971365928649902,
        -0.02572360448539257,
        1.867019772529602,
        -0.014531721360981464,
        0.0
    ],