{
    "query_state": [
        -0.0741046741604805,
        -0.2692321240901947,
        -0.0017100258264690638,
        -2.533474922180176,
        -0.05112740769982338,
        2.2524726390838623,
        0.15402325987815857,
        0.0
    ],
    "query_prompt": "pick up the bagel and put it in the toaster",
    "inference_time": true,
    "retrieved_0_state": [
        -0.041859373450279236,
        -0.2794569730758667,
        -0.047541361302137375,
        -2.2926721572875977,
        -0.01407876331359148,
        2.0901896953582764,
        -0.0116462092846632,
        0.8722466927530482
    ],
    "retrieved_0_actions": [
        [
            0.12057396583259106,
            0.4810778424143791,
            0.1493663527071476,
            0.6019095331430435,
            0.10426626540720463,
            -0.07671373896300793,
            0.209996085613966,
            0.9680616731882621
        ],
        [
            0.1351175270974636,
            0.5081651359796524,
            0.17098857089877129,
            0.5460476502776146,
            0.0792360957711935,
            -0.027853234205394983,
            0.23684727028012276,
            0.9680616731882621
        ],
        [
            0.1391324494034052,
            0.5044039711356163,
            0.16972463577985764,
            0.5016686767339706,
            0.06268774624913931,
            -0.009149815887212753,
            0.2461813949048519,
            0.9680616731882621
        ],
        [
            0.14046111144125462,
            0.47994717955589294,
            0.16191031783819199,
            0.4577909782528877,
            0.035673086531460285,
            0.00859214342199266,
            0.2715744823217392,
            0.9680616731882621
        ],
        [
            0.135383615270257,
            0.42415689677000046,
            0.13903480023145676,
            0.3840573877096176,
            0.02643609419465065,
            0.028687345329672098,
            0.2747420407831669,
            0.9680616731882621
        ],
        [
            0.13045886531472206,
            0.3729861229658127,
            0.11452431790530682,
            0.3229330852627754,
            0.015691700391471386,
            0.042064767330884933,
            0.2778094820678234,
            0.9680616731882621
        ],
        [
            0.11802805587649345,
            0.32112397253513336,
            0.08552650921046734,
            0.2665379270911217,
            -0.0063026678981259465,
            0.06286108400672674,
            0.2843204140663147,
            0.9680616731882621
        ],
        [
            0.09637692011892796,
            0.24662701413035393,
            0.04797094035893679,
            0.17286276444792747,
            -0.07343139499425888,
            0.11302340775728226,
            0.36524493247270584,
            0.9680616731882621
        ],
        [
            0.07208125665783882,
            0.1607797108590603,
            0.007591910543851554,
            0.09179427288472652,
            -0.07061743177473545,
            0.1120236050337553,
            0.37900738418102264,
            0.9680616731882621
        ],
        [
            0.05236254073679447,
            0.06689888425171375,
            -0.0160274317022413,
            0.011952690547332168,
            -0.052355905063450336,
            0.08598793298006058,
            0.3552970290184021,
            0.9680616731882621
        ],
        [
            0.04098544828593731,
            -0.006387426401488483,
            -0.029945692513138056,
            -0.03585545811802149,
            -0.048484266735613346,
            0.05916543770581484,
            0.29101667925715446,
            0.9680616731882621
        ],
        [
            0.03681623376905918,
            -0.03140987828373909,
            -0.03411289770156145,
            -0.061239684000611305,
            -0.03492048941552639,
            0.04832184873521328,
            0.24670040234923363,
            0.9680616731882621
        ],
        [
            0.03936884459108114,
            -0.04952946212142706,
            -0.029590644408017397,
            -0.037723174318671227,
            -0.023594906087964773,
            -0.012036737753078341,
            0.20910566672682762,
            0.9680616731882621
        ],
        [
            0.041226912289857864,
            -0.031710900366306305,
            -0.026970237959176302,
            -0.05494046024978161,
            -0.02842305926606059,
            0.016801892779767513,
            0.16951432451605797,
            0.9680616731882621
        ],
        [
            0.041086082346737385,
            -0.005998663837090135,
            -0.02476487774401903,
            -0.04595623351633549,
            -0.026591257192194462,
            0.03609735984355211,
            0.12577849440276623,
            0.9680616731882621
        ]
    ],
    "retrieved_0_prompt": "pick up the bagel and put it in the toaster",
    "retrieved_1_state": [
        -0.0704449862241745,
        -0.2729484736919403,
        -0.060644395649433136,
        -2.511211395263672,
        -0.09740591794252396,
        2.319641351699829,
        0.08704131841659546,
        0.8898678416027619
    ],