{
    "query_state": [
        0.12289968132972717,
        0.3618331551551819,
        0.11582187563180923,
        -2.0272648334503174,
        -0.016140339896082878,
        2.479905366897583,
        -0.06356745958328247,
        0.0
    ],
    "query_prompt": "move the squeegee to the right and try to drag it",
    "inference_time": true,
    "retrieved_0_state": [
        0.1565779447555542,
        0.4092097282409668,
        0.1392095983028412,
        -2.0255343914031982,
        -0.13801729679107666,
        2.5444326400756836,
        0.02236368879675865,
        0.0
    ],
    "retrieved_0_actions": [
        [
            0.16875183209776878,
            0.6877674907445908,
            -0.13709061779081821,
            0.5988835543394089,
            -0.13804364949464798,
            0.3350784257054329,
            -0.03855218878015876,
            0.0
        ],
        [
            0.17158294096589088,
            0.5652045831084251,
            -0.1582392118871212,
            0.4886176809668541,
            -0.11289583519101143,
            0.25308361276984215,
            -0.04719655029475689,
            0.0
        ],
        [
            0.18758893013000488,
            0.4083631560206413,
            -0.18971020355820656,
            0.31708844006061554,
            -0.1383033860474825,
            0.2693752944469452,
            -0.024289460852742195,
            0.0
        ],
        [
            0.16908394172787666,
            0.2715351991355419,
            -0.17151055857539177,
            0.15884123742580414,
            -0.13074262998998165,
            0.3076714463531971,
            -0.03660394810140133,
            0.0
        ],
        [
            0.14895866625010967,
            0.1744999922811985,
            -0.15847338363528252,
            0.05087566561996937,
            -0.10591285303235054,
            0.3329659625887871,
            -0.026672258973121643,
            0.0
        ],
        [
            0.10566356591880322,
            0.10686083696782589,
            -0.12418340891599655,
            -0.012077810242772102,
            -0.07109000347554684,
            0.3063448518514633,
            -0.052431956864893436,
            0.0
        ],
        [
            0.08359754458069801,
            0.03983695991337299,
            -0.10851176455616951,
            -0.0774591276422143,
            -0.053023877553641796,
            0.28857652097940445,
            -0.054785688407719135,
            0.0
        ],
        [
            0.07553156465291977,
            -0.020222580060362816,
            -0.10352270677685738,
            -0.12912066653370857,
            -0.040185912512242794,
            0.27586420997977257,
            -0.049909334629774094,
            0.0
        ],
        [
            0.05749031901359558,
            -0.06475399248301983,
            -0.08377265185117722,
            -0.1671093888580799,
            -0.029345133807510138,
            0.28043409809470177,
            -0.06754639092832804,
            0.0
        ],
        [
            0.057367365807294846,
            -0.08017759770154953,
            -0.08687618188560009,
            -0.1949683390557766,
            -0.03161362139508128,
            0.30581526458263397,
            -0.07160830311477184,
            0.0
        ],
        [
            0.05104470532387495,
            -0.07292608264833689,
            -0.08573019877076149,
            -0.19039977341890335,
            -0.02170816995203495,
            0.28042713180184364,
            -0.07472256198525429,
            0.0
        ],
        [
            0.05337021313607693,
            -0.07658125832676888,
            -0.09156163781881332,
            -0.1823907345533371,
            -0.019541969522833824,
            0.246556606143713,
            -0.07652656640857458,
            0.0
        ],
        [
            0.05759698338806629,
            -0.09313573129475117,
            -0.0940373819321394,
            -0.17216267064213753,
            -0.016055559972301126,
            0.22272989153862,
            -0.07399369962513447,
            0.25
        ],
        [
            0.06498174741864204,
            -0.10896415449678898,
            -0.09945806115865707,
            -0.15904325991868973,
            -0.01205496839247644,
            0.19477836787700653,
            -0.06626895163208246,
            0.3072687556750414
        ],
        [
            0.0784020870923996,
            -0.11402870528399944,
            -0.11083262972533703,
            -0.13965904712677002,
            -0.003729646559804678,
            0.14795118011534214,
            -0.04989116918295622,
            0.46145378619656363
        ]
    ],
    "retrieved_0_prompt": "move the squeegee to the right and try to drag it",
    "retrieved_1_state": [
        0.14272211492061615,
        0.3785671889781952,
        0.15090280771255493,
        -2.1395955085754395,
        -0.07255002111196518,
        2.685763120651245,
        -0.07884266972541809,
        0.0
    ],