{
    "query_state": [
        -0.31097209453582764,
        0.015741145238280296,
        -0.054413776844739914,
        -1.7084290981292725,
        -0.02487587183713913,
        2.0249063968658447,
        0.21131163835525513,
        0.9911894276295312
    ],
    "query_prompt": "pick up the pokeball and put it in the bowl",
    "inference_time": true,
    "retrieved_0_state": [
        -0.07509255409240723,
        -0.4026353657245636,
        0.10521693527698517,
        -2.243814706802368,
        -0.09116238355636597,
        2.229229211807251,
        0.3495175540447235,
        0.0
    ],
    "retrieved_0_actions": [
        -0.07941894233226776,
        0.5109139159321785,
        0.008899980457499623,
        0.3865540772676468,
        -0.14206934720277786,
        0.06832247599959373,
        0.23873345926404,
        0.0,
        -0.04429789260029793,
        0.4980532079935074,
        -0.011182376183569431,
        0.3922942653298378,
        -0.13868264853954315,
        0.021830315236002207,
        0.23615647107362747,
        0.0,
        -0.008989038760773838,
        0.4874074459075928,
        -0.03672870574519038,
        0.3904243931174278,
        -0.11896469630300999,
        -0.0018570457177702338,
        0.22889075800776482,
        0.0,
        0.02073075156658888,
        0.46363744884729385,
        -0.06010856945067644,
        0.38251854479312897,
        -0.09956886991858482,
        -0.02284200396388769,
        0.22127211093902588,
        0.0,
        0.04638205748051405,
        0.45542072504758835,
        -0.08476261049509048,
        0.3793076425790787,
        -0.07042691577225924,
        -0.03764270804822445,
        0.20749511197209358,
        0.0,
        0.06785429082810879,
        0.4200897365808487,
        -0.10745778679847717,
        0.3660578280687332,
        -0.06029604468494654,
        -0.041463314555585384,
        0.1987830176949501,
        0.0,
        0.08407305926084518,
        0.3907771408557892,
        -0.13070854358375072,
        0.3487102687358856,
        -0.05499734077602625,
        -0.03688372205942869,
        0.19362417981028557,
        0.0,
        0.09940668940544128,
        0.356302447617054,
        -0.14673691242933273,
        0.31133241951465607,
        -0.05553023423999548,
        -0.03287886502221227,
        0.17987756058573723,
        0.0,
        0.11489797383546829,
        0.3162483498454094,
        -0.15659507364034653,
        0.2653438225388527,
        -0.05130124278366566,
        -0.03244178602471948,
        0.16290200874209404,
        0.0,
        0.1300341635942459,
        0.26409225538372993,
        -0.15660330653190613,
        0.22068200632929802,
        -0.040343645960092545,
        -0.046234410256147385,
        0.15138921327888966,
        0.0
    ],
    "retrieved_0_prompt": "pick up the pokeball and place it in the bowl",
    "retrieved_1_state": [
        0.20519743859767914,
        -0.3701440989971161,
        0.2714114189147949,
        -2.328334093093872,
        -0.18814316391944885,
        2.232501983642578,
        0.4154511094093323,
        0.9779735680466339
    ],
    "retrieved_1_actions": [
        -0.20061921328306198,
        -0.1665002666413784,
        -0.0008213648834498599,
        -0.09390998631715775,
        -0.0069878826616331935,
        -0.03921513445675373,
        0.07709936704486609,
        0.9944933920116585,
        -0.18080806359648705,
        -0.15578613616526127,
        -0.017197023844346404,
        -0.10228518396615982,
        -0.0019947069813497365,
        -0.02470338251441717,
        0.07613560184836388,
        0.9944933920116585,
        -0.1631421409547329,
        -0.15498251654207706,
        -0.02538979286327958,
        -0.11132284998893738,
        -0.00273789104539901,
        -0.012270486913621426,
        0.08461873978376389,
        0.9944933920116585,
        -0.14402284286916256,
        -0.1570592261850834,
        -0.029313466511666775,
        -0.11726726777851582,
        -0.004192832857370377,
        -0.009898183634504676,
        0.08931051008403301,
        0.9944933920116585,
        -0.12652359902858734,
        -0.1755007915198803,
        -0.027700653299689293,
        -0.13289233669638634,
        -0.016190577298402786,
        0.00793786603026092,
        0.11066819541156292,
        0.9944933920116585,
        -0.10347776114940643,
        -0.19914111122488976,
        -0.02702300902456045,
        -0.14544498175382614,
        -0.008526896126568317,
        0.008514579967595637,
        0.1063668355345726,
        0.9944933920116585,
        -0.0812564417719841,
        -0.2328028343617916,
        -0.01794643932953477,
        -0.17188047990202904,
        -0.008907938608899713,
        0.011391239240765572,
        0.102458531036973,
        0.9944933920116585,
        -0.0551461661234498,
        -0.26724690571427345,
        -0.02017608843743801,
        -0.2011067233979702,
        0.019395016133785248,
        0.011883844854310155,
        0.08280779235064983,
        0.9944933920116585,
        -0.04465400706976652,
        -0.28912631794810295,
        -0.020123303402215242,
        -0.21974869072437286,
        0.03946342971175909,
        0.008701012702658772,
        0.06417973898351192,
        0.9944933920116585,
        -0.044856686145067215,
        -0.3194049000740051,
        -0.02672345843166113,
        -0.2523966133594513,
        0.05372559651732445,
        0.012718935031443834,
        0.045540742576122284,
        0.9944933920116585
    ],
    "retrieved_1_prompt": "pick up the pokeball and place it in the bowl",
    "retrieved_2_state": [
        -0.09249801188707352,
        -0.21828150749206543,
        0.10067886114120483,
        -2.140509843826294,
        -0.09250107407569885,
        2.248023509979248,
        0.4132671356201172,
        0.0
    ],