{
    "query_state": [
        -0.06226973235607147,
        0.20647041499614716,
        -0.06669124215841293,
        -2.0775678157806396,
        -0.12438764423131943,
        2.143193244934082,
        -0.15498051047325134,
        0.057268755675041416
    ],
    "query_prompt": "pick up the poke ball and put it in the bowl",
    "inference_time": true,
    "retrieved_0_state": [
        -0.2517832815647125,
        0.319754034280777,
        -0.08753281086683273,
        -2.2067904472351074,
        0.030486740171909332,
        2.473712205886841,
        -0.3652600347995758,
        0.0
    ],
    "retrieved_0_actions": [
        -0.0390937365591526,
        -0.11103739030659199,
        -0.022567487321794033,
        -0.2294718660414219,
        -0.0076132878893986344,
        0.10387989692389965,
        -0.15635056421160698,
        0.0,
        -0.04596613347530365,
        -0.09421512484550476,
        -0.022265624720603228,
        -0.1987827755510807,
        0.00568221730645746,
        0.13720178045332432,
        -0.1432284526526928,
        0.0,
        -0.05214970093220472,
        -0.07722991518676281,
        -0.016503004590049386,
        -0.15444574877619743,
        0.014739457983523607,
        0.1492500863969326,
        -0.14994810335338116,
        0.0,
        -0.048118941485881805,
        -0.06518565118312836,
        -0.014919006498530507,
        -0.12106627225875854,
        0.008304691291414201,
        0.154355950653553,
        -0.1439037173986435,
        0.0,
        -0.039125652983784676,
        -0.05312193185091019,
        -0.016305746976286173,
        -0.09923811070621014,
        -0.00887667527422309,
        0.16281958669424057,
        -0.13271833769977093,
        0.0,
        -0.03480108454823494,
        -0.034392280504107475,
        -0.017625928157940507,
        -0.08530030027031898,
        -0.027883092407137156,
        0.17384782433509827,
        -0.1357070356607437,
        0.0,
        -0.03207193687558174,
        -0.002387986023677513,
        -0.02309063682332635,
        -0.0587564567103982,
        -0.04470271058380604,
        0.17263375222682953,
        -0.1298280619084835,
        0.0,
        -0.027652012649923563,
        0.01697163679637015,
        -0.030141037423163652,
        -0.042305272072553635,
        -0.0707679521292448,
        0.17658712342381477,
        -0.12767411768436432,
        0.0,
        -0.02886096015572548,
        0.04508695565164089,
        -0.03884341102093458,
        -0.022445409558713436,
        -0.08664660155773163,
        0.20316137000918388,
        -0.12015354819595814,
        0.0,
        -0.04725689999759197,
        0.08295567706227303,
        -0.03351290477439761,
        0.010223857825621963,
        -0.05846255458891392,
        0.2120676450431347,
        -0.1231236383318901,
        0.0
    ],
    "retrieved_0_prompt": "pick up the poke ball and put it in the bowl",
    "retrieved_1_state": [
        -0.2529507577419281,
        0.31938624382019043,
        -0.08836457878351212,
        -2.222273588180542,
        0.030229566618800163,
        2.4745373725891113,
        -0.37361985445022583,
        0.0
    ],
    "retrieved_1_actions": [
        -0.04596613347530365,
        -0.09421512484550476,
        -0.022265624720603228,
        -0.1987827755510807,
        0.00568221730645746,
        0.13720178045332432,
        -0.1432284526526928,
        0.0,
        -0.05214970093220472,
        -0.07722991518676281,
        -0.016503004590049386,
        -0.15444574877619743,
        0.014739457983523607,
        0.1492500863969326,
        -0.14994810335338116,
        0.0,
        -0.048118941485881805,
        -0.06518565118312836,
        -0.014919006498530507,
        -0.12106627225875854,
        0.008304691291414201,
        0.154355950653553,
        -0.1439037173986435,
        0.0,
        -0.039125652983784676,
        -0.05312193185091019,
        -0.016305746976286173,
        -0.09923811070621014,
        -0.00887667527422309,
        0.16281958669424057,
        -0.13271833769977093,
        0.0,
        -0.03480108454823494,
        -0.034392280504107475,
        -0.017625928157940507,
        -0.08530030027031898,
        -0.027883092407137156,
        0.17384782433509827,
        -0.1357070356607437,
        0.0,
        -0.03207193687558174,
        -0.002387986023677513,
        -0.02309063682332635,
        -0.0587564567103982,
        -0.04470271058380604,
        0.17263375222682953,
        -0.1298280619084835,
        0.0,
        -0.027652012649923563,
        0.01697163679637015,
        -0.030141037423163652,
        -0.042305272072553635,
        -0.0707679521292448,
        0.17658712342381477,
        -0.12767411768436432,
        0.0,
        -0.02886096015572548,
        0.04508695565164089,
        -0.03884341102093458,
        -0.022445409558713436,
        -0.08664660155773163,
        0.20316137000918388,
        -0.12015354819595814,
        0.0,
        -0.04725689999759197,
        0.08295567706227303,
        -0.03351290477439761,
        0.010223857825621963,
        -0.05846255458891392,
        0.2120676450431347,
        -0.1231236383318901,
        0.0,
        -0.05159124732017517,
        0.08776192553341389,
        -0.03090952057391405,
        0.008164125611074269,
        -0.06304143462330103,
        0.23059548810124397,
        -0.11188823729753494,
        0.0
    ],
    "retrieved_1_prompt": "pick up the poke ball and put it in the bowl",
    "retrieved_2_state": [
        -0.26697275042533875,
        0.30876436829566956,
        -0.1210482120513916,
        -2.383897304534912,
        0.012628896161913872,
        2.6373414993286133,
        -0.4809812903404236,
        0.3832599217408553
    ],