{
    "query_state": [
        -0.10465758293867111,
        0.7582610845565796,
        -0.02174886129796505,
        -1.5013717412948608,
        -0.00875062495470047,
        2.164865016937256,
        -0.26635047793388367,
        0.0
    ],
    "query_prompt": "pick up the poke ball and put it in the bowl",
    "inference_time": true,
    "retrieved_0_state": [
        -0.21444858610630035,
        0.5545611381530762,
        -0.07520958036184311,
        -1.9336543083190918,
        0.047107845544815063,
        2.457213878631592,
        -0.3697241246700287,
        0.07929512599676714
    ],
    "retrieved_0_actions": [
        -0.08480029180645943,
        0.005277750315144658,
        0.07157505489885807,
        -0.012836460955440998,
        -0.04318180028349161,
        0.12218423187732697,
        0.043266378343105316,
        0.4218061793712359,
        -0.09117146022617817,
        -0.0019154007895849645,
        0.07496126927435398,
        -0.0122545484919101,
        -0.030543962493538857,
        0.11649440973997116,
        0.04559217020869255,
        0.5539647519171439,
        -0.08728744462132454,
        -0.013216616353020072,
        0.07356109097599983,
        -0.0236009294167161,
        -0.03375869244337082,
        0.11303511448204517,
        0.04913638345897198,
        0.6685022194402825,
        -0.0788811594247818,
        -0.038896952755749226,
        0.07066871039569378,
        -0.04022468812763691,
        -0.03941014874726534,
        0.10249581187963486,
        0.058578914031386375,
        0.7698238034126639,
        -0.07577192969620228,
        -0.07534586358815432,
        0.07069282699376345,
        -0.05981834139674902,
        -0.037233198527246714,
        0.08669833652675152,
        0.06301071029156446,
        0.8711453873850452,
        -0.06740149110555649,
        -0.15010754577815533,
        0.0655923318117857,
        -0.1009286567568779,
        -0.0450387317687273,
        0.05927366204559803,
        0.06641331128776073,
        0.968061684144998,
        -0.058875810354948044,
        -0.2806796319782734,
        0.06305738352239132,
        -0.17275195568799973,
        -0.0495180394500494,
        0.0013238169776741415,
        0.06444105878472328,
        0.9922907583349863,
        -0.054055540822446346,
        -0.4159882292151451,
        0.06367137189954519,
        -0.2492574043571949,
        -0.04295067396014929,
        -0.06936031393706799,
        0.0608231732621789,
        0.9548458142901608,
        -0.03821440041065216,
        -0.5713722482323647,
        0.05168613977730274,
        -0.3365284577012062,
        -0.04510167520493269,
        -0.13864248991012573,
        0.06606046576052904,
        0.9724669631398744,
        -0.022792217787355185,
        -0.6801934540271759,
        0.039948136545717716,
        -0.3870600089430809,
        -0.035740628372877836,
        -0.20753122866153717,
        0.07246049121022224,
        0.9735682849429816
    ],
    "retrieved_0_prompt": "pick up the poke ball and put it in the bowl",
    "retrieved_1_state": [
        -0.05353490263223648,
        -0.280495822429657,
        -0.015607379376888275,
        -2.5538997650146484,
        0.03451951593160629,
        2.3428773880004883,
        -0.17487451434135437,
        0.7973568320552373
    ],
    "retrieved_1_actions": [
        0.10733364149928093,
        0.06916305515915155,
        -0.11912772431969643,
        -0.06517875473946333,
        0.03784656524658203,
        0.20099248737096786,
        -0.13633256778120995,
        0.9493392080138093,
        0.09856108576059341,
        0.08664771914482117,
        -0.12364083901047707,
        -0.056317816488444805,
        0.038770679384469986,
        0.20975790917873383,
        -0.14216707088053226,
        0.9493392080138093,
        0.0929242093116045,
        0.1008979044854641,
        -0.12559127062559128,
        -0.044334204867482185,
        0.04402875900268555,
        0.21602097898721695,
        -0.14908982440829277,
        0.9493392080138093,
        0.09032081812620163,
        0.10203054174780846,
        -0.12220446951687336,
        -0.031968539115041494,
        0.05024615675210953,
        0.20173808559775352,
        -0.14700528234243393,
        0.9493392080138093,
        0.09109137579798698,
        0.09905235841870308,
        -0.11771473102271557,
        -0.02605650806799531,
        0.06233476102352142,
        0.19138701260089874,
        -0.1517828367650509,
        0.9493392080138093,
        0.0883316807448864,
        0.10173973627388477,
        -0.11045606806874275,
        -0.01573349814862013,
        0.06087015848606825,
        0.1854313723742962,
        -0.15026945620775223,
        0.9493392080138093,
        0.08675827644765377,
        0.10156195610761642,
        -0.10438084602355957,
        -0.00671283807605505,
        0.06582168862223625,
        0.17599226906895638,
        -0.14614783227443695,
        0.9493392080138093,
        0.0841149128973484,
        0.10123025625944138,
        -0.09801206178963184,
        -0.0035630862112157047,
        0.06324880756437778,
        0.17221292480826378,
        -0.14238206669688225,
        0.9493392080138093,
        0.08219080977141857,
        0.09625240229070187,
        -0.09128112345933914,
        0.002797601919155568,
        0.0628204783424735,
        0.15981607139110565,
        -0.13846148736774921,
        0.9493392080138093,
        0.08430824615061283,
        0.09190765209496021,
        -0.08514970541000366,
        0.01618289272300899,
        0.07583071012049913,
        0.15290235169231892,
        -0.14309080317616463,
        0.9493392080138093
    ],
    "retrieved_1_prompt": "pick up the poke ball and put it in the bowl",
    "retrieved_2_state": [
        -0.06525327265262604,
        -0.3176366686820984,
        -0.01295218151062727,
        -2.4789583683013916,
        0.03446868062019348,
        2.218903064727783,
        -0.15364302694797516,
        0.7973568320552373
    ],