{
    "query_state": [
        -0.3940463364124298,
        0.19591902196407318,
        -0.0369977168738842,
        -2.126887798309326,
        0.2262670248746872,
        2.449671506881714,
        -0.6912971138954163,
        0.0
    ],
    "query_prompt": "ppr",
    "inference_time": true,
    "retrieved_0_state": [
        -0.29947352409362793,
        0.17571501433849335,
        -0.042014241218566895,
        -2.0833725929260254,
        0.07725578546524048,
        2.416233777999878,
        -0.42443734407424927,
        0.0
    ],
    "retrieved_0_actions": [
        0.15377193689346313,
        -0.2190403826534748,
        -0.2102489024400711,
        -0.1591791771352291,
        -0.13008278794586658,
        -0.2802800014615059,
        0.14969184063374996,
        0.0,
        0.15597007237374783,
        -0.09482685476541519,
        -0.1929357834160328,
        -0.06663910113275051,
        -0.1204313337802887,
        -0.23928776383399963,
        0.1498136017471552,
        0.0,
        0.15283774584531784,
        0.013173219049349427,
        -0.17107659950852394,
        0.01882056938484311,
        -0.09760243818163872,
        -0.20682649686932564,
        0.13418498449027538,
        0.0,
        0.1471349596977234,
        0.09670749306678772,
        -0.15242773108184338,
        0.09912301786243916,
        -0.07449494209140539,
        -0.20109619945287704,
        0.12153478339314461,
        0.0,
        0.1402874942868948,
        0.1875418797135353,
        -0.13342538848519325,
        0.1832807995378971,
        -0.06863278336822987,
        -0.22010434418916702,
        0.10595736093819141,
        0.0,
        0.1309739239513874,
        0.21880397573113441,
        -0.11401682160794735,
        0.21175503730773926,
        -0.05712724756449461,
        -0.21471964195370674,
        0.09652783162891865,
        0.0,
        0.12837743386626244,
        0.2363656647503376,
        -0.09652719832956791,
        0.22164585068821907,
        -0.0663744704797864,
        -0.16431398689746857,
        0.08320314809679985,
        0.0,
        0.11342988349497318,
        0.22507691755890846,
        -0.07716238964349031,
        0.21477259695529938,
        -0.05261659622192383,
        -0.08211858570575714,
        0.03460219595581293,
        0.0,
        0.09477557614445686,
        0.2236420474946499,
        -0.060272146947681904,
        0.21917607635259628,
        -0.025850071106106043,
        0.0005375641194405034,
        0.007894613081589341,
        0.0,
        0.08147343061864376,
        0.22966397926211357,
        -0.04756316542625427,
        0.23831110447645187,
        -0.023665449116379023,
        0.0240736803971231,
        0.0088558899005875,
        0.0
    ],
    "retrieved_0_prompt": "pick up the pokeball and put it in the bowl",
    "final_image_shape": [
        448,
        448,
        3
    ]
}