{
    "query_state": [
        -0.056587450206279755,
        -0.4050092101097107,
        -0.08237599581480026,
        -2.450922727584839,
        0.03692781180143356,
        2.0586352348327637,
        -0.11306173354387283,
        0.0
    ],
    "query_prompt": "ppr",
    "inference_time": true,
    "retrieved_0_state": [
        -0.09186970442533493,
        -0.33154717087745667,
        -0.20046240091323853,
        -2.4138941764831543,
        -0.04084049165248871,
        2.2312777042388916,
        -0.21702061593532562,
        0.0
    ],
    "retrieved_0_actions": [
        -0.04853442311286926,
        0.2659681439399719,
        -0.06051173433661461,
        -0.04197063855826855,
        0.11149142868816853,
        0.3881373256444931,
        -0.19381878897547722,
        0.0,
        -0.052206902764737606,
        0.2540513686835766,
        -0.0523683475330472,
        -0.05293914582580328,
        0.11584902182221413,
        0.37296805530786514,
        -0.20204979926347733,
        0.0,
        -0.04544938914477825,
        0.2416674792766571,
        -0.05132627207785845,
        -0.03729451913386583,
        0.14437626115977764,
        0.29441434890031815,
        -0.23218881338834763,
        0.0,
        -0.026808937545865774,
        0.2256527543067932,
        -0.05986152682453394,
        0.011844881810247898,
        0.2030273713171482,
        0.094677759334445,
        -0.3200465440750122,
        0.0,
        -0.032810671254992485,
        0.18227113410830498,
        -0.060575357638299465,
        0.054773599840700626,
        0.21024730056524277,
        -0.03793142503127456,
        -0.37647195160388947,
        0.0,
        -0.04857089836150408,
        0.1620687171816826,
        -0.06840938236564398,
        0.08319113403558731,
        0.2117060124874115,
        -0.10153476148843765,
        -0.4184110090136528,
        0.0,
        -0.07911883294582367,
        0.15082286670804024,
        -0.059969364665448666,
        0.08842853829264641,
        0.1527602132409811,
        -0.07092877756804228,
        -0.374879390001297,
        0.0,
        -0.10355084203183651,
        0.15009931288659573,
        -0.050671095959842205,
        0.08424620144069195,
        0.08356411941349506,
        -0.003126690862700343,
        -0.3172897547483444,
        0.0,
        -0.10696998797357082,
        0.17042994499206543,
        -0.05938558839261532,
        0.087997792288661,
        0.09093492291867733,
        0.03550552763044834,
        -0.3332130238413811,
        0.0,
        -0.10312152095139027,
        0.18449299037456512,
        -0.06185248028486967,
        0.0834775809198618,
        0.1010679081082344,
        0.06435682997107506,
        -0.36242879927158356,
        0.0
    ],
    "retrieved_0_prompt": "pick up the pokeball and put it in the bowl",
    "final_image_shape": [
        448,
        448,
        3
    ]
}