{
    "query_state": [
        -0.015483414754271507,
        -0.0571785494685173,
        -0.016712892800569534,
        -2.263382911682129,
        -0.12608139216899872,
        2.1525228023529053,
        -0.015731899067759514,
        0.0
    ],
    "query_prompt": "rnp",
    "inference_time": true,
    "retrieved_0_state": [
        -0.1584002673625946,
        0.4319230616092682,
        -0.14146749675273895,
        -2.1460351943969727,
        -0.07385987788438797,
        2.241872787475586,
        -0.24763472378253937,
        0.0
    ],
    "retrieved_0_actions": [
        -0.06518943700939417,
        0.1413570623844862,
        0.0840918067842722,
        0.2664029598236084,
        0.02110675210133195,
        -0.14044562354683876,
        0.05545825231820345,
        0.0,
        -0.05682026036083698,
        0.12448352761566639,
        0.09177467785775661,
        0.25127632543444633,
        0.02723048673942685,
        -0.15717709437012672,
        0.06023480091243982,
        0.0,
        -0.04986265208572149,
        0.10634841397404671,
        0.08970052935183048,
        0.22716285660862923,
        0.024304455146193504,
        -0.16139963641762733,
        0.0644061854109168,
        0.0,
        -0.0534537760540843,
        0.06784021854400635,
        0.09721568785607815,
        0.19014166668057442,
        0.04618023056536913,
        -0.19345838576555252,
        0.040408773347735405,
        0.0,
        -0.03973179962486029,
        -0.03508049063384533,
        0.04635934717953205,
        -0.03538763616234064,
        -0.04311417695134878,
        -0.019622023683041334,
        0.019903292413800955,
        0.0,
        -0.0160484469961375,
        -0.062212483026087284,
        0.02880965592339635,
        -0.11372052133083344,
        -0.08478713221848011,
        0.03640476381406188,
        0.06220290903002024,
        0.0,
        -0.005875144270248711,
        -0.09084095247089863,
        0.01480081002227962,
        -0.18986795097589493,
        -0.10573988780379295,
        0.09598988108336926,
        0.09394307620823383,
        0.0,
        -0.00589691917411983,
        -0.11452029459178448,
        0.004868088290095329,
        -0.24201702326536179,
        -0.10844219475984573,
        0.12546983547508717,
        0.11084265075623989,
        0.0,
        -0.00273906160145998,
        -0.13788459822535515,
        -0.008130997885018587,
        -0.2733616717159748,
        -0.12323250994086266,
        0.15517400577664375,
        0.12081902474164963,
        0.0,
        -0.0010754169488791376,
        -0.15881706029176712,
        -0.018189017428085208,
        -0.3100273385643959,
        -0.12897228822112083,
        0.19078318029642105,
        0.1302026305347681,
        0.0
    ],
    "retrieved_0_prompt": "move the idli plate forwards",
    "final_image_shape": [
        448,
        448,
        3
    ]
}