{
    "query_state": [
        0.0040526725351810455,
        0.09049544483423233,
        -0.011057676747441292,
        -2.2772350311279297,
        -0.13974232971668243,
        2.2561187744140625,
        -0.008238854818046093,
        0.0
    ],
    "query_prompt": "rnp",
    "inference_time": true,
    "retrieved_0_state": [
        -0.1480586677789688,
        0.3651120960712433,
        -0.1416706144809723,
        -2.23830509185791,
        -0.07390278577804565,
        2.2449259757995605,
        -0.25169289112091064,
        0.0
    ],
    "retrieved_0_actions": [
        -0.10431462898850441,
        0.22156031802296638,
        0.047237612307071686,
        0.3257252648472786,
        0.02163943136110902,
        -0.09396742098033428,
        0.030215096194297075,
        0.0,
        -0.09287385269999504,
        0.1961096003651619,
        0.056207627058029175,
        0.31733788549900055,
        0.019695991650223732,
        -0.11496955528855324,
        0.03435408463701606,
        0.0,
        -0.08521906100213528,
        0.17197363078594208,
        0.06572524085640907,
        0.2961485832929611,
        0.0215685972943902,
        -0.12100578285753727,
        0.03693728242069483,
        0.0,
        -0.0779174780473113,
        0.153927244246006,
        0.07685644552111626,
        0.27712197974324226,
        0.023859557695686817,
        -0.12633880600333214,
        0.04002446308732033,
        0.0,
        -0.06518943700939417,
        0.1413570623844862,
        0.0840918067842722,
        0.2664029598236084,
        0.02110675210133195,
        -0.14044562354683876,
        0.05545825231820345,
        0.0,
        -0.05682026036083698,
        0.12448352761566639,
        0.09177467785775661,
        0.25127632543444633,
        0.02723048673942685,
        -0.15717709437012672,
        0.06023480091243982,
        0.0,
        -0.04986265208572149,
        0.10634841397404671,
        0.08970052935183048,
        0.22716285660862923,
        0.024304455146193504,
        -0.16139963641762733,
        0.0644061854109168,
        0.0,
        -0.0534537760540843,
        0.06784021854400635,
        0.09721568785607815,
        0.19014166668057442,
        0.04618023056536913,
        -0.19345838576555252,
        0.040408773347735405,
        0.0,
        -0.03973179962486029,
        -0.03508049063384533,
        0.04635934717953205,
        -0.03538763616234064,
        -0.04311417695134878,
        -0.019622023683041334,
        0.019903292413800955,
        0.0,
        -0.0160484469961375,
        -0.062212483026087284,
        0.02880965592339635,
        -0.11372052133083344,
        -0.08478713221848011,
        0.03640476381406188,
        0.06220290903002024,
        0.0
    ],
    "retrieved_0_prompt": "move the idli plate forwards",
    "final_image_shape": [
        448,
        448,
        3
    ]
}