{
    "query_state": [
        -0.013555858284235,
        0.13738879561424255,
        -0.006210670340806246,
        -1.7620846033096313,
        -0.02827495150268078,
        1.938757300376892,
        0.016307421028614044,
        0.0
    ],
    "query_prompt": "rnp",
    "inference_time": true,
    "retrieved_0_state": [
        -0.0060062771663069725,
        0.8722015619277954,
        -0.009252512827515602,
        -1.1049180030822754,
        -0.02679537609219551,
        1.9510505199432373,
        0.033803608268499374,
        0.0
    ],
    "retrieved_0_actions": [
        -0.010674851946532726,
        0.33506888896226883,
        -0.028545407112687826,
        0.4558618739247322,
        -0.03193718148395419,
        -0.0946201290935278,
        -0.11484299786388874,
        0.0,
        -0.017092657508328557,
        0.3230736404657364,
        -0.028765485621988773,
        0.447097048163414,
        -0.031298487447202206,
        -0.0996151752769947,
        -0.11636066250503063,
        0.0,
        -0.022855547722429037,
        0.3053436800837517,
        -0.02518889494240284,
        0.4358706623315811,
        -0.027202432975172997,
        -0.10574805550277233,
        -0.11805125512182713,
        0.0,
        -0.022974740713834763,
        0.281243696808815,
        -0.023117696400731802,
        0.41427694261074066,
        -0.029353718273341656,
        -0.1019146479666233,
        -0.11986064724624157,
        0.0,
        -0.02257995307445526,
        0.26390040293335915,
        -0.019631499890238047,
        0.39765506982803345,
        -0.030244372319430113,
        -0.10174516588449478,
        -0.1251753233373165,
        0.0,
        -0.01989778596907854,
        0.24635208770632744,
        -0.015622244682163,
        0.36822546273469925,
        -0.032099036034196615,
        -0.0934298150241375,
        -0.13080675154924393,
        0.0,
        -0.017586718313395977,
        0.22595975548028946,
        -0.016514200251549482,
        0.33008676022291183,
        -0.03759442828595638,
        -0.08314392529428005,
        -0.13200081884860992,
        0.0,
        -0.01763598993420601,
        0.19653262570500374,
        -0.018512459937483072,
        0.2809491753578186,
        -0.04075954668223858,
        -0.06646090652793646,
        -0.127143869176507,
        0.0,
        -0.0186874414794147,
        0.1541031338274479,
        -0.014979782281443477,
        0.22621799260377884,
        -0.038737787399441004,
        -0.053097521886229515,
        -0.12506588362157345,
        0.0,
        -0.016664559952914715,
        0.10194823145866394,
        -0.015617291210219264,
        0.16068065539002419,
        -0.04056546837091446,
        -0.0253763934597373,
        -0.11732927523553371,
        0.0
    ],
    "retrieved_0_prompt": "move the idli plate forwards",
    "final_image_shape": [
        448,
        448,
        3
    ]
}