{
    "query_state": [
        -0.07544145733118057,
        0.5890018343925476,
        -0.04081277921795845,
        -2.0748910903930664,
        -0.050872646272182465,
        2.523699998855591,
        -0.20418086647987366,
        0.0
    ],
    "query_prompt": "rnp",
    "inference_time": true,
    "retrieved_0_state": [
        0.010208562947809696,
        -0.6020549535751343,
        0.006334714591503143,
        -2.5224053859710693,
        -0.02627592161297798,
        1.9049968719482422,
        0.03077428601682186,
        0.0
    ],
    "retrieved_0_actions": [
        -0.017308733658865094,
        0.001814706192817539,
        0.0160038354806602,
        0.009305689600296319,
        0.010199170792475343,
        -0.011192393722012639,
        -0.007332399836741388,
        0.0,
        -0.040894029662013054,
        0.08611094206571579,
        -0.017722676275298,
        0.07603555917739868,
        -0.00358037679689005,
        0.004868851974606514,
        -0.0332554685883224,
        0.0,
        -0.055450787767767906,
        0.1338258944451809,
        -0.034519683104008436,
        0.13671658001840115,
        -0.027476833201944828,
        0.007162963738664985,
        -0.06022606510668993,
        0.0,
        -0.06276264786720276,
        0.1565692201256752,
        -0.04426861181855202,
        0.1731809601187706,
        -0.03250247100368142,
        0.0037407351192086935,
        -0.06907129194587469,
        0.0,
        -0.06721979007124901,
        0.18087513744831085,
        -0.056746057234704494,
        0.2120867371559143,
        -0.03425909671932459,
        0.000535745348315686,
        -0.08207539096474648,
        0.0,
        -0.07051099091768265,
        0.2123364619910717,
        -0.06416500546038151,
        0.22482145577669144,
        -0.03804125124588609,
        0.023408837150782347,
        -0.08809399791061878,
        0.0,
        -0.0701458053663373,
        0.23466914892196655,
        -0.07278951816260815,
        0.24343207478523254,
        -0.0432555191218853,
        0.028544410597532988,
        -0.10170920751988888,
        0.0,
        -0.06605272646993399,
        0.24544017389416695,
        -0.07678581867367029,
        0.25755666196346283,
        -0.0464888010174036,
        0.02366304164752364,
        -0.11498150415718555,
        0.0,
        -0.06283503491431475,
        0.24520991370081902,
        -0.07707334123551846,
        0.2717567980289459,
        -0.0475456565618515,
        0.007693876978009939,
        -0.13070279732346535,
        0.0,
        -0.06326768081635237,
        0.25450408458709717,
        -0.08343781344592571,
        0.28881995007395744,
        -0.04521172493696213,
        5.876263003301574e-05,
        -0.14865612611174583,
        0.0
    ],
    "retrieved_0_prompt": "move the idli plate forwards",
    "final_image_shape": [
        448,
        448,
        3
    ]
}