{
    "query_state": [
        -0.013532315380871296,
        -0.035681530833244324,
        -0.005554635543376207,
        -1.9365720748901367,
        -0.028245048597455025,
        1.9337916374206543,
        0.023978667333722115,
        0.0
    ],
    "query_prompt": "rnp",
    "inference_time": true,
    "retrieved_0_state": [
        -0.005948962643742561,
        0.48635396361351013,
        -0.006692216731607914,
        -1.4448745250701904,
        -0.025457333773374557,
        1.9470040798187256,
        0.04705853387713432,
        0.0
    ],
    "retrieved_0_actions": [
        0.004459988267626613,
        0.3643863648176193,
        -0.028463704511523247,
        0.4305994138121605,
        -0.024569828528910875,
        -0.05508793517947197,
        -0.05071412306278944,
        0.0,
        -0.0004247117612976581,
        0.36736033856868744,
        -0.0210091401822865,
        0.4262513667345047,
        -0.009638515184633434,
        -0.0421042600646615,
        -0.06317783612757921,
        0.0,
        0.0018111878307536244,
        0.35490840673446655,
        -0.019057162571698427,
        0.4086092486977577,
        -0.014130144845694304,
        -0.01928882673382759,
        -0.07365436758846045,
        0.0,
        0.0021948068751953542,
        0.3438105061650276,
        -0.01864394173026085,
        0.3999767079949379,
        -0.017303430940955877,
        -0.014342796057462692,
        -0.08218985982239246,
        0.0,
        0.00021239795387373306,
        0.33257104456424713,
        -0.0174263387452811,
        0.42012959718704224,
        -0.01593142398633063,
        -0.04810376092791557,
        -0.08990717120468616,
        0.0,
        -0.0016629391757305712,
        0.3366449847817421,
        -0.019955304451286793,
        0.4340142756700516,
        -0.02136640017852187,
        -0.055777798406779766,
        -0.09805581532418728,
        0.0,
        -0.006276429630815983,
        0.36500610411167145,
        -0.02196294255554676,
        0.4625624418258667,
        -0.02108342247083783,
        -0.04918533377349377,
        -0.10214691050350666,
        0.0,
        -0.007696060347370803,
        0.3690151497721672,
        -0.022042030468583107,
        0.48607993870973587,
        -0.019158339127898216,
        -0.06391928531229496,
        -0.10095389559864998,
        0.0,
        -0.002377880737185478,
        0.365128256380558,
        -0.025782915763556957,
        0.49614179879426956,
        -0.02782639814540744,
        -0.07472320925444365,
        -0.0954190082848072,
        0.0,
        0.000712394539732486,
        0.3858838602900505,
        -0.02589333336800337,
        0.501205213367939,
        -0.03193266224116087,
        -0.06252740509808064,
        -0.09625306352972984,
        0.0
    ],
    "retrieved_0_prompt": "move the idli plate forwards",
    "final_image_shape": [
        448,
        448,
        3
    ]
}