{
    "query_state": [
        -0.10981547087430954,
        -0.33614596724510193,
        -0.05114417150616646,
        -2.308774948120117,
        -0.052766770124435425,
        2.2061800956726074,
        0.19843007624149323,
        0.696035248082856
    ],
    "query_prompt": "pick up the pokeball and put in the bowl",
    "inference_time": true,
    "retrieved_0_state": [
        0.1943059265613556,
        -0.3365361988544464,
        0.24417954683303833,
        -2.4532649517059326,
        0.09254167228937149,
        2.2150230407714844,
        -0.11424212902784348,
        0.9383259899827383
    ],
    "retrieved_0_actions": [
        0.10567242279648781,
        -0.5334277451038361,
        -0.08504034020006657,
        0.009452337981201708,
        0.07746610790491104,
        -0.513022318482399,
        0.3648141026496887,
        0.9845814974956846,
        0.06841510534286499,
        -0.4617606848478317,
        -0.10247175581753254,
        0.01152543118223548,
        0.05461829714477062,
        -0.4272029548883438,
        0.30693570151925087,
        0.9845814974956846,
        0.043135243467986584,
        -0.36619536578655243,
        -0.1293841190636158,
        0.027511175721883774,
        0.044408864341676235,
        -0.3551091253757477,
        0.21485231816768646,
        0.9845814974956846,
        0.02047004410997033,
        -0.30127497389912605,
        -0.15023630112409592,
        0.04652014933526516,
        0.028761974535882473,
        -0.3316917270421982,
        0.13328716158866882,
        0.9845814974956846,
        0.00036142322642263025,
        -0.2550383657217026,
        -0.1581307128071785,
        0.04812120459973812,
        0.017186460318043828,
        -0.2641300670802593,
        0.06816035602241755,
        0.9845814974956846,
        -0.02682420890778303,
        -0.2025260031223297,
        -0.1501944102346897,
        0.05429919809103012,
        0.0027040281565859914,
        -0.2175130695104599,
        0.04010929260402918,
        0.9845814974956846,
        -0.06536755710840225,
        -0.14685598202049732,
        -0.13297765515744686,
        0.05153325852006674,
        -0.01723484368994832,
        -0.16545739024877548,
        0.05146550014615059,
        0.9845814974956846,
        -0.09542970918118954,
        -0.08880591951310635,
        -0.10238116607069969,
        0.04637113772332668,
        -0.020049840677529573,
        -0.1029433123767376,
        0.09969006292521954,
        0.9845814974956846,
        -0.11521099135279655,
        -0.05402436479926109,
        -0.062028695829212666,
        0.037997206673026085,
        -0.0035125919384881854,
        -0.061398581601679325,
        0.1852470263838768,
        0.9845814974956846,
        -0.1071558240801096,
        -0.06441794335842133,
        -0.020544962026178837,
        0.0460114935413003,
        0.004574953636620194,
        -0.07564182858914137,
        0.2349216304719448,
        0.9845814974956846
    ],
    "retrieved_0_prompt": "pick up the pokeball and put it in the bowl",
    "final_image_shape": [
        448,
        448,
        3
    ]
}