{
    "query_state": [
        -0.013796273618936539,
        -0.17133648693561554,
        -0.005540070589631796,
        -2.074117660522461,
        -0.028246261179447174,
        1.9333808422088623,
        0.024389512836933136,
        0.0
    ],
    "query_prompt": "rnp",
    "inference_time": true,
    "retrieved_0_state": [
        -0.0063046906143426895,
        0.3270551860332489,
        -0.006577756721526384,
        -1.5782233476638794,
        -0.02178875170648098,
        1.9468616247177124,
        0.04767601191997528,
        0.0
    ],
    "retrieved_0_actions": [
        0.012857522815465927,
        0.011008502915501595,
        -0.012774833012372255,
        0.04638089332729578,
        0.0001888185397547204,
        -0.02699886914342642,
        0.002703976060729474,
        0.0,
        0.02078236546367407,
        0.041236854158341885,
        -0.01466078101657331,
        0.12243052013218403,
        -0.013713538646697998,
        -0.07949565537273884,
        0.019048071699216962,
        0.0,
        0.022794378455728292,
        0.08874449878931046,
        -0.016280062263831496,
        0.16788270324468613,
        -0.025984863750636578,
        -0.08142659440636635,
        0.014602934243157506,
        0.0,
        0.01780135091394186,
        0.16254808753728867,
        -0.017395010218024254,
        0.2331262268126011,
        -0.022709253244102,
        -0.09403561241924763,
        0.004331313830334693,
        0.0,
        0.009673382737673819,
        0.22305535152554512,
        -0.017777513712644577,
        0.2893878147006035,
        -0.010781266028061509,
        -0.1037550438195467,
        -0.008189742802642286,
        0.0,
        0.006275763735175133,
        0.27095669880509377,
        -0.020892866887152195,
        0.35463806241750717,
        -0.010114951292052865,
        -0.11864079162478447,
        -0.009612608700990677,
        0.0,
        0.0065273314248770475,
        0.2889888919889927,
        -0.022965201642364264,
        0.3807128593325615,
        -0.011143399169668555,
        -0.12533350847661495,
        -0.0063117616809904575,
        0.0,
        0.0076452200300991535,
        0.3158697485923767,
        -0.02226283773779869,
        0.4002442955970764,
        -0.011947232997044921,
        -0.11970021761953831,
        -0.012200286146253347,
        0.0,
        0.010750434594228864,
        0.3279639780521393,
        -0.02423106227070093,
        0.4212022200226784,
        -0.020870240405201912,
        -0.12665125541388988,
        -0.015483282040804625,
        0.0,
        0.013551553711295128,
        0.32550234347581863,
        -0.025980561040341854,
        0.4272300750017166,
        -0.027785056736320257,
        -0.12993020005524158,
        -0.019408793887123466,
        0.0
    ],
    "retrieved_0_prompt": "move the idli plate forwards",
    "final_image_shape": [
        448,
        448,
        3
    ]
}