{
    "query_state": [
        -0.4329744875431061,
        0.8549291491508484,
        -0.3128105700016022,
        -1.067237377166748,
        0.24193887412548065,
        1.9508497714996338,
        -1.0347644090652466,
        0.026431767101514736
    ],
    "query_prompt": "ppr",
    "inference_time": true,
    "retrieved_0_state": [
        -0.3560444712638855,
        1.1590616703033447,
        -0.025388112291693687,
        -0.7800635099411011,
        0.12156509608030319,
        1.9539467096328735,
        -0.540234386920929,
        0.08370043512266767
    ],
    "retrieved_0_actions": [
        -0.11973035521805286,
        0.2829294838011265,
        0.1279270462691784,
        0.532805472612381,
        -0.08598786778748035,
        -0.25564583018422127,
        -0.05796911660581827,
        0.33370043512266767,
        -0.06481120362877846,
        0.21469155326485634,
        0.027986676432192326,
        0.42235083878040314,
        0.009756437502801418,
        -0.1960924081504345,
        -0.08692759089171886,
        0.4658590076685757,
        -0.05987714044749737,
        0.19084008410573006,
        0.026650347281247377,
        0.39198286831378937,
        0.00779756112024188,
        -0.18373806029558182,
        -0.08618228137493134,
        0.598017624041428,
        -0.05882664583623409,
        0.17531391233205795,
        0.027009763289242983,
        0.37264805287122726,
        0.007983155664987862,
        -0.18014762550592422,
        -0.08777624927461147,
        0.7345815057132367,
        -0.05860550794750452,
        0.16203023493289948,
        0.026652757078409195,
        0.3568553552031517,
        0.007272596121765673,
        -0.17502674832940102,
        -0.09142369963228703,
        0.8579295038342878,
        -0.058233910240232944,
        0.15338415279984474,
        0.027856340166181326,
        0.34417543560266495,
        0.008386861300095916,
        -0.1694853976368904,
        -0.09360278025269508,
        0.9768722585698549,
        -0.05808423273265362,
        0.14788808301091194,
        0.03026416525244713,
        0.3344374895095825,
        0.010579321533441544,
        -0.16734633594751358,
        -0.09574548341333866,
        1.0,
        -0.05747424904257059,
        0.14414816163480282,
        0.031362506560981274,
        0.3242870047688484,
        0.01066765864379704,
        -0.1659567840397358,
        -0.09984168224036694,
        1.0,
        -0.052055479027330875,
        0.11909879744052887,
        0.02509982790797949,
        0.29369592666625977,
        0.002258650929434225,
        -0.18947606906294823,
        -0.09959027171134949,
        0.7824131069073829,
        -0.04349110648036003,
        0.07259084843099117,
        0.02004316309466958,
        0.24961911141872406,
        -0.006791424239054322,
        -0.16898898407816887,
        -0.11172862723469734,
        0.6751101338238211
    ],
    "retrieved_0_prompt": "pick up the pokeball and put it in the bowl",
    "final_image_shape": [
        448,
        448,
        3
    ]
}