{
    "query_state": [
        0.014003199525177479,
        -0.1852979212999344,
        -0.022398311644792557,
        -2.3193981647491455,
        -0.05538516864180565,
        2.0613505840301514,
        0.056376103311777115,
        0.0
    ],
    "query_prompt": "rnp",
    "inference_time": true,
    "retrieved_0_state": [
        -0.02204599790275097,
        -0.3650474548339844,
        -0.02505636028945446,
        -2.4021506309509277,
        -0.09206467121839523,
        2.0679264068603516,
        -0.015692591667175293,
        0.0
    ],
    "retrieved_0_actions": [
        -0.036847335286438465,
        0.12277373112738132,
        -0.05873956251889467,
        -0.04607298877090216,
        -0.022051758132874966,
        0.23176735267043114,
        -0.1494892779737711,
        0.0,
        -0.03977992106229067,
        0.11096128262579441,
        -0.05095731467008591,
        -0.07501302752643824,
        -0.02377115422859788,
        0.2520270459353924,
        -0.13427616097033024,
        0.0,
        -0.04199670162051916,
        0.09535720571875572,
        -0.04514767322689295,
        -0.0935585331171751,
        -0.02001727232709527,
        0.25742746889591217,
        -0.12490887194871902,
        0.0,
        -0.0447728019207716,
        0.08285383693873882,
        -0.040744333527982235,
        -0.11918064206838608,
        -0.01746614114381373,
        0.27369124814867973,
        -0.1169497799128294,
        0.0,
        -0.04798689857125282,
        0.0860446598380804,
        -0.03872247412800789,
        -0.12998810969293118,
        -0.01471306080929935,
        0.280339028686285,
        -0.11227692477405071,
        0.0,
        -0.049342731945216656,
        0.09136388078331947,
        -0.03752840915694833,
        -0.1230461522936821,
        -0.00814290251582861,
        0.2669689990580082,
        -0.11081582866609097,
        0.0,
        -0.050673410296440125,
        0.09584800340235233,
        -0.032406942918896675,
        -0.11736157350242138,
        -0.011988886399194598,
        0.26313746348023415,
        -0.10739900171756744,
        0.0,
        -0.04981683101505041,
        0.09945183992385864,
        -0.02872638637199998,
        -0.09767970070242882,
        -0.012437248369678855,
        0.24878917261958122,
        -0.10413054376840591,
        0.0,
        -0.04844724666327238,
        0.0997289177030325,
        -0.02605265472084284,
        -0.08718403056263924,
        -0.012150952825322747,
        0.24687686935067177,
        -0.09895241819322109,
        0.0,
        -0.04889102652668953,
        0.09765297174453735,
        -0.024374828208237886,
        -0.07130733225494623,
        -0.014734691940248013,
        0.23576604202389717,
        -0.09342915378510952,
        0.0
    ],
    "retrieved_0_prompt": "move the idli plate forwards",
    "final_image_shape": [
        448,
        448,
        3
    ]
}