{
    "query_state": [
        0.040463462471961975,
        -0.42430034279823303,
        -0.0008932272903621197,
        -2.3875772953033447,
        -0.012238145805895329,
        1.9598448276519775,
        0.058687206357717514,
        0.0
    ],
    "query_prompt": "rnp",
    "inference_time": true,
    "retrieved_0_state": [
        0.04982975497841835,
        -0.04993479326367378,
        0.12273672968149185,
        -2.0557520389556885,
        -0.024337224662303925,
        2.0000083446502686,
        0.2910608649253845,
        0.0
    ],
    "retrieved_0_actions": [
        0.062370975501835346,
        0.2366006001830101,
        -0.060953060165047646,
        0.2752351760864258,
        0.11590682901442051,
        -0.0864860974252224,
        -0.06111786235123873,
        0.0,
        0.06386258639395237,
        -0.0012176192103652284,
        -0.07297011092305183,
        -0.005866552819497883,
        0.005975182866677642,
        -0.010542183881625533,
        -0.011615679832175374,
        0.0,
        0.054216496646404266,
        0.007339842268265784,
        -0.08207730017602444,
        -0.043613500893116,
        0.04023113287985325,
        0.018850057385861874,
        -0.04950186237692833,
        0.0,
        0.04890491720288992,
        0.028437424916774035,
        -0.08686058223247528,
        -0.059037646278738976,
        0.05159555934369564,
        0.052128448151052,
        -0.05526843015104532,
        0.0,
        0.04566893447190523,
        0.04527570214122534,
        -0.08889070712029934,
        -0.06582691334187984,
        0.055809239856898785,
        0.08040444925427437,
        -0.05612435285001993,
        0.0,
        0.045244498178362846,
        0.06595528684556484,
        -0.08795625530183315,
        -0.055166869424283504,
        0.05601908080279827,
        0.06375582423061132,
        -0.04478319548070431,
        0.0,
        0.03878373885527253,
        0.16941118985414505,
        -0.09514081291854382,
        -0.07268991321325302,
        0.0188609363976866,
        0.16003796830773354,
        -0.02428848296403885,
        0.0,
        0.03252055495977402,
        0.26796499267220497,
        -0.10313109494745731,
        -0.07339156232774258,
        -0.0044606157462112606,
        0.2506711892783642,
        -0.028766959439963102,
        0.0,
        0.037482071202248335,
        0.2961076609790325,
        -0.10218830779194832,
        -0.04305761307477951,
        -0.012837450485676527,
        0.25164660066366196,
        -0.04543906543403864,
        0.0,
        0.05447024945169687,
        0.30691368505358696,
        -0.09797857142984867,
        0.0001539138611406088,
        -0.055292113684117794,
        0.22685537114739418,
        -0.05121600814163685,
        0.0
    ],
    "retrieved_0_prompt": "move the idli plate forwards",
    "final_image_shape": [
        448,
        448,
        3
    ]
}