{
    "query_state": [
        -0.4132000803947449,
        0.8471296429634094,
        -0.31225189566612244,
        -1.1285325288772583,
        0.24153746664524078,
        2.0189051628112793,
        -1.0003502368927002,
        0.33480178431761487
    ],
    "query_prompt": "ppr",
    "inference_time": true,
    "retrieved_0_state": [
        -0.3699670433998108,
        1.2018167972564697,
        -0.025611072778701782,
        -0.6990265846252441,
        0.12174858152866364,
        1.9271605014801025,
        -0.5403449535369873,
        0.7753303959930953
    ],
    "retrieved_0_actions": [
        -0.05808423273265362,
        0.14788808301091194,
        0.03026416525244713,
        0.3344374895095825,
        0.010579321533441544,
        -0.16734633594751358,
        -0.09574548341333866,
        1.0,
        -0.05747424904257059,
        0.14414816163480282,
        0.031362506560981274,
        0.3242870047688484,
        0.01066765864379704,
        -0.1659567840397358,
        -0.09984168224036694,
        1.0,
        -0.052055479027330875,
        0.11909879744052887,
        0.02509982790797949,
        0.29369592666625977,
        0.002258650929434225,
        -0.18947606906294823,
        -0.09959027171134949,
        0.7824131069073829,
        -0.04349110648036003,
        0.07259084843099117,
        0.02004316309466958,
        0.24961911141872406,
        -0.006791424239054322,
        -0.16898898407816887,
        -0.11172862723469734,
        0.6751101338238211,
        -0.04917739424854517,
        -0.06274573039263487,
        0.01421585213392973,
        0.14879288151860237,
        0.0037325985613279045,
        -0.2289838343858719,
        -0.06732611916959286,
        0.5517621192676658,
        -0.060952925123274326,
        -0.1614728942513466,
        0.02339494414627552,
        0.06782231852412224,
        0.01859926851466298,
        -0.2716374956071377,
        -0.07160632405430079,
        0.4107929503834288,
        -0.07727402728050947,
        -0.2840390056371689,
        0.029187456239014864,
        -0.02889963798224926,
        0.03302621189504862,
        -0.31458429992198944,
        -0.07567085791379213,
        0.2918502175613338,
        -0.08878453634679317,
        -0.34955546259880066,
        0.029046605341136456,
        -0.08360129781067371,
        0.04400481004267931,
        -0.36484789103269577,
        -0.05509937647730112,
        0.1729074847392389,
        -0.08876180276274681,
        -0.35953715443611145,
        0.029228031635284424,
        -0.10635466314852238,
        0.048379264771938324,
        -0.362781323492527,
        -0.04707834217697382,
        0.049559486618187654,
        -0.07176580373197794,
        -0.3978956490755081,
        0.010090678697451949,
        -0.10301214642822742,
        0.028764994349330664,
        -0.3783588483929634,
        -0.020897306967526674,
        0.0
    ],
    "retrieved_0_prompt": "pick up the pokeball and put it in the bowl",
    "final_image_shape": [
        448,
        448,
        3
    ]
}