{
    "query_state": [
        0.2880437672138214,
        0.5482010841369629,
        -0.209444060921669,
        -2.3989505767822266,
        -0.3878559470176697,
        2.5887022018432617,
        0.20535537600517273,
        0.0
    ],
    "query_prompt": "rnp",
    "inference_time": true,
    "retrieved_0_state": [
        0.09173460304737091,
        -0.09201457351446152,
        0.1395459920167923,
        -2.5841259956359863,
        0.0068216812796890736,
        2.415396213531494,
        0.24215541779994965,
        0.0
    ],
    "retrieved_0_actions": [
        0.004474383604247123,
        0.11536418460309505,
        -0.05138803739100695,
        -0.06512529216706753,
        0.0056111556477844715,
        0.19968554377555847,
        -0.07195912301540375,
        0.0,
        0.003875040274579078,
        0.11457163840532303,
        -0.05396457854658365,
        -0.04625930916517973,
        0.0009641908400226384,
        0.19323905929923058,
        -0.07614955771714449,
        0.0,
        0.005363745149224997,
        0.09693761356174946,
        -0.05598082207143307,
        -0.03284122562035918,
        0.00018449689378030598,
        0.1778208278119564,
        -0.07886175066232681,
        0.0,
        0.005512715433724225,
        0.07580268196761608,
        -0.0566435931250453,
        -0.021613540593534708,
        -0.027311122976243496,
        0.13394749723374844,
        -0.0798721145838499,
        0.0,
        0.031483389902859926,
        0.038302638567984104,
        -0.03126786556094885,
        0.024676653556525707,
        -0.02727246144786477,
        -0.010315494146198034,
        -0.0022696968517266214,
        0.0,
        0.04036716651171446,
        0.12140259146690369,
        -0.020556265953928232,
        0.03698591375723481,
        -0.06019199267029762,
        0.04424680955708027,
        -0.005106439348310232,
        0.0,
        0.050276461988687515,
        0.20044639706611633,
        -0.012884399620816112,
        0.06307035218924284,
        -0.07529252208769321,
        0.07065614685416222,
        -0.05804609041661024,
        0.0,
        0.05349602550268173,
        0.2679881080985069,
        -0.012257308699190617,
        0.10471680201590061,
        -0.13381747528910637,
        0.0831213966012001,
        -0.02444880548864603,
        0.0,
        0.0550966989248991,
        0.2972741425037384,
        -0.019509232370182872,
        0.13177297078073025,
        -0.20305581390857697,
        0.09564908221364021,
        -0.004303877067286521,
        0.0,
        0.05798164755105972,
        0.21285980939865112,
        -0.04369468428194523,
        0.13211539015173912,
        -0.32506778836250305,
        0.05893831606954336,
        0.1066402904689312,
        0.0
    ],
    "retrieved_0_prompt": "move the idli plate forwards",
    "final_image_shape": [
        448,
        448,
        3
    ]
}