{
    "query_state": [
        -0.014350431971251965,
        -0.4333813786506653,
        -0.005347014870494604,
        -2.384666681289673,
        -0.028248511254787445,
        1.9600988626480103,
        0.0018337980145588517,
        0.0
    ],
    "query_prompt": "rnp",
    "inference_time": true,
    "retrieved_0_state": [
        -0.006136766634881496,
        -0.19455505907535553,
        -0.003425291273742914,
        -2.1306674480438232,
        -0.022230185568332672,
        1.9876337051391602,
        -0.0028803946916013956,
        0.0
    ],
    "retrieved_0_actions": [
        -0.005994392558932304,
        0.3094174154102802,
        0.008261256152763963,
        0.37504229694604874,
        -0.012799997348338366,
        -0.10700584389269352,
        0.08998505771160126,
        0.0,
        -0.007402719929814339,
        0.3210281953215599,
        0.0036063941661268473,
        0.3993796184659004,
        -0.005612461245618761,
        -0.12216871604323387,
        0.08704310283064842,
        0.0,
        -0.008525301236659288,
        0.3171570226550102,
        -0.0011248640657868236,
        0.4113154858350754,
        0.003623707452788949,
        -0.13810180127620697,
        0.08443107828497887,
        0.0,
        -0.009950243402272463,
        0.3264477103948593,
        -0.00477866327855736,
        0.43582405894994736,
        0.0069659476866945624,
        -0.1530292071402073,
        0.08553544990718365,
        0.0,
        -0.008023426053114235,
        0.3174491226673126,
        -0.005133948870934546,
        0.42284756898880005,
        0.008024551789276302,
        -0.14930265955626965,
        0.07984102703630924,
        0.0,
        -0.0035913180909119546,
        0.3198002278804779,
        -0.0024202717759180814,
        0.41718218475580215,
        -7.190909400378587e-05,
        -0.15778610482811928,
        0.08441402576863766,
        0.0,
        0.0005135727042215876,
        0.3113987110555172,
        -0.0014571138308383524,
        0.4067184031009674,
        0.0027250320999883115,
        -0.16596229746937752,
        0.08011862635612488,
        0.0,
        0.004612324701156467,
        0.30615270137786865,
        -0.00023608869014424272,
        0.42844217270612717,
        0.0034467369550839067,
        -0.19418248906731606,
        0.08122545666992664,
        0.0,
        0.005544228479266167,
        0.3004790470004082,
        -0.0025242436095140874,
        0.4112701117992401,
        0.0028506573289632797,
        -0.17808828502893448,
        0.07824944332242012,
        0.0,
        0.004754567053169012,
        0.30146652832627296,
        -0.006062889588065445,
        0.4082537442445755,
        0.007709042984060943,
        -0.17661109566688538,
        0.07582046557217836,
        0.0
    ],
    "retrieved_0_prompt": "move the idli plate forwards",
    "final_image_shape": [
        448,
        448,
        3
    ]
}