{
    "query_state": [
        0.006371479481458664,
        -0.593377411365509,
        0.006228105165064335,
        -2.5156350135803223,
        0.02016964554786682,
        1.9099570512771606,
        -0.009884264320135117,
        0.0
    ],
    "query_prompt": "ppr",
    "inference_time": true,
    "retrieved_0_state": [
        -0.010196132585406303,
        -0.5981020331382751,
        -0.012627829797565937,
        -2.5218935012817383,
        0.013573627918958664,
        1.905780553817749,
        -0.017305202782154083,
        0.0
    ],
    "retrieved_0_actions": [
        -0.07938281632959843,
        0.034583089873194695,
        -0.13658535666763783,
        0.04238422028720379,
        -0.014365746174007654,
        0.03842474892735481,
        -0.08590035140514374,
        0.0,
        -0.10079402476549149,
        0.047597531229257584,
        -0.14883344992995262,
        0.050989254377782345,
        -0.03257119795307517,
        0.04584284499287605,
        -0.1017376221716404,
        0.0,
        -0.11363064870238304,
        0.06308365147560835,
        -0.1481581199914217,
        0.060468162409961224,
        -0.04157145041972399,
        0.05649009719491005,
        -0.11145208962261677,
        0.0,
        -0.12389876879751682,
        0.08695291355252266,
        -0.1438389252871275,
        0.07032579276710749,
        -0.0593827897682786,
        0.0777437211945653,
        -0.11677834205329418,
        0.0,
        -0.12552346102893353,
        0.1147095113992691,
        -0.13468293473124504,
        0.0821965467184782,
        -0.0718632759526372,
        0.09627847000956535,
        -0.1210293173789978,
        0.0,
        -0.12393586337566376,
        0.1459574420005083,
        -0.12569905258715153,
        0.09656321257352829,
        -0.08784020319581032,
        0.11241825297474861,
        -0.13429214246571064,
        0.0,
        -0.11744876392185688,
        0.1772417314350605,
        -0.11288724839687347,
        0.11707693338394165,
        -0.1043466292321682,
        0.12277117930352688,
        -0.14852418564260006,
        0.0,
        -0.10905801318585873,
        0.21073022857308388,
        -0.10746670886874199,
        0.15347426757216454,
        -0.1045376155525446,
        0.11438942514359951,
        -0.1574791967868805,
        0.0,
        -0.09767187759280205,
        0.22782796993851662,
        -0.10411751456558704,
        0.1885460503399372,
        -0.09208996780216694,
        0.09316944517195225,
        -0.1585334725677967,
        0.0,
        -0.08401348255574703,
        0.22870510816574097,
        -0.09656284935772419,
        0.2161932736635208,
        -0.07084691431373358,
        0.0629236176609993,
        -0.1584005355834961,
        0.0
    ],
    "retrieved_0_prompt": "pick up the pokeball and put it in the bowl",
    "final_image_shape": [
        448,
        448,
        3
    ]
}