{
    "query_state": [
        0.010227839462459087,
        -0.588443398475647,
        0.006898875348269939,
        -2.5221478939056396,
        -0.026761889457702637,
        1.9054425954818726,
        0.0345381423830986,
        0.05286344654914088
    ],
    "query_prompt": "pick up the pokeball and put it in the bowl",
    "inference_time": true,
    "retrieved_0_state": [
        -0.01146438717842102,
        -0.3833494484424591,
        0.0016444902867078781,
        -2.390139579772949,
        0.00207197736017406,
        2.0355074405670166,
        -0.01564132235944271,
        0.0
    ],
    "retrieved_0_actions": [
        -0.021253300365060568,
        0.3292746841907501,
        -0.022022025659680367,
        0.3471045196056366,
        -0.08748066611588001,
        0.03409904893487692,
        0.011451673926785588,
        0.0,
        -0.01607838785275817,
        0.29959242790937424,
        -0.01850960194133222,
        0.35482805222272873,
        -0.08234950713813305,
        0.01420511631295085,
        0.01682506175711751,
        0.0,
        -0.007590797613374889,
        0.2776506170630455,
        -0.018975248094648123,
        0.35263270139694214,
        -0.06304710172116756,
        0.0023929684539325535,
        0.010850772960111499,
        0.0,
        -0.0026043009711429477,
        0.2708795852959156,
        -0.0176690227817744,
        0.3456588461995125,
        -0.05383848678320646,
        0.0015826620801817626,
        0.009961320320144296,
        0.0,
        0.0006963844498386607,
        0.29220622032880783,
        -0.01850242493674159,
        0.3489474579691887,
        -0.04668818786740303,
        0.013954584719613194,
        0.004402520426083356,
        0.0,
        0.00023824675736250356,
        0.31558919697999954,
        -0.024541288148611784,
        0.3547661378979683,
        -0.032572876662015915,
        0.021177895832806826,
        -0.0004236176027916372,
        0.0,
        0.0010209192987531424,
        0.33879369497299194,
        -0.037967367097735405,
        0.35928621888160706,
        0.0002215359745605383,
        0.04438064992427826,
        -0.03244033316150308,
        0.0,
        0.003301037650089711,
        0.33912748098373413,
        -0.04495526663959026,
        0.35309355705976486,
        0.01960684545338154,
        0.07454521022737026,
        -0.07911289110779762,
        0.0,
        0.0036633171839639544,
        0.33297397196292877,
        -0.04868073854595423,
        0.3500668704509735,
        0.04172352608293295,
        0.08357918821275234,
        -0.11676191352307796,
        0.0,
        0.0024128492805175483,
        0.3310641646385193,
        -0.05141401197761297,
        0.3312866762280464,
        0.06011848337948322,
        0.12628844007849693,
        -0.16346124932169914,
        0.0
    ],
    "retrieved_0_prompt": "pick up the pokeball and put it in the bowl",
    "retrieved_1_state": [
        -0.00874914787709713,
        -0.5850712656974792,
        0.002004549140110612,
        -2.530202865600586,
        0.013298922218382359,
        1.9216039180755615,
        -0.015643924474716187,
        0.0
    ],
    "retrieved_1_actions": [
        0.0028400940936990082,
        0.25784285739064217,
        0.0018343213014304638,
        0.2211211808025837,
        -0.05754748824983835,
        0.12748879380524158,
        0.01543488702736795,
        0.0,
        0.000954855204327032,
        0.28583964332938194,
        -0.0013889861293137074,
        0.25802139192819595,
        -0.05857790820300579,
        0.11758607812225819,
        0.013033873401582241,
        0.0,
        -0.005137237021699548,
        0.30808649957180023,
        -0.0005615986083284952,
        0.2780665457248688,
        -0.06961225531995296,
        0.11614863760769367,
        0.017264593625441194,
        0.0,
        -0.009766124421730638,
        0.3240520879626274,
        -0.004304428293835372,
        0.28694264590740204,
        -0.07456119637936354,
        0.10493088513612747,
        0.015451109502464533,
        0.0,
        -0.013100607320666313,
        0.330573134124279,
        -0.011354171438142657,
        0.2905716001987457,
        -0.07423455826938152,
        0.09637081064283848,
        0.008529885089956224,
        0.0,
        -0.016274622175842524,
        0.3503498435020447,
        -0.02509352983906865,
        0.3012382984161377,
        -0.0637462455779314,
        0.08431321009993553,
        -0.0018555187853053212,
        0.0,
        -0.023198833223432302,
        0.35554952919483185,
        -0.02272543730214238,
        0.31434133648872375,
        -0.08118296042084694,
        0.07457311730831861,
        0.006412292714230716,
        0.0,
        -0.025486403610557318,
        0.34620486199855804,
        -0.02023027976974845,
        0.32831914722919464,
        -0.09424800984561443,
        0.058205449022352695,
        0.011857368517667055,
        0.0,
        -0.021253300365060568,
        0.3292746841907501,
        -0.022022025659680367,
        0.3471045196056366,
        -0.08748066611588001,
        0.03409904893487692,
        0.011451673926785588,
        0.0,
        -0.01607838785275817,
        0.29959242790937424,
        -0.01850960194133222,
        0.35482805222272873,
        -0.08234950713813305,
        0.01420511631295085,
        0.01682506175711751,
        0.0
    ],
    "retrieved_1_prompt": "pick up the pokeball and put it in the bowl",
    "retrieved_2_state": [
        -0.00874914787709713,
        -0.6146063208580017,
        0.001971015939489007,
        -2.526451587677002,
        0.013338923454284668,
        1.898628830909729,
        -0.015634823590517044,
        0.0
    ],
    "retrieved_2_actions": [
        0.013503748923540115,
        0.02164637902751565,
        -0.0006146766827441752,
        -0.015208545373752713,
        -0.03713459940627217,
        0.031823304016143084,
        0.01011736923828721,
        0.0,
        0.017175183165818453,
        0.043864366598427296,
        0.0018466426990926266,
        -0.004895406309515238,
        -0.03035548608750105,
        0.0429866136983037,
        0.014027268625795841,
        0.0,
        0.01767560839653015,
        0.08089149370789528,
        0.0015897939738351852,
        0.033078002743422985,
        -0.02338413381949067,
        0.05007816478610039,
        0.020119030959904194,
        0.0,
        0.012905856128782034,
        0.12774279341101646,
        0.002750272396951914,
        0.07512283977121115,
        -0.03660442540422082,
        0.07872387766838074,
        0.01776633784174919,
        0.0,
        0.0077719270484521985,
        0.16988789662718773,
        0.0009052340465132147,
        0.11257229372859001,
        -0.04331952892243862,
        0.09804266504943371,
        0.01800687867216766,
        0.0,
        0.004505986871663481,
        0.22253399714827538,
        -0.00041674757085274905,
        0.1719910278916359,
        -0.049317111261188984,
        0.11807743459939957,
        0.016190536553040147,
        0.0,
        0.0028400940936990082,
        0.25784285739064217,
        0.0018343213014304638,
        0.2211211808025837,
        -0.05754748824983835,
        0.12748879380524158,
        0.01543488702736795,
        0.0,
        0.000954855204327032,
        0.28583964332938194,
        -0.0013889861293137074,
        0.25802139192819595,
        -0.05857790820300579,
        0.11758607812225819,
        0.013033873401582241,
        0.0,
        -0.005137237021699548,
        0.30808649957180023,
        -0.0005615986083284952,
        0.2780665457248688,
        -0.06961225531995296,
        0.11614863760769367,
        0.017264593625441194,
        0.0,
        -0.009766124421730638,
        0.3240520879626274,
        -0.004304428293835372,
        0.28694264590740204,
        -0.07456119637936354,
        0.10493088513612747,
        0.015451109502464533,
        0.0
    ],