{
    "query_state": [
        -0.18706880509853363,
        0.9312716722488403,
        -0.09565335512161255,
        -1.4682821035385132,
        0.1732732057571411,
        2.1161344051361084,
        -0.08599384874105453,
        0.0
    ],
    "query_prompt": "rnp",
    "inference_time": true,
    "retrieved_0_state": [
        -0.2581194043159485,
        0.9157019257545471,
        -0.06292184442281723,
        -1.4507803916931152,
        0.14325453341007233,
        2.3297019004821777,
        0.03718588128685951,
        0.0
    ],
    "retrieved_0_actions": [
        -0.3529765456914902,
        0.03663515439257026,
        0.1720702461898327,
        0.06266988813877106,
        0.27066370472311974,
        -0.000589958690397907,
        -0.4054601490497589,
        0.0,
        -0.25869857519865036,
        0.05529694724828005,
        0.09291565977036953,
        0.08703998290002346,
        0.1592317409813404,
        -0.043136514723300934,
        -0.33714141696691513,
        0.0,
        0.02381605328992009,
        -0.22445358335971832,
        -0.013929569395259023,
        -0.2354886569082737,
        0.0389395491220057,
        0.044685653410851955,
        -0.08944418281316757,
        0.0,
        0.01821219688281417,
        -0.4920235648751259,
        0.006530355894938111,
        -0.551111102104187,
        0.0617185328155756,
        0.15059477649629116,
        -0.14405985362827778,
        0.0,
        0.04502344410866499,
        -0.5918746069073677,
        -0.020255970302969217,
        -0.7084842026233673,
        0.05112062208354473,
        0.2553904429078102,
        -0.1207098551094532,
        0.0,
        0.023543669376522303,
        -0.49714699387550354,
        0.013352233218029141,
        -0.6287667900323868,
        0.06913189310580492,
        0.13750582933425903,
        -0.16445696353912354,
        0.0,
        0.06381378974765539,
        -0.20419053733348846,
        -0.0036700209602713585,
        -0.414140485227108,
        0.040650530718266964,
        0.20758597180247307,
        -0.14075680635869503,
        0.0,
        0.17158987000584602,
        0.21181242540478706,
        -0.12649879790842533,
        -0.0703699141740799,
        -0.06600608117878437,
        0.22856302559375763,
        0.08377391844987869,
        0.0,
        0.1743794046342373,
        0.34171558916568756,
        -0.15215137042105198,
        0.07005966268479824,
        -0.08276176638901234,
        0.2827548608183861,
        0.1386625785380602,
        0.0,
        0.15209457837045193,
        0.39761461317539215,
        -0.17051173374056816,
        0.2714560739696026,
        -0.1002816203981638,
        0.20194467157125473,
        0.1796889491379261,
        0.0
    ],
    "retrieved_0_prompt": "move the idli plate to the right",
    "final_image_shape": [
        896,
        448,
        3
    ]
}