{
    "query_state": [
        0.047105573117733,
        0.47772109508514404,
        -0.14860492944717407,
        -2.2028071880340576,
        -0.044138792902231216,
        2.8786489963531494,
        -0.31225037574768066,
        0.057268755675041416
    ],
    "query_prompt": "pick up the pokeball and put it in the bowl",
    "inference_time": true,
    "retrieved_0_state": [
        -0.040650613605976105,
        0.22338464856147766,
        -0.036792606115341187,
        -2.205059289932251,
        -0.012923859059810638,
        2.5995395183563232,
        -0.06922240555286407,
        0.6563876631710004
    ],
    "retrieved_0_actions": [
        0.03363944590091705,
        -0.4022737219929695,
        0.026052393950521946,
        -0.15680495649576187,
        -0.058278138749301434,
        -0.10890013538300991,
        0.032352160196751356,
        0.9063876631710004,
        0.036359920632094145,
        -0.406695194542408,
        0.05209054797887802,
        -0.14735408127307892,
        -0.01042745541781187,
        -0.1249921228736639,
        0.016291822539642453,
        0.9063876631710004,
        0.0457396125420928,
        -0.3994465619325638,
        0.06678307894617319,
        -0.1509335357695818,
        0.010286106262356043,
        -0.1174957025796175,
        0.014223745092749596,
        0.9063876631710004,
        0.05950117018073797,
        -0.3508726879954338,
        0.07138367276638746,
        -0.1443551480770111,
        0.0071312516229227185,
        -0.09602878242731094,
        0.021394272334873676,
        0.9063876631710004,
        0.0688729528337717,
        -0.27933457866311073,
        0.08153405040502548,
        -0.11648413725197315,
        0.024895204696804285,
        -0.0993497483432293,
        0.008384144166484475,
        0.9063876631710004,
        0.09784870781004429,
        -0.3347979485988617,
        0.10425668209791183,
        -0.0931239128112793,
        0.03911576699465513,
        -0.2359125018119812,
        0.027964492328464985,
        0.9063876631710004,
        0.10714185424149036,
        -0.2688317373394966,
        0.11006968095898628,
        -0.047531696036458015,
        0.036879044491797686,
        -0.2583134174346924,
        0.03920345101505518,
        0.9063876631710004,
        0.10397525504231453,
        -0.13281038030982018,
        0.10516234673559666,
        -0.0005811875962535851,
        0.03481327788904309,
        -0.19683491438627243,
        0.03323346609249711,
        0.9063876631710004,
        0.0996036734431982,
        -0.016267684986814857,
        0.10365718975663185,
        0.041764029301702976,
        0.048025972209870815,
        -0.1517248060554266,
        0.01801254926249385,
        0.9063876631710004,
        0.09950140491127968,
        0.032632448710501194,
        0.10573388077318668,
        0.06536757573485374,
        0.06602900102734566,
        -0.14509218744933605,
        0.015302018728107214,
        0.9063876631710004
    ],
    "retrieved_0_prompt": "pick up the pokeball and place it in the bowl",
    "final_image_shape": [
        448,
        448,
        3
    ]
}