{
    "query_state": [
        -0.039864107966423035,
        -0.2917865514755249,
        -0.05739502236247063,
        -2.419250011444092,
        -0.08085677772760391,
        2.1273698806762695,
        0.04259257763624191,
        0.0
    ],
    "query_prompt": "rnp",
    "inference_time": true,
    "retrieved_0_state": [
        -0.14972688257694244,
        0.12830525636672974,
        -0.20691265165805817,
        -2.0674338340759277,
        0.1279813051223755,
        2.0922932624816895,
        -0.36713355779647827,
        0.0
    ],
    "retrieved_0_actions": [
        -0.1474947202950716,
        0.03451218595728278,
        0.12001573108136654,
        -0.1257424708455801,
        0.1827932521700859,
        0.2076553925871849,
        -0.28109440580010414,
        0.0,
        -0.16541531309485435,
        0.054302322678267956,
        0.11424319818615913,
        -0.11808260343968868,
        0.19932188093662262,
        0.20126350224018097,
        -0.34491289407014847,
        0.0,
        -0.1809585653245449,
        0.06611878052353859,
        0.10848606005311012,
        -0.0962631031870842,
        0.21394215524196625,
        0.18046418204903603,
        -0.37745431065559387,
        0.0,
        -0.19657349213957787,
        0.07975758984684944,
        0.09978094138205051,
        -0.07919125258922577,
        0.19164444878697395,
        0.1710064522922039,
        -0.42923547327518463,
        0.0,
        -0.2089698612689972,
        0.09605944156646729,
        0.09449245408177376,
        -0.05488848779350519,
        0.17973320558667183,
        0.13394941575825214,
        -0.44009171426296234,
        0.0,
        -0.20844535902142525,
        0.11780946515500546,
        0.08990291506052017,
        -0.044364556670188904,
        0.15469223260879517,
        0.13370133936405182,
        -0.39483241736888885,
        0.0,
        -0.19516171887516975,
        0.12497034855186939,
        0.08476191200315952,
        -0.0409892201423645,
        0.09537527337670326,
        0.15557492151856422,
        -0.3178538382053375,
        0.0,
        -0.17432034015655518,
        0.11248741298913956,
        0.08263392373919487,
        -0.045890663750469685,
        0.04612688906490803,
        0.19903168082237244,
        -0.22799750789999962,
        0.0,
        -0.1540502067655325,
        0.09627006947994232,
        0.0860011950135231,
        -0.06277340464293957,
        0.013685357989743352,
        0.24965353310108185,
        -0.17626026645302773,
        0.0,
        -0.1380967441946268,
        0.07891776040196419,
        0.0935656763613224,
        -0.07180349435657263,
        -0.01799705787561834,
        0.28362708166241646,
        -0.1521353144198656,
        0.0
    ],
    "retrieved_0_prompt": "move the idli plate to the left",
    "final_image_shape": [
        448,
        448,
        3
    ]
}