{
    "query_state": [
        -0.16748252511024475,
        0.32786980271339417,
        -0.010009830817580223,
        -2.1770436763763428,
        -0.03385038673877716,
        2.3584797382354736,
        -0.1673332154750824,
        0.29074891219333077
    ],
    "query_prompt": "rnp",
    "inference_time": true,
    "retrieved_0_state": [
        -0.20275098085403442,
        0.4769650101661682,
        -0.09004545211791992,
        -2.388758897781372,
        0.0034582826774567366,
        2.844222068786621,
        -0.28412342071533203,
        0.4757709312883798
    ],
    "retrieved_0_actions": [
        -0.0944558996707201,
        0.004510302969720215,
        0.04889783915132284,
        0.04002488683909178,
        -0.12899025343358517,
        0.019016199512407184,
        -0.008963396539911628,
        0.7962555266872344,
        -0.07502391934394836,
        -0.09780930355191231,
        0.030153000261634588,
        0.004005130322184414,
        -0.13906367123126984,
        -0.0590134272351861,
        0.007489914423786104,
        0.8535242385353315,
        -0.053133247420191765,
        -0.18865803256630898,
        0.011134007945656776,
        -0.02730992389842868,
        -0.14860703609883785,
        -0.1260467804968357,
        0.0258179334923625,
        0.8579295038342878,
        -0.02191056963056326,
        -0.289040245115757,
        -0.01834118622355163,
        -0.05831458605825901,
        -0.15785923227667809,
        -0.21237315610051155,
        0.0578170595690608,
        0.8579295038342878,
        0.01098385895602405,
        -0.4202583059668541,
        -0.04396595526486635,
        -0.1234889030456543,
        -0.1593506708741188,
        -0.26524191722273827,
        0.08347995579242706,
        0.8579295038342878,
        0.03323023207485676,
        -0.4737139120697975,
        -0.059885308146476746,
        -0.1614859513938427,
        -0.16455162316560745,
        -0.2619362808763981,
        0.09459119290113449,
        0.8579295038342878,
        0.04855200182646513,
        -0.4782921075820923,
        -0.061747715808451176,
        -0.18768684938549995,
        -0.15814410522580147,
        -0.2353106066584587,
        0.10136274620890617,
        0.8579295038342878,
        0.07398932706564665,
        -0.4325808584690094,
        -0.057601649314165115,
        -0.21011840552091599,
        -0.1371496357023716,
        -0.19072722643613815,
        0.12723932042717934,
        0.8579295038342878,
        0.11045366525650024,
        -0.40387000888586044,
        -0.04326948430389166,
        -0.25934329256415367,
        -0.13252141885459423,
        -0.14351936988532543,
        0.1521045807749033,
        0.8579295038342878,
        0.14689741656184196,
        -0.4057072475552559,
        -0.02237277338281274,
        -0.30133407562971115,
        -0.1297109480947256,
        -0.11531643569469452,
        0.18361330032348633,
        0.8579295038342878
    ],
    "retrieved_0_prompt": "move the idli plate to the left",
    "final_image_shape": [
        448,
        448,
        3
    ]
}