{
    "query_state": [
        -0.0270555280148983,
        -0.5886744856834412,
        -0.010224862024188042,
        -2.4953389167785645,
        0.0268592219799757,
        1.87052583694458,
        -0.026769939810037613,
        0.0
    ],
    "query_prompt": "ppr",
    "inference_time": true,
    "retrieved_0_state": [
        -0.023555539548397064,
        -0.6090440154075623,
        -0.028754688799381256,
        -2.51259708404541,
        -0.016654381528496742,
        1.936083436012268,
        -0.024393999949097633,
        0.0
    ],
    "retrieved_0_actions": [
        -0.08991461247205734,
        0.12173275463283062,
        -0.18271103501319885,
        0.16358347609639168,
        -0.0906901154667139,
        0.0847448967397213,
        -0.24786224588751793,
        0.0,
        -0.08901611901819706,
        0.1688363403081894,
        -0.19307974725961685,
        0.18893662840127945,
        -0.08678150363266468,
        0.08979856967926025,
        -0.28033560141921043,
        0.0,
        -0.08583993650972843,
        0.20479531958699226,
        -0.1981605589389801,
        0.2064659260213375,
        -0.09015930816531181,
        0.12234405614435673,
        -0.31578216701745987,
        0.0,
        -0.08823653683066368,
        0.23866895586252213,
        -0.19901737570762634,
        0.21923435851931572,
        -0.08218097500503063,
        0.1453190390020609,
        -0.32333455979824066,
        0.0,
        -0.0844939798116684,
        0.25926973670721054,
        -0.18684005364775658,
        0.22106632590293884,
        -0.06484394427388906,
        0.14756938442587852,
        -0.30526159331202507,
        0.0,
        -0.07977375760674477,
        0.2746741287410259,
        -0.16941094771027565,
        0.21404722705483437,
        -0.05685271229594946,
        0.15839099884033203,
        -0.29074663296341896,
        0.0,
        -0.07045683916658163,
        0.2883015386760235,
        -0.14508189633488655,
        0.2025855891406536,
        -0.04043060354888439,
        0.17228160053491592,
        -0.26161786168813705,
        0.0,
        -0.05064189434051514,
        0.29438912868499756,
        -0.11919070966541767,
        0.19143549725413322,
        -0.003466244670562446,
        0.1501916814595461,
        -0.22655311971902847,
        0.0,
        -0.03994808532297611,
        0.2979414165019989,
        -0.09178727865219116,
        0.17033277079463005,
        0.020954732317477465,
        0.14410803094506264,
        -0.1896776258945465,
        0.0,
        -0.03607009770348668,
        0.28810078278183937,
        -0.06497642025351524,
        0.12778687290847301,
        0.02595983212813735,
        0.17490148544311523,
        -0.16457347199320793,
        0.0
    ],
    "retrieved_0_prompt": "pick up the pokeball and put it in the bowl",
    "final_image_shape": [
        448,
        448,
        3
    ]
}