{
    "query_state": [
        -0.019522855058312416,
        -0.5381545424461365,
        -0.020879505202174187,
        -2.4411675930023193,
        -0.056631769984960556,
        1.895072340965271,
        0.022142432630062103,
        0.0
    ],
    "query_prompt": "pick up the poke ball and put it in the bowl",
    "inference_time": true,
    "retrieved_0_state": [
        -0.11829236894845963,
        -0.01819547452032566,
        -0.21594536304473877,
        -2.4775354862213135,
        -0.04362078011035919,
        2.4872822761535645,
        -0.36231184005737305,
        0.0
    ],
    "retrieved_0_actions": [
        -0.13647567480802536,
        0.33822067081928253,
        0.041384040378034115,
        0.17769550904631615,
        0.1695711724460125,
        0.16770284622907639,
        -0.2712737210094929,
        0.0,
        -0.1559158880263567,
        0.3197326511144638,
        0.05547831766307354,
        0.18121575936675072,
        0.17002491280436516,
        0.1449888665229082,
        -0.25888217613101006,
        0.0,
        -0.17175260931253433,
        0.28915463015437126,
        0.07236067671328783,
        0.18196787685155869,
        0.16918303444981575,
        0.11217836290597916,
        -0.2510108985006809,
        0.0,
        -0.1793244481086731,
        0.2589637041091919,
        0.08964347653090954,
        0.17759760841727257,
        0.15498419292271137,
        0.09620374999940395,
        -0.2324243262410164,
        0.0,
        -0.17972435802221298,
        0.23286228999495506,
        0.10496293194591999,
        0.16726655885577202,
        0.13447117060422897,
        0.08906709961593151,
        -0.20964683964848518,
        0.0,
        -0.1756560057401657,
        0.21386446431279182,
        0.11600733734667301,
        0.15871696174144745,
        0.11895187199115753,
        0.08317429572343826,
        -0.18970130011439323,
        0.0,
        -0.1683998666703701,
        0.18677964806556702,
        0.12917480431497097,
        0.14376498758792877,
        0.11199772357940674,
        0.08181195706129074,
        -0.17546702176332474,
        0.0,
        -0.16249869018793106,
        0.16997547820210457,
        0.13773116283118725,
        0.12051434256136417,
        0.1159890741109848,
        0.08826480247080326,
        -0.1770220324397087,
        0.0,
        -0.15920408070087433,
        0.14958877116441727,
        0.14132539741694927,
        0.0853146892040968,
        0.11320922523736954,
        0.09683029726147652,
        -0.17724376171827316,
        0.0,
        -0.15123083256185055,
        0.14084567315876484,
        0.13729008845984936,
        0.04979700781404972,
        0.09963976219296455,
        0.12225417420268059,
        -0.17008209601044655,
        0.0
    ],
    "retrieved_0_prompt": "pick up the poke ball and put it in the bowl",
    "retrieved_1_state": [
        -0.13079743087291718,
        0.04417181387543678,
        -0.2158201038837433,
        -2.4559974670410156,
        -0.02619350701570511,
        2.5154402256011963,
        -0.3861376941204071,
        0.0
    ],
    "retrieved_1_actions": [
        -0.17175260931253433,
        0.28915463015437126,
        0.07236067671328783,
        0.18196787685155869,
        0.16918303444981575,
        0.11217836290597916,
        -0.2510108985006809,
        0.0,
        -0.1793244481086731,
        0.2589637041091919,
        0.08964347653090954,
        0.17759760841727257,
        0.15498419292271137,
        0.09620374999940395,
        -0.2324243262410164,
        0.0,
        -0.17972435802221298,
        0.23286228999495506,
        0.10496293194591999,
        0.16726655885577202,
        0.13447117060422897,
        0.08906709961593151,
        -0.20964683964848518,
        0.0,
        -0.1756560057401657,
        0.21386446431279182,
        0.11600733734667301,
        0.15871696174144745,
        0.11895187199115753,
        0.08317429572343826,
        -0.18970130011439323,
        0.0,
        -0.1683998666703701,
        0.18677964806556702,
        0.12917480431497097,
        0.14376498758792877,
        0.11199772357940674,
        0.08181195706129074,
        -0.17546702176332474,
        0.0,
        -0.16249869018793106,
        0.16997547820210457,
        0.13773116283118725,
        0.12051434256136417,
        0.1159890741109848,
        0.08826480247080326,
        -0.1770220324397087,
        0.0,
        -0.15920408070087433,
        0.14958877116441727,
        0.14132539741694927,
        0.0853146892040968,
        0.11320922523736954,
        0.09683029726147652,
        -0.17724376171827316,
        0.0,
        -0.15123083256185055,
        0.14084567315876484,
        0.13729008845984936,
        0.04979700781404972,
        0.09963976219296455,
        0.12225417420268059,
        -0.17008209601044655,
        0.0,
        -0.15162532217800617,
        0.13907989487051964,
        0.1365040335804224,
        0.042730001732707024,
        0.10096683166921139,
        0.12817954644560814,
        -0.17000561580061913,
        0.0,
        -0.15523620881140232,
        0.12978874146938324,
        0.1352918427437544,
        0.04326223395764828,
        0.10173115879297256,
        0.13007404282689095,
        -0.17016779631376266,
        0.0
    ],
    "retrieved_1_prompt": "pick up the poke ball and put it in the bowl",
    "retrieved_2_state": [
        -0.11420589685440063,
        -0.081183522939682,
        -0.21598808467388153,
        -2.5008387565612793,
        -0.06280390918254852,
        2.456789255142212,
        -0.3393809497356415,
        0.0
    ],
    "retrieved_2_actions": [
        -0.08850974030792713,
        0.3358672186732292,
        0.018578737508505583,
        0.18771370872855186,
        0.1875792071223259,
        0.16750454902648926,
        -0.2789979800581932,
        0.0,
        -0.11485925875604153,
        0.3493522107601166,
        0.026709511876106262,
        0.17913466319441795,
        0.17657767981290817,
        0.18415147438645363,
        -0.28207074850797653,
        0.0,
        -0.13647567480802536,
        0.33822067081928253,
        0.041384040378034115,
        0.17769550904631615,
        0.1695711724460125,
        0.16770284622907639,
        -0.2712737210094929,
        0.0,
        -0.1559158880263567,
        0.3197326511144638,
        0.05547831766307354,
        0.18121575936675072,
        0.17002491280436516,
        0.1449888665229082,
        -0.25888217613101006,
        0.0,
        -0.17175260931253433,
        0.28915463015437126,
        0.07236067671328783,
        0.18196787685155869,
        0.16918303444981575,
        0.11217836290597916,
        -0.2510108985006809,
        0.0,
        -0.1793244481086731,
        0.2589637041091919,
        0.08964347653090954,
        0.17759760841727257,
        0.15498419292271137,
        0.09620374999940395,
        -0.2324243262410164,
        0.0,
        -0.17972435802221298,
        0.23286228999495506,
        0.10496293194591999,
        0.16726655885577202,
        0.13447117060422897,
        0.08906709961593151,
        -0.20964683964848518,
        0.0,
        -0.1756560057401657,
        0.21386446431279182,
        0.11600733734667301,
        0.15871696174144745,
        0.11895187199115753,
        0.08317429572343826,
        -0.18970130011439323,
        0.0,
        -0.1683998666703701,
        0.18677964806556702,
        0.12917480431497097,
        0.14376498758792877,
        0.11199772357940674,
        0.08181195706129074,
        -0.17546702176332474,
        0.0,
        -0.16249869018793106,
        0.16997547820210457,
        0.13773116283118725,
        0.12051434256136417,
        0.1159890741109848,
        0.08826480247080326,
        -0.1770220324397087,
        0.0
    ],
    "retrieved_2_prompt": "pick up the poke ball and put it in the bowl",