{
    "query_state": [
        -0.002245598006993532,
        0.4094175696372986,
        -0.05213608220219612,
        -1.802544116973877,
        -0.06275251507759094,
        2.216892957687378,
        0.19865477085113525,
        0.0
    ],
    "query_prompt": "rnp",
    "inference_time": true,
    "retrieved_0_state": [
        -0.034761812537908554,
        0.31381332874298096,
        -0.05232813581824303,
        -1.9995028972625732,
        -0.1562904268503189,
        2.265653133392334,
        0.17451897263526917,
        0.0
    ],
    "retrieved_0_actions": [
        0.021470515057444572,
        0.6311304122209549,
        -0.11072961613535881,
        0.7038211822509766,
        -0.04764546174556017,
        -0.06330227944999933,
        0.009591541020199656,
        0.0,
        0.01950625330209732,
        0.7530228048563004,
        -0.07970518432557583,
        0.8396628499031067,
        -0.0024620461044833064,
        -0.06737798918038607,
        -0.03184077562764287,
        0.0,
        0.028300874400883913,
        0.8166112005710602,
        -0.05307265557348728,
        0.9179100394248962,
        0.03306158585473895,
        -0.11749574914574623,
        -0.05418905057013035,
        0.0,
        0.013564497930929065,
        0.8656509220600128,
        0.006381977000273764,
        0.960538387298584,
        0.13230429962277412,
        -0.1822017878293991,
        -0.11907052248716354,
        0.0,
        0.025394861586391926,
        0.830819308757782,
        0.03088078461587429,
        0.9301849454641342,
        0.15848156064748764,
        -0.24353545159101486,
        -0.12394094839692116,
        0.0,
        0.0428321398794651,
        0.7974328100681305,
        0.038621374405920506,
        0.8877448737621307,
        0.17275836318731308,
        -0.3044416196644306,
        -0.11419021524488926,
        0.0,
        0.035236391704529524,
        0.7346567511558533,
        0.023308040108531713,
        0.8482921123504639,
        0.17675962299108505,
        -0.32155822962522507,
        -0.10732036083936691,
        0.0,
        0.001703659218037501,
        0.708533301949501,
        0.0011745787196559832,
        0.8496296405792236,
        0.17781484872102737,
        -0.3026476316154003,
        -0.09632333181798458,
        0.0,
        -0.03247917629778385,
        0.63766710460186,
        -0.010268472833558917,
        0.8214340358972549,
        0.18059495836496353,
        -0.2997344546020031,
        -0.09247268550097942,
        0.0,
        -0.1085280254483223,
        0.5168141424655914,
        0.009716395288705826,
        0.7303963601589203,
        0.2187962830066681,
        -0.23920370265841484,
        -0.12420648708939552,
        0.0
    ],
    "retrieved_0_prompt": "move the idli plate to the right",
    "final_image_shape": [
        896,
        448,
        3
    ]
}