{
    "query_state": [
        -0.13281671702861786,
        0.23660103976726532,
        0.00039755235775373876,
        -2.208669424057007,
        -0.027809228748083115,
        2.296962022781372,
        -0.15840649604797363,
        0.39647576146466845
    ],
    "query_prompt": "rnp",
    "inference_time": true,
    "retrieved_0_state": [
        -0.19983774423599243,
        0.4831158220767975,
        -0.11264482140541077,
        -2.335404634475708,
        -0.03214966505765915,
        2.7699668407440186,
        -0.3437579572200775,
        0.0
    ],
    "retrieved_0_actions": [
        -0.1023589726537466,
        0.07707970682531595,
        0.0782626774162054,
        0.04197875503450632,
        -0.10926004499197006,
        0.15253843739628792,
        0.0459833862259984,
        0.0,
        -0.11753642931580544,
        0.08120411075651646,
        0.09254379197955132,
        0.04237060435116291,
        -0.0965553056448698,
        0.1518428511917591,
        0.03146949457004666,
        0.0,
        -0.12227006256580353,
        0.08567305281758308,
        0.0962385255843401,
        0.04390018526464701,
        -0.0912312138825655,
        0.15379908494651318,
        0.02647887682542205,
        0.0,
        -0.14202182181179523,
        0.0756029412150383,
        0.11383452452719212,
        0.03932142164558172,
        -0.07254629861563444,
        0.16641438007354736,
        0.0076229695696383715,
        0.25,
        -0.1479774247854948,
        0.056024971418082714,
        0.11941838078200817,
        0.023350347764790058,
        -0.06813075859099627,
        0.19218126311898232,
        -0.005069163744337857,
        0.2940529159512283,
        -0.1427071075886488,
        0.04162662662565708,
        0.11645620688796043,
        0.01585715333931148,
        -0.07264087442308664,
        0.18811244517564774,
        -0.00784349162131548,
        0.4262114884971364,
        -0.1366256270557642,
        0.031404560431838036,
        0.1131922286003828,
        0.01106835319660604,
        -0.07763762027025223,
        0.16432030126452446,
        -0.008370861178264022,
        0.5715859007668576,
        -0.12347339652478695,
        -0.027148586232215166,
        0.10615905746817589,
        -0.00558631494641304,
        -0.07977945730090141,
        0.09015284478664398,
        0.004434363509062678,
        0.6905286335889526,
        -0.1112263835966587,
        -0.13248268514871597,
        0.09921605698764324,
        -0.04209286067634821,
        -0.08271325379610062,
        0.02065175911411643,
        0.007075729081407189,
        0.813876675536948,
        -0.09954790584743023,
        -0.24877691641449928,
        0.08744077757000923,
        -0.08194918744266033,
        -0.08461669087409973,
        -0.04816367756575346,
        0.015145757934078574,
        0.8579295038342878
    ],
    "retrieved_0_prompt": "move the idli plate to the left",
    "final_image_shape": [
        448,
        448,
        3
    ]
}