{
    "query_state": [
        -0.057010751217603683,
        0.25010788440704346,
        0.10678792744874954,
        -2.0754282474517822,
        0.04828805476427078,
        2.3814170360565186,
        -0.1724967211484909,
        0.8193832571606434
    ],
    "query_prompt": "rnp",
    "inference_time": true,
    "retrieved_0_state": [
        -0.2516472637653351,
        0.5407869815826416,
        0.0016894260188564658,
        -1.832882046699524,
        0.12779885530471802,
        2.3843393325805664,
        -0.47787541151046753,
        0.8678414164973559
    ],
    "retrieved_0_actions": [
        -0.05905131809413433,
        -0.07631748914718628,
        0.08504374884068966,
        0.0014206842752173543,
        0.031739468686282635,
        0.04239121451973915,
        -0.06863185204565525,
        1.0,
        -0.05271083675324917,
        -0.13235215097665787,
        0.08022619411349297,
        -0.0145277741830796,
        0.027322436217218637,
        -0.003065674100071192,
        -0.0694817304611206,
        0.7411894276295312,
        -0.05828109569847584,
        -0.19516261294484138,
        0.08302487432956696,
        -0.022415502462536097,
        0.05035518202930689,
        -0.05709133576601744,
        -0.06983358412981033,
        0.6883259899827383,
        -0.0560339679941535,
        -0.2569277212023735,
        0.07475856225937605,
        -0.045333956368267536,
        0.056071747094392776,
        -0.09842956438660622,
        -0.07440710440278053,
        0.587004406010357,
        -0.03662533825263381,
        -0.32120589166879654,
        0.04259079694747925,
        -0.06630744319409132,
        0.031761033460497856,
        -0.15865765511989594,
        -0.05568542052060366,
        0.446035248082856,
        -0.015280437655746937,
        -0.36835629492998123,
        0.0031237260554917157,
        -0.054841539822518826,
        0.005911409971304238,
        -0.2595292031764984,
        -0.00937940669246018,
        0.30947136641104755,
        -0.024178780149668455,
        -0.40701091289520264,
        -0.0090208207257092,
        -0.03471334930509329,
        0.025948844850063324,
        -0.34984271973371506,
        -0.03170888405293226,
        0.19052863358895256,
        -0.04026277922093868,
        -0.38800835609436035,
        -0.025327096227556467,
        0.0055911915842443705,
        0.06116882897913456,
        -0.38934919983148575,
        -0.07792770862579346,
        0.07158590076685756,
        -0.04320701118558645,
        -0.3210008889436722,
        -0.06573481485247612,
        0.05504942964762449,
        0.07217430043965578,
        -0.3579668328166008,
        -0.09107139892876148,
        0.0,
        -0.06454041693359613,
        -0.20694617182016373,
        -0.1084401085972786,
        0.15256776474416256,
        0.0945444218814373,
        -0.3569694980978966,
        -0.10346023365855217,
        0.0
    ],
    "retrieved_0_prompt": "pick up the pokeball and put it in the bowl",
    "final_image_shape": [
        448,
        448,
        3
    ]
}