{
    "query_state": [
        0.03292853757739067,
        0.5252339243888855,
        -0.038038089871406555,
        -1.5382901430130005,
        -0.043649110943078995,
        2.0292298793792725,
        0.05346570536494255,
        0.0
    ],
    "query_prompt": "rnp",
    "inference_time": true,
    "retrieved_0_state": [
        -0.03870997577905655,
        0.07691051065921783,
        -0.0328882597386837,
        -2.1307730674743652,
        -0.05786316096782684,
        2.1313283443450928,
        0.05089220777153969,
        0.0
    ],
    "retrieved_0_actions": [
        -0.010379019659012556,
        0.1508145034313202,
        -0.031038736924529076,
        0.10683881118893623,
        -0.0503451656550169,
        0.08001089096069336,
        -0.05744806956499815,
        0.0,
        -0.008784036035649478,
        0.13724273070693016,
        -0.030324168037623167,
        0.09226083755493164,
        -0.049613527953624725,
        0.08216473273932934,
        -0.05252614617347717,
        0.0,
        -0.008740776684135199,
        0.12147859670221806,
        -0.031709419563412666,
        0.0748502416536212,
        -0.04851934500038624,
        0.0928411353379488,
        -0.04275130573660135,
        0.0,
        -0.004848276148550212,
        0.0984303466975689,
        -0.032643615268170834,
        0.06408355198800564,
        -0.06563319824635983,
        0.09399343281984329,
        -0.024631479755043983,
        0.0,
        0.010379381710663438,
        0.00024564633349655196,
        -0.011615694966167212,
        0.010812341934069991,
        0.002767950063571334,
        -0.01583679928444326,
        -0.0030830068862996995,
        0.0,
        0.010166055290028453,
        0.00025576116968295537,
        -0.011395179899409413,
        0.010747062042355537,
        0.0027748121647164226,
        -0.01573380082845688,
        -0.003077448345720768,
        0.0,
        0.02233112696558237,
        -0.03675833810120821,
        -0.006115070427767932,
        0.001984044793061912,
        -0.0168875465169549,
        -0.01778342411853373,
        0.0287354807369411,
        0.0,
        0.03225207095965743,
        -0.09788313880562782,
        -0.004062578082084656,
        -0.0014151976210996509,
        -0.030022761784493923,
        -0.053343065083026886,
        0.08300969377160072,
        0.0,
        0.031338781118392944,
        -0.13428960926830769,
        4.9052437134378124e-05,
        0.0050918193301185966,
        -0.014704966451972723,
        -0.09129796177148819,
        0.07497935555875301,
        0.0,
        0.02936674514785409,
        -0.1873321458697319,
        0.003140131593681872,
        0.002252120029879734,
        0.0025125042884610593,
        -0.13724453747272491,
        0.07580955047160387,
        0.0
    ],
    "retrieved_0_prompt": "move the idli plate forwards",
    "final_image_shape": [
        448,
        448,
        3
    ]
}