{
    "query_state": [
        -0.14481095969676971,
        0.24021345376968384,
        0.003086052369326353,
        -2.2065422534942627,
        -0.03725948557257652,
        2.309624433517456,
        -0.16092202067375183,
        0.7929515448428089
    ],
    "query_prompt": "rnp",
    "inference_time": true,
    "retrieved_0_state": [
        -0.08340273797512054,
        -0.20438732206821442,
        -0.1323627531528473,
        -2.3206145763397217,
        -0.1032053604722023,
        2.1022794246673584,
        -0.2054068148136139,
        0.0
    ],
    "retrieved_0_actions": [
        -0.04073348827660084,
        0.4215150326490402,
        -0.04821149166673422,
        0.3225129097700119,
        0.03936955705285072,
        0.09574092924594879,
        -0.22242439910769463,
        0.0,
        -0.05161597393453121,
        0.40986716747283936,
        -0.03265259088948369,
        0.29904793947935104,
        0.021489146165549755,
        0.10964068584144115,
        -0.19834594801068306,
        0.0,
        -0.058696470223367214,
        0.3990592807531357,
        -0.01903944998048246,
        0.2690110169351101,
        0.009553699637763202,
        0.14603620395064354,
        -0.1724846288561821,
        0.0,
        -0.06295425351709127,
        0.3869582340121269,
        -0.00872643489856273,
        0.23333057761192322,
        0.021985769271850586,
        0.20629893988370895,
        -0.14260504394769669,
        0.0,
        -0.06728895474225283,
        0.3721250966191292,
        0.0008141256694216281,
        0.2222437970340252,
        0.03777734935283661,
        0.2151820994913578,
        -0.12985951267182827,
        0.0,
        -0.07294637616723776,
        0.3753921389579773,
        0.010940562933683395,
        0.21704785525798798,
        0.08634617552161217,
        0.2287127636373043,
        -0.1547417137771845,
        0.0,
        -0.07914548739790916,
        0.37137195467948914,
        0.024871034547686577,
        0.21178903058171272,
        0.10985411703586578,
        0.2221556380391121,
        -0.1628575660288334,
        0.0,
        -0.08753042668104172,
        0.3823768347501755,
        0.04061625339090824,
        0.20287949591875076,
        0.12355010025203228,
        0.22455764934420586,
        -0.16525790095329285,
        0.0,
        -0.10068347677588463,
        0.3712993487715721,
        0.056821233592927456,
        0.2005416713654995,
        0.15562370419502258,
        0.19734449684619904,
        -0.18501363694667816,
        0.0,
        -0.11565453372895718,
        0.35035494714975357,
        0.07537323515862226,
        0.1989993453025818,
        0.1765110343694687,
        0.1617390289902687,
        -0.19219640642404556,
        0.0
    ],
    "retrieved_0_prompt": "move the idli plate to the left",
    "final_image_shape": [
        448,
        448,
        3
    ]
}