{
    "query_state": [
        -0.18444190919399261,
        0.3243604004383087,
        -0.07950820028781891,
        -2.154066324234009,
        -0.03902168199419975,
        2.418452739715576,
        -0.2670604884624481,
        0.06607928627295401
    ],
    "query_prompt": "rnp",
    "inference_time": true,
    "retrieved_0_state": [
        -0.14051571488380432,
        0.5094967484474182,
        -0.11938739567995071,
        -2.276780605316162,
        -0.13118669390678406,
        2.633596181869507,
        -0.2606751620769501,
        0.6035242385353315
    ],
    "retrieved_0_actions": [
        0.043718526139855385,
        0.3140420839190483,
        0.05375307984650135,
        0.0845017284154892,
        -0.09241035208106041,
        0.23764248937368393,
        0.15275662764906883,
        0.8535242385353315,
        0.03762716893106699,
        0.3448585420846939,
        0.05984299350529909,
        0.10118220001459122,
        -0.08706011809408665,
        0.24885525926947594,
        0.1489946898072958,
        0.8535242385353315,
        0.026022549718618393,
        0.40058623999357224,
        0.06795416120439768,
        0.12998909689486027,
        -0.0778457336127758,
        0.2698899433016777,
        0.1411144994199276,
        0.8535242385353315,
        0.025931179989129305,
        0.4183633625507355,
        0.06598130334168673,
        0.13834386132657528,
        -0.0783535186201334,
        0.27512598782777786,
        0.14050249010324478,
        0.8535242385353315,
        0.029496452771127224,
        0.43469246476888657,
        0.061522903852164745,
        0.14205635525286198,
        -0.08307771757245064,
        0.2842329628765583,
        0.1429483573883772,
        0.8535242385353315,
        0.03264560364186764,
        0.4496411606669426,
        0.053686038590967655,
        0.1450715772807598,
        -0.09002110920846462,
        0.29315726831555367,
        0.14754296280443668,
        0.8535242385353315,
        0.02045799046754837,
        0.45449770987033844,
        0.05748284514993429,
        0.1448642648756504,
        -0.08107121102511883,
        0.29641425237059593,
        0.13707416132092476,
        0.8535242385353315,
        0.01887151156552136,
        0.45378096401691437,
        0.05586578045040369,
        0.13792066834867,
        -0.08320929482579231,
        0.3081456944346428,
        0.1353087928146124,
        0.8535242385353315,
        0.025576818734407425,
        0.40928762406110764,
        0.0601018825545907,
        0.10997110977768898,
        -0.08217141963541508,
        0.302596352994442,
        0.1380450651049614,
        0.8535242385353315,
        0.027069393545389175,
        0.39174675941467285,
        0.07276425138115883,
        0.09510842151939869,
        -0.07267159409821033,
        0.3074800409376621,
        0.13702922500669956,
        0.8535242385353315
    ],
    "retrieved_0_prompt": "move the idli plate to the left",
    "final_image_shape": [
        448,
        448,
        3
    ]
}