{
    "query_state": [
        0.628261923789978,
        -0.8003109097480774,
        0.3380615711212158,
        -2.728256940841675,
        -0.038554005324840546,
        1.941336750984192,
        0.770287036895752,
        0.0
    ],
    "query_prompt": "rnp",
    "inference_time": true,
    "retrieved_0_state": [
        0.006341997068375349,
        -0.6015905737876892,
        0.011973788030445576,
        -2.526487350463867,
        -0.005413760431110859,
        1.911647915840149,
        0.02382481098175049,
        0.0
    ],
    "retrieved_0_actions": [
        0.004126207786612213,
        0.11750170961022377,
        0.06334718316793442,
        -0.020311821717768908,
        -0.047843875363469124,
        0.21400954574346542,
        0.04767563659697771,
        0.0,
        0.005383026436902583,
        0.13262725435197353,
        0.06041082087904215,
        -0.041009760461747646,
        -0.05381433293223381,
        0.24086592718958855,
        0.05351569503545761,
        0.0,
        0.010803272016346455,
        0.12334000319242477,
        0.045018233358860016,
        -0.05850567948073149,
        -0.03542684018611908,
        0.24443332105875015,
        0.04682628903537989,
        0.0,
        0.014033874031156301,
        0.10659507475793362,
        0.030768730212002993,
        -0.07155124563723803,
        -0.035225534811615944,
        0.25738561525940895,
        0.02842591842636466,
        0.0,
        0.012441456783562899,
        0.0949772261083126,
        0.01681092195212841,
        -0.06999287754297256,
        -0.030183792114257812,
        0.25192342698574066,
        0.017923786072060466,
        0.0,
        0.005886571016162634,
        0.09702052921056747,
        0.012696520425379276,
        -0.089783426374197,
        -0.03537896554917097,
        0.2720137685537338,
        0.02308070193976164,
        0.0,
        0.0011576352699194103,
        0.09940258227288723,
        0.016874494031071663,
        -0.10165246203541756,
        -0.046704402193427086,
        0.2766820974647999,
        0.029663986060768366,
        0.0,
        0.0013812899123877287,
        0.11647219769656658,
        0.030684887897223234,
        -0.11525746434926987,
        -0.06241019815206528,
        0.29514946043491364,
        0.040077571757137775,
        0.0,
        0.0026825565146282315,
        0.13230140320956707,
        0.05524978507310152,
        -0.12514440342783928,
        -0.08444388397037983,
        0.3387816995382309,
        0.06639867555350065,
        0.0,
        0.005238233134150505,
        0.1740342564880848,
        0.08568167686462402,
        -0.12400475330650806,
        -0.1081338431686163,
        0.3838670253753662,
        0.10876312851905823,
        0.0
    ],
    "retrieved_0_prompt": "move the idli plate to the right",
    "final_image_shape": [
        448,
        448,
        3
    ]
}