{
    "query_state": [
        0.08807600289583206,
        0.4853718876838684,
        -0.040319111198186874,
        -2.194612979888916,
        -0.017407149076461792,
        2.3520119190216064,
        -0.05948607623577118,
        0.0
    ],
    "query_prompt": "rnp",
    "inference_time": true,
    "retrieved_0_state": [
        0.24886710941791534,
        0.456188440322876,
        0.0016855578869581223,
        -2.6162631511688232,
        -0.12692204117774963,
        2.930927038192749,
        0.26112794876098633,
        0.0
    ],
    "retrieved_0_actions": [
        0.12507702223956585,
        0.05704504903405905,
        -0.02704583341255784,
        -0.11586415581405163,
        0.14075576327741146,
        0.061905658803880215,
        -0.020518586970865726,
        0.0,
        0.1462454255670309,
        0.01784023130312562,
        -0.015849923947826028,
        -0.14604182913899422,
        0.13557123951613903,
        0.06959885824471712,
        -0.012521123280748725,
        0.0,
        0.10436276905238628,
        -0.027615041472017765,
        0.04469440318644047,
        -0.1575232669711113,
        0.16126060858368874,
        0.01999799394980073,
        -0.040918015874922276,
        0.0,
        0.034236395731568336,
        -0.06255451124161482,
        0.115636195987463,
        -0.15684664249420166,
        0.20533347502350807,
        -0.044891019351780415,
        -0.07725460454821587,
        0.0,
        -0.01398424617946148,
        -0.08790962398052216,
        0.15725048258900642,
        -0.14915326610207558,
        0.23806003853678703,
        -0.09237159043550491,
        -0.09190864861011505,
        0.0,
        -0.005965961026959121,
        -0.06223524920642376,
        0.14089073985815048,
        -0.13971254229545593,
        0.23692147806286812,
        -0.07759524043649435,
        -0.057553271763026714,
        0.0,
        -0.001964332041097805,
        -0.042360019870102406,
        0.13120767660439014,
        -0.11732155457139015,
        0.23693621158599854,
        -0.09188742376863956,
        -0.030845049768686295,
        0.0,
        -0.00543737958651036,
        -0.028849190566688776,
        0.13558783568441868,
        -0.09432444348931313,
        0.23571493104100227,
        -0.10658019222319126,
        -0.01815641182474792,
        0.0,
        5.819570105813909e-05,
        -0.022463793866336346,
        0.12463054619729519,
        -0.07319436874240637,
        0.21841274574398994,
        -0.12380567379295826,
        -0.00871643132995814,
        0.0,
        0.012125285575166345,
        -0.024358972441405058,
        0.09764193557202816,
        -0.06523823365569115,
        0.19209343940019608,
        -0.12432778254151344,
        -0.0003453067984082736,
        0.0
    ],
    "retrieved_0_prompt": "move the idli plate forwards",
    "final_image_shape": [
        448,
        448,
        3
    ]
}