{
    "query_state": [
        -0.22277429699897766,
        0.43235209584236145,
        -0.14976704120635986,
        -1.9787448644638062,
        -0.030331416055560112,
        2.3777410984039307,
        -0.36423635482788086,
        0.057268755675041416
    ],
    "query_prompt": "rnp",
    "inference_time": true,
    "retrieved_0_state": [
        -0.14936354756355286,
        0.5291416049003601,
        -0.049586109817028046,
        -2.157235860824585,
        -0.04173721373081207,
        2.5582971572875977,
        -0.20633354783058167,
        0.7841409704179522
    ],
    "retrieved_0_actions": [
        -0.04907067399471998,
        -0.3126813843846321,
        0.015251159202307463,
        -0.207681804895401,
        -0.019577706698328257,
        0.04068163223564625,
        -0.10223883204162121,
        1.0,
        -0.03139918902888894,
        -0.29374565929174423,
        0.0005246669752523303,
        -0.21298879757523537,
        -0.04284920636564493,
        0.023519496899098158,
        -0.0940809678286314,
        1.0,
        -0.02333071082830429,
        -0.26001065969467163,
        -0.0073424819856882095,
        -0.226699560880661,
        -0.033934719394892454,
        0.03152089426293969,
        -0.06566131487488747,
        0.7411894276295312,
        -0.008722530910745263,
        -0.21856963634490967,
        -0.031070401892066002,
        -0.24478768929839134,
        -0.05444780923426151,
        0.08408722467720509,
        -0.037617748603224754,
        0.6707048466113927,
        -0.007276642136275768,
        -0.17001871019601822,
        -0.04366179462522268,
        -0.2370484359562397,
        -0.05852027330547571,
        0.12080474756658077,
        -0.02465178957208991,
        0.5517621192676658,
        -0.015948974760249257,
        -0.14719471335411072,
        -0.03485025139525533,
        -0.22119689732789993,
        -0.03249087370932102,
        0.11901265010237694,
        -0.021194296423345804,
        0.42841409923314244,
        -0.01337353722192347,
        -0.15162725932896137,
        -0.031970900017768145,
        -0.22114364430308342,
        -0.0311916577629745,
        0.12495954521000385,
        -0.021117266733199358,
        0.2918502175613338,
        -0.0024658741313032806,
        -0.1378343626856804,
        -0.054879290983080864,
        -0.2148379199206829,
        -0.07189686875790358,
        0.17689047381281853,
        -0.017394364112988114,
        0.1729074847392389,
        -0.04235502798110247,
        -0.11062328703701496,
        -0.032818703912198544,
        -0.18434422090649605,
        -0.04361516796052456,
        0.2239636518061161,
        -0.08525760844349861,
        0.03634360306743034,
        -0.043934574350714684,
        -0.11008734814822674,
        -0.03763203741982579,
        -0.1757197268307209,
        -0.049190204590559006,
        0.22836016491055489,
        -0.07724924013018608,
        0.0
    ],
    "retrieved_0_prompt": "move the idli plate to the left",
    "final_image_shape": [
        448,
        448,
        3
    ]
}