{
    "query_state": [
        -0.33367419242858887,
        0.5276370048522949,
        -0.0008431713795289397,
        -1.9719569683074951,
        0.09773632138967514,
        2.4016008377075195,
        -0.28506407141685486,
        0.23348015651828935
    ],
    "query_prompt": "rnp",
    "inference_time": true,
    "retrieved_0_state": [
        -0.2142522931098938,
        0.5006945729255676,
        -0.07555864751338959,
        -1.9540042877197266,
        0.047108590602874756,
        2.4562113285064697,
        -0.3697505593299866,
        0.0
    ],
    "retrieved_0_actions": [
        -0.07100380957126617,
        0.12703008949756622,
        0.05052918568253517,
        0.12372709810733795,
        -0.049604885280132294,
        0.063600386492908,
        0.048705567605793476,
        0.0,
        -0.07637717295438051,
        0.11997221037745476,
        0.056786760687828064,
        0.12304427102208138,
        -0.04366898909211159,
        0.060495538637042046,
        0.045903054997324944,
        0.0,
        -0.07839389145374298,
        0.11178894899785519,
        0.059931930154561996,
        0.11680020950734615,
        -0.04325119312852621,
        0.06209172774106264,
        0.046542598865926266,
        0.0,
        -0.07986863143742085,
        0.10594450868666172,
        0.061862641014158726,
        0.11152433231472969,
        -0.04284398164600134,
        0.06337734870612621,
        0.04806329030543566,
        0.0,
        -0.07902114652097225,
        0.10154835879802704,
        0.06351316813379526,
        0.10155153460800648,
        -0.04404829349368811,
        0.0681111216545105,
        0.05143354646861553,
        0.0,
        -0.07933679968118668,
        0.09387976489961147,
        0.06646411493420601,
        0.08825020864605904,
        -0.04340455401688814,
        0.07155784405767918,
        0.05218826700001955,
        0.0,
        -0.08100937120616436,
        0.08137952536344528,
        0.0699454266577959,
        0.07098837289959192,
        -0.041572763584554195,
        0.0756257027387619,
        0.0499557564035058,
        0.0,
        -0.08212112821638584,
        0.06905165035277605,
        0.07114565465599298,
        0.05545930005609989,
        -0.04161700140684843,
        0.08201914839446545,
        0.0478435168042779,
        0.0,
        -0.08303482085466385,
        0.06320756394416094,
        0.0717330863699317,
        0.0439206138253212,
        -0.04129586275666952,
        0.08802314288914204,
        0.04713532514870167,
        0.0,
        -0.08605917915701866,
        0.05159871652722359,
        0.0761535158380866,
        0.024394530337303877,
        -0.036330209113657475,
        0.09529235772788525,
        0.04290405195206404,
        0.0
    ],
    "retrieved_0_prompt": "pick up the pokeball and put it in the bowl",
    "final_image_shape": [
        448,
        448,
        3
    ]
}