{
    "query_state": [
        -0.05838235095143318,
        0.26992252469062805,
        0.04531678929924965,
        -2.0647733211517334,
        0.08366416394710541,
        2.345546007156372,
        -0.22301866114139557,
        0.0
    ],
    "query_prompt": "rnp",
    "inference_time": true,
    "retrieved_0_state": [
        -0.2516312003135681,
        0.4717521667480469,
        -0.01036427728831768,
        -1.8342849016189575,
        0.1283063143491745,
        2.301879644393921,
        -0.4742591679096222,
        0.0
    ],
    "retrieved_0_actions": [
        -0.05856582894921303,
        0.09931374341249466,
        0.044030919671058655,
        0.01888699014671147,
        0.05755452439188957,
        0.15688767656683922,
        -0.11098287999629974,
        0.0,
        -0.06418202072381973,
        0.09679099544882774,
        0.04961151164025068,
        0.017134302761405706,
        0.05150266923010349,
        0.1589747704565525,
        -0.11118997819721699,
        0.0,
        -0.06541639566421509,
        0.09939877316355705,
        0.05218537524342537,
        0.013181301765143871,
        0.039607719518244267,
        0.15959344804286957,
        -0.1039551105350256,
        0.0,
        -0.06985096726566553,
        0.08751170709729195,
        0.057548037730157375,
        0.01735540572553873,
        0.0336513901129365,
        0.14153367839753628,
        -0.09587215259671211,
        0.0,
        -0.07294428069144487,
        0.06906545720994473,
        0.06260020192712545,
        0.018700867658481002,
        0.027729119174182415,
        0.12285287491977215,
        -0.09098402224481106,
        0.0,
        -0.07502887398004532,
        0.05365939810872078,
        0.06537504959851503,
        0.022092554718255997,
        0.02093518152832985,
        0.11212795041501522,
        -0.08792446926236153,
        0.0,
        -0.07857482880353928,
        0.03867411753162742,
        0.0699724955484271,
        0.020159499254077673,
        0.01942461123690009,
        0.105259595438838,
        -0.09030883200466633,
        0.0,
        -0.0738567067310214,
        0.03395950188860297,
        0.07443607784807682,
        0.0323987752199173,
        0.01427403767593205,
        0.09780015796422958,
        -0.08637459948658943,
        0.14981699999999998,
        -0.07734657730907202,
        0.03298720810562372,
        0.08211644366383553,
        0.03569152671843767,
        0.020399123895913363,
        0.09651425294578075,
        -0.09617815725505352,
        0.22903441595122828,
        -0.07886813953518867,
        0.033265489619225264,
        0.08745037019252777,
        0.02576287603005767,
        0.025660365354269743,
        0.1144198328256607,
        -0.1064689364284277,
        0.4262114884971364
    ],
    "retrieved_0_prompt": "pick up the pokeball and put it in the bowl",
    "final_image_shape": [
        448,
        448,
        3
    ]
}