{
    "query_state": [
        -0.06900455802679062,
        -0.5746695399284363,
        -0.05271439999341965,
        -2.528337240219116,
        -0.03964373096823692,
        1.9461735486984253,
        -0.02403249591588974,
        0.0
    ],
    "query_prompt": "pick up the pokeball and put it in the bowl",
    "inference_time": true,
    "retrieved_0_state": [
        -0.09810250997543335,
        -0.5614372491836548,
        -0.10760674625635147,
        -2.5211238861083984,
        -0.09237965196371078,
        1.9449316263198853,
        -0.06393210589885712,
        0.0
    ],
    "retrieved_0_actions": [
        -0.10048069059848785,
        0.07145301438868046,
        -0.11716165579855442,
        0.10887466371059418,
        -0.1261915173381567,
        0.06089587230235338,
        -0.18979711458086967,
        0.0,
        -0.09530323557555676,
        0.08780415169894695,
        -0.11250908486545086,
        0.13289930298924446,
        -0.12014967389404774,
        0.051728314720094204,
        -0.1831604167819023,
        0.0,
        -0.09230909869074821,
        0.1085481233894825,
        -0.12062855996191502,
        0.1592724211513996,
        -0.10364111512899399,
        0.03944655414670706,
        -0.18204541876912117,
        0.0,
        -0.09086767211556435,
        0.11724132113158703,
        -0.12605310417711735,
        0.17594382166862488,
        -0.09046671912074089,
        0.030173552222549915,
        -0.18469925969839096,
        0.0,
        -0.08633504621684551,
        0.1283818483352661,
        -0.12583982199430466,
        0.19178874790668488,
        -0.08272603154182434,
        0.024678492918610573,
        -0.185927115380764,
        0.0,
        -0.07326341234147549,
        0.13487055897712708,
        -0.11593479663133621,
        0.1953207142651081,
        -0.07572152186185122,
        0.02492611762136221,
        -0.18020078539848328,
        0.0,
        -0.06120116449892521,
        0.1477051991969347,
        -0.10573447681963444,
        0.20341407507658005,
        -0.08194258436560631,
        0.033247938845306635,
        -0.195514727383852,
        0.0,
        -0.05113606806844473,
        0.15976598486304283,
        -0.0924760289490223,
        0.2086915448307991,
        -0.09867331013083458,
        0.03369009820744395,
        -0.20933225750923157,
        0.0,
        -0.041494378820061684,
        0.18049819394946098,
        -0.08410053327679634,
        0.21981891244649887,
        -0.12496513314545155,
        0.04476380068808794,
        -0.22453216835856438,
        0.0,
        -0.032627328764647245,
        0.1808377541601658,
        -0.07851481437683105,
        0.2108345925807953,
        -0.13587567023932934,
        0.06562859285622835,
        -0.24164188653230667,
        0.0
    ],
    "retrieved_0_prompt": "pick up the pokeball and put it in the bowl",
    "final_image_shape": [
        448,
        448,
        3
    ]
}