{
    "query_state": [
        -0.07170756906270981,
        0.05280797928571701,
        0.03161657601594925,
        -2.271413564682007,
        0.05687480419874191,
        2.4564881324768066,
        -0.15526986122131348,
        0.0
    ],
    "query_prompt": "rnp",
    "inference_time": true,
    "retrieved_0_state": [
        -0.009396987967193127,
        0.4559430480003357,
        0.003990390803664923,
        -1.7962093353271484,
        0.005819863639771938,
        2.3053786754608154,
        -0.03619329631328583,
        0.0
    ],
    "retrieved_0_actions": [
        -0.04527520388364792,
        0.09257767349481583,
        0.03426963463425636,
        0.09926829487085342,
        0.07467355113476515,
        0.04362229723483324,
        -0.07006289437413216,
        0.0,
        -0.0008531325147487223,
        0.0003050688610528596,
        0.0017870675947051495,
        0.008311631390824914,
        -0.0019249854085501283,
        -0.011601728620007634,
        0.0025299572735093534,
        0.0,
        0.008932683267630637,
        0.015593176940456033,
        -0.00907735782675445,
        0.008818060741759837,
        -0.02525752643123269,
        -0.0008852197788655758,
        0.016936487518250942,
        0.0,
        0.010417819721624255,
        0.024407587479799986,
        -0.01045463141053915,
        0.004611187905538827,
        -0.02740267664194107,
        0.029321180190891027,
        0.018659241031855345,
        0.0,
        0.00603793072514236,
        0.0429363502189517,
        -0.009122744086198509,
        0.01285231439396739,
        -0.014741754857823253,
        0.04137663170695305,
        0.024412099737673998,
        0.0,
        0.006691499729640782,
        0.056700059212744236,
        -0.010781348682940006,
        0.010512190638110042,
        -0.013354737311601639,
        0.049494048580527306,
        0.031694211065769196,
        0.0,
        0.0015927587810438126,
        0.06777099333703518,
        -0.005328368861228228,
        -0.0010273233783664182,
        -0.008508295868523419,
        0.07971063256263733,
        0.012375975493341684,
        0.0,
        0.005082292482256889,
        0.08529694750905037,
        -0.01143069937825203,
        -0.004858518950641155,
        -0.02125430852174759,
        0.13040078803896904,
        0.01587578561156988,
        0.0,
        -0.003704335540533066,
        0.09892543777823448,
        -0.0070251134457066655,
        -0.002483169373590499,
        -0.006017538835294545,
        0.15765802934765816,
        0.00927595654502511,
        0.0,
        -0.010669105686247349,
        0.10996311902999878,
        -0.004154307825956494,
        0.003913231194019318,
        0.0065516517497599125,
        0.1654794067144394,
        0.007681677816435695,
        0.0
    ],
    "retrieved_0_prompt": "pick up the pokeball and put it in the bowl",
    "final_image_shape": [
        448,
        448,
        3
    ]
}