{
    "query_state": [
        0.022664392367005348,
        0.29868030548095703,
        -0.02023756504058838,
        -1.6001466512680054,
        -0.03761203587055206,
        1.9120631217956543,
        0.04583344981074333,
        0.0
    ],
    "query_prompt": "rnp",
    "inference_time": true,
    "retrieved_0_state": [
        -0.007006984204053879,
        1.0442841053009033,
        -0.015474312007427216,
        -0.9762089252471924,
        -0.026822341606020927,
        1.9507951736450195,
        0.002814972074702382,
        0.0
    ],
    "retrieved_0_actions": [
        0.04119396675378084,
        0.16140703111886978,
        -0.01692419173195958,
        0.19061921164393425,
        -0.018604642245918512,
        -0.04153464920818806,
        0.051734624430537224,
        0.0,
        0.03258325159549713,
        0.18066810443997383,
        -0.019703793805092573,
        0.2232535555958748,
        -0.01928946003317833,
        -0.04699773620814085,
        0.05094860680401325,
        0.0,
        0.02113250084221363,
        0.20164800807833672,
        -0.023202768061310053,
        0.24135883897542953,
        -0.02175220986828208,
        -0.04592179786413908,
        0.04052469972521067,
        0.0,
        0.008287631208077073,
        0.2248060517013073,
        -0.026334011927247047,
        0.2571459673345089,
        -0.024647051468491554,
        -0.04229188431054354,
        0.024174570571631193,
        0.0,
        0.004366112989373505,
        0.23062989115715027,
        -0.030092843808233738,
        0.25891857221722603,
        -0.026961765252053738,
        -0.04133143927901983,
        0.021739797666668892,
        0.0,
        0.0024923105956986547,
        0.19754935055971146,
        -0.029709290247410536,
        0.2290005050599575,
        -0.026468420401215553,
        -0.036560806911438704,
        0.019676992669701576,
        0.0,
        -0.0005707293894374743,
        0.1897953636944294,
        -0.025690963957458735,
        0.2256656065583229,
        -0.02397854346781969,
        -0.040685865096747875,
        0.010695289820432663,
        0.0,
        -0.001419012260157615,
        0.18208380788564682,
        -0.027282084338366985,
        0.23092765361070633,
        -0.026256961282342672,
        -0.04599474836140871,
        0.0076571793761104345,
        0.0,
        -0.001466152461944148,
        0.18661899492144585,
        -0.025433788541704416,
        0.24482179433107376,
        -0.026643339078873396,
        -0.0436992384493351,
        0.003333706990815699,
        0.0,
        -0.0004656767123378813,
        0.1842132955789566,
        -0.022023208439350128,
        0.24781513959169388,
        -0.02753758803009987,
        -0.04034046549350023,
        -0.005609617801383138,
        0.0
    ],
    "retrieved_0_prompt": "move the idli plate forwards",
    "final_image_shape": [
        448,
        448,
        3
    ]
}