{
    "query_state": [
        0.018726497888565063,
        0.04842235893011093,
        -0.04087771847844124,
        -2.1250791549682617,
        -0.047061171382665634,
        2.126091480255127,
        0.0007043395889922976,
        0.0
    ],
    "query_prompt": "rnp",
    "inference_time": true,
    "retrieved_0_state": [
        0.05167165398597717,
        0.008340776897966862,
        0.12238245457410812,
        -2.0133440494537354,
        -0.02453821897506714,
        2.0000216960906982,
        0.2908720374107361,
        0.0
    ],
    "retrieved_0_actions": [
        0.04890491720288992,
        0.028437424916774035,
        -0.08686058223247528,
        -0.059037646278738976,
        0.05159555934369564,
        0.052128448151052,
        -0.05526843015104532,
        0.0,
        0.04566893447190523,
        0.04527570214122534,
        -0.08889070712029934,
        -0.06582691334187984,
        0.055809239856898785,
        0.08040444925427437,
        -0.05612435285001993,
        0.0,
        0.045244498178362846,
        0.06595528684556484,
        -0.08795625530183315,
        -0.055166869424283504,
        0.05601908080279827,
        0.06375582423061132,
        -0.04478319548070431,
        0.0,
        0.03878373885527253,
        0.16941118985414505,
        -0.09514081291854382,
        -0.07268991321325302,
        0.0188609363976866,
        0.16003796830773354,
        -0.02428848296403885,
        0.0,
        0.03252055495977402,
        0.26796499267220497,
        -0.10313109494745731,
        -0.07339156232774258,
        -0.0044606157462112606,
        0.2506711892783642,
        -0.028766959439963102,
        0.0,
        0.037482071202248335,
        0.2961076609790325,
        -0.10218830779194832,
        -0.04305761307477951,
        -0.012837450485676527,
        0.25164660066366196,
        -0.04543906543403864,
        0.0,
        0.05447024945169687,
        0.30691368505358696,
        -0.09797857142984867,
        0.0001539138611406088,
        -0.055292113684117794,
        0.22685537114739418,
        -0.05121600814163685,
        0.0,
        0.08037523366510868,
        0.2859805338084698,
        -0.09322942234575748,
        0.04371770191937685,
        -0.10467628017067909,
        0.17595743760466576,
        -0.05166949238628149,
        0.0,
        0.11257147416472435,
        0.18349843099713326,
        -0.08788096718490124,
        0.05494731478393078,
        -0.12680434621870518,
        0.11953731998801231,
        -0.02700242679566145,
        0.0,
        0.14046928845345974,
        0.09186308830976486,
        -0.08112884126603603,
        0.046465485356748104,
        -0.13396458700299263,
        0.09895678609609604,
        -0.011312178103253245,
        0.0
    ],
    "retrieved_0_prompt": "move the idli plate forwards",
    "final_image_shape": [
        448,
        448,
        3
    ]
}