{
    "query_state": [
        0.027626166120171547,
        -0.0906543955206871,
        -0.060467008501291275,
        -2.4724676609039307,
        -0.055326543748378754,
        2.3078114986419678,
        0.1055004745721817,
        0.0
    ],
    "query_prompt": "rnp",
    "inference_time": true,
    "retrieved_0_state": [
        -0.01120010670274496,
        0.9446126222610474,
        -0.024149080738425255,
        -1.2663872241973877,
        -0.05430949106812477,
        2.1246888637542725,
        0.01018249150365591,
        0.0
    ],
    "retrieved_0_actions": [
        0.00594659592024982,
        0.08561898954212666,
        -0.03120174165815115,
        -0.004486247489694506,
        -0.04117645788937807,
        0.1334094163030386,
        -0.06034771911799908,
        0.0,
        0.012115262215957046,
        0.06630982737988234,
        -0.036479588598012924,
        -0.030801291577517986,
        -0.047982027754187584,
        0.13043721206486225,
        -0.05591754801571369,
        0.0,
        0.01903626834973693,
        0.04526984877884388,
        -0.042888945899903774,
        -0.05460591986775398,
        -0.0595276290550828,
        0.12892136350274086,
        -0.057719345204532146,
        0.0,
        0.019587876740843058,
        0.02719936426728964,
        -0.041646985337138176,
        -0.06641647778451443,
        -0.06077911239117384,
        0.12623852118849754,
        -0.06559366825968027,
        0.0,
        -0.0037128033000044525,
        0.011358021292835474,
        -0.01233573304489255,
        -0.06877912674099207,
        -0.05058011971414089,
        0.0945071130990982,
        -0.14416774734854698,
        0.0,
        0.002391752932453528,
        0.0077860214514657855,
        -0.025744913145899773,
        -0.06140960846096277,
        -0.05541755352169275,
        0.11129384860396385,
        -0.104697085916996,
        0.0,
        -0.0003538260716595687,
        0.009485561749897897,
        -0.028514170553535223,
        -0.05195322912186384,
        -0.055637117475271225,
        0.12349850498139858,
        -0.09688633494079113,
        0.0,
        -0.0008353572775376961,
        0.01548848464153707,
        -0.02693279879167676,
        -0.04367469809949398,
        -0.059877410531044006,
        0.11882145889103413,
        -0.10508470237255096,
        0.0,
        -0.00200292794033885,
        0.018545116763561964,
        -0.022318987175822258,
        -0.04827657248824835,
        -0.060779210180044174,
        0.13480914756655693,
        -0.11024386622011662,
        0.0,
        -0.007969423313625157,
        0.031230521854013205,
        -0.014245689380913973,
        -0.048025622963905334,
        -0.059116305783391,
        0.1658766157925129,
        -0.1250462420284748,
        0.0
    ],
    "retrieved_0_prompt": "move the idli plate forwards",
    "final_image_shape": [
        448,
        448,
        3
    ]
}