{
    "query_state": [
        -0.06794099509716034,
        0.08041195571422577,
        -0.07624898105859756,
        -2.1160247325897217,
        -0.12787266075611115,
        2.116757392883301,
        -0.11974167823791504,
        0.0
    ],
    "query_prompt": "pick up the poke ball and put it in the bowl",
    "inference_time": true,
    "retrieved_0_state": [
        -0.26697275042533875,
        0.30876436829566956,
        -0.1210482120513916,
        -2.383897304534912,
        0.012628896161913872,
        2.6373414993286133,
        -0.4809812903404236,
        0.3832599217408553
    ],
    "retrieved_0_actions": [
        -0.1840689778327942,
        0.0037907063961029053,
        0.14024232514202595,
        -0.04176802933216095,
        0.15007316134870052,
        0.1673865132033825,
        -0.24190528318285942,
        0.6949339427148531,
        -0.1604493148624897,
        -0.02010365715250373,
        0.11838303878903389,
        -0.046891169622540474,
        0.12462902814149857,
        0.13664280995726585,
        -0.20158231258392334,
        0.7962555266872344,
        -0.1440747920423746,
        -0.07381529081612825,
        0.10421451181173325,
        -0.05866595543920994,
        0.1063355803489685,
        0.08622230030596256,
        -0.17172502353787422,
        0.8843612271088583,
        -0.13361879624426365,
        -0.13931455090641975,
        0.0947889219969511,
        -0.075917630456388,
        0.09900611825287342,
        0.036487686447799206,
        -0.16158822923898697,
        0.9284140992331424,
        -0.12299287132918835,
        -0.25022612884640694,
        0.08523385040462017,
        -0.10311920195817947,
        0.09733295999467373,
        -0.04975784104317427,
        -0.146612748503685,
        0.9768722366563828,
        -0.10721522383391857,
        -0.38241010159254074,
        0.07153547368943691,
        -0.1355100516229868,
        0.09660129435360432,
        -0.16193190589547157,
        -0.1219580601900816,
        0.9625550696510946,
        -0.07762329187244177,
        -0.5267930403351784,
        0.05009871907532215,
        -0.18784772604703903,
        0.0948532298207283,
        -0.25634655728936195,
        -0.09966950863599777,
        0.9581497714819301,
        -0.04139545373618603,
        -0.629538968205452,
        0.02286207163706422,
        -0.2264455333352089,
        0.09818323887884617,
        -0.3394612669944763,
        -0.08918260224163532,
        0.9757709285491958,
        0.011788239935413003,
        -0.765518918633461,
        -0.018965338822454214,
        -0.2792988158762455,
        0.08911539800465107,
        -0.4322526976466179,
        -0.06161713972687721,
        0.9625550669119105,
        0.06442135199904442,
        -0.8174944669008255,
        -0.06692574359476566,
        -0.30307430773973465,
        0.08287274278700352,
        -0.46537112444639206,
        -0.024408139288425446,
        0.9625550669119105
    ],
    "retrieved_0_prompt": "pick up the poke ball and put it in the bowl",
    "retrieved_1_state": [
        -0.27966272830963135,
        0.30858737230300903,
        -0.10937724262475967,
        -2.3840742111206055,
        0.026699239388108253,
        2.6455676555633545,
        -0.4963110685348511,
        0.5903083549845742
    ],
    "retrieved_1_actions": [
        -0.1440747920423746,
        -0.07381529081612825,
        0.10421451181173325,
        -0.05866595543920994,
        0.1063355803489685,
        0.08622230030596256,
        -0.17172502353787422,
        0.8843612271088583,
        -0.13361879624426365,
        -0.13931455090641975,
        0.0947889219969511,
        -0.075917630456388,
        0.09900611825287342,
        0.036487686447799206,
        -0.16158822923898697,
        0.9284140992331424,
        -0.12299287132918835,
        -0.25022612884640694,
        0.08523385040462017,
        -0.10311920195817947,
        0.09733295999467373,
        -0.04975784104317427,
        -0.146612748503685,
        0.9768722366563828,
        -0.10721522383391857,
        -0.38241010159254074,
        0.07153547368943691,
        -0.1355100516229868,
        0.09660129435360432,
        -0.16193190589547157,
        -0.1219580601900816,
        0.9625550696510946,
        -0.07762329187244177,
        -0.5267930403351784,
        0.05009871907532215,
        -0.18784772604703903,
        0.0948532298207283,
        -0.25634655728936195,
        -0.09966950863599777,
        0.9581497714819301,
        -0.04139545373618603,
        -0.629538968205452,
        0.02286207163706422,
        -0.2264455333352089,
        0.09818323887884617,
        -0.3394612669944763,
        -0.08918260224163532,
        0.9757709285491958,
        0.011788239935413003,
        -0.765518918633461,
        -0.018965338822454214,
        -0.2792988158762455,
        0.08911539800465107,
        -0.4322526976466179,
        -0.06161713972687721,
        0.9625550669119105,
        0.06442135199904442,
        -0.8174944669008255,
        -0.06692574359476566,
        -0.30307430773973465,
        0.08287274278700352,
        -0.46537112444639206,
        -0.024408139288425446,
        0.9625550669119105,
        0.12064585462212563,
        -0.8241644501686096,
        -0.11327932588756084,
        -0.28435347601771355,
        0.06144980899989605,
        -0.4996570199728012,
        0.030519617721438408,
        0.9625550669119105,
        0.16540540382266045,
        -0.8396094292402267,
        -0.13844541274011135,
        -0.27522312477231026,
        0.010478743351995945,
        -0.5130406096577644,
        0.13673068024218082,
        0.9625550669119105
    ],
    "retrieved_1_prompt": "pick up the poke ball and put it in the bowl",
    "retrieved_2_state": [
        -0.2529507577419281,
        0.31938624382019043,
        -0.08836457878351212,
        -2.222273588180542,
        0.030229566618800163,
        2.4745373725891113,
        -0.37361985445022583,
        0.0
    ],