{
    "query_state": [
        0.09507063031196594,
        0.3311249911785126,
        -0.08728642761707306,
        -2.519826889038086,
        -0.0401851050555706,
        2.635869026184082,
        -0.0418798066675663,
        0.0
    ],
    "query_prompt": "rnp",
    "inference_time": true,
    "retrieved_0_state": [
        -0.09921654313802719,
        -0.24759061634540558,
        -0.16926702857017517,
        -2.467548131942749,
        -0.12840084731578827,
        2.2011923789978027,
        -0.24978354573249817,
        0.0
    ],
    "retrieved_0_actions": [
        -0.04576668608933687,
        0.09647395461797714,
        0.03243287559598684,
        -0.039950935170054436,
        -0.06523793563246727,
        0.16786359250545502,
        -0.0020960444817319512,
        0.0,
        -0.05823251325637102,
        0.1241017784923315,
        0.02302918117493391,
        -0.03237949451431632,
        -0.08404839783906937,
        0.19306253641843796,
        -0.002573914243839681,
        0.0,
        -0.07258438505232334,
        0.12963250279426575,
        0.011059409007430077,
        -0.016656534280627966,
        -0.09042058140039444,
        0.18975166603922844,
        -0.00841985922306776,
        0.0,
        -0.08654026314616203,
        0.10707416571676731,
        0.008210422820411623,
        -0.02309622708708048,
        -0.11396951042115688,
        0.19318336620926857,
        0.00034566190151963383,
        0.0,
        -0.09358465671539307,
        0.09204003028571606,
        0.00563675188459456,
        -0.0362380500882864,
        -0.13602549210190773,
        0.20285384729504585,
        -0.003858979034703225,
        0.0,
        -0.09059677831828594,
        0.07723448798060417,
        0.004439571930561215,
        -0.0475861644372344,
        -0.1369889173656702,
        0.1936417818069458,
        -0.007568089640699327,
        0.0,
        -0.08515508845448494,
        0.06628952920436859,
        0.00011795025784522295,
        -0.051428661681711674,
        -0.12133268639445305,
        0.18349986523389816,
        -0.0180723681114614,
        0.0,
        -0.08064819499850273,
        0.06244240328669548,
        -0.002974538365378976,
        -0.06478650495409966,
        -0.1112731359899044,
        0.1864970475435257,
        -0.026580269914120436,
        0.0,
        -0.07874872535467148,
        0.0645704660564661,
        -0.0051930820336565375,
        -0.08449675515294075,
        -0.11310653761029243,
        0.20538479089736938,
        -0.027903113514184952,
        0.0,
        -0.0764042604714632,
        0.06954631768167019,
        -0.007938368944451213,
        -0.09834343567490578,
        -0.11119331233203411,
        0.21971553564071655,
        -0.030741605442017317,
        0.0
    ],
    "retrieved_0_prompt": "move the idli plate forwards",
    "final_image_shape": [
        448,
        448,
        3
    ]
}