{
    "query_state": [
        -0.36287426948547363,
        0.7477198243141174,
        -0.2867441773414612,
        -1.4571689367294312,
        0.231862872838974,
        2.220311164855957,
        -0.8488524556159973,
        0.185022019095049
    ],
    "query_prompt": "ppr",
    "inference_time": true,
    "retrieved_0_state": [
        -0.3673379421234131,
        1.199346661567688,
        -0.02558746002614498,
        -0.7103540301322937,
        0.12174654752016068,
        1.9281455278396606,
        -0.5403185486793518,
        0.5374449522623775
    ],
    "retrieved_0_actions": [
        -0.05860550794750452,
        0.16203023493289948,
        0.026652757078409195,
        0.3568553552031517,
        0.007272596121765673,
        -0.17502674832940102,
        -0.09142369963228703,
        0.8579295038342878,
        -0.058233910240232944,
        0.15338415279984474,
        0.027856340166181326,
        0.34417543560266495,
        0.008386861300095916,
        -0.1694853976368904,
        -0.09360278025269508,
        0.9768722585698549,
        -0.05808423273265362,
        0.14788808301091194,
        0.03026416525244713,
        0.3344374895095825,
        0.010579321533441544,
        -0.16734633594751358,
        -0.09574548341333866,
        1.0,
        -0.05747424904257059,
        0.14414816163480282,
        0.031362506560981274,
        0.3242870047688484,
        0.01066765864379704,
        -0.1659567840397358,
        -0.09984168224036694,
        1.0,
        -0.052055479027330875,
        0.11909879744052887,
        0.02509982790797949,
        0.29369592666625977,
        0.002258650929434225,
        -0.18947606906294823,
        -0.09959027171134949,
        0.7824131069073829,
        -0.04349110648036003,
        0.07259084843099117,
        0.02004316309466958,
        0.24961911141872406,
        -0.006791424239054322,
        -0.16898898407816887,
        -0.11172862723469734,
        0.6751101338238211,
        -0.04917739424854517,
        -0.06274573039263487,
        0.01421585213392973,
        0.14879288151860237,
        0.0037325985613279045,
        -0.2289838343858719,
        -0.06732611916959286,
        0.5517621192676658,
        -0.060952925123274326,
        -0.1614728942513466,
        0.02339494414627552,
        0.06782231852412224,
        0.01859926851466298,
        -0.2716374956071377,
        -0.07160632405430079,
        0.4107929503834288,
        -0.07727402728050947,
        -0.2840390056371689,
        0.029187456239014864,
        -0.02889963798224926,
        0.03302621189504862,
        -0.31458429992198944,
        -0.07567085791379213,
        0.2918502175613338,
        -0.08878453634679317,
        -0.34955546259880066,
        0.029046605341136456,
        -0.08360129781067371,
        0.04400481004267931,
        -0.36484789103269577,
        -0.05509937647730112,
        0.1729074847392389
    ],
    "retrieved_0_prompt": "pick up the pokeball and put it in the bowl",
    "final_image_shape": [
        448,
        448,
        3
    ]
}