{
    "query_state": [
        -0.024040088057518005,
        0.4004380404949188,
        0.00018086253840010613,
        -2.300844192504883,
        0.047224123030900955,
        2.426262855529785,
        -0.2621893584728241,
        0.0
    ],
    "query_prompt": "rnp",
    "inference_time": true,
    "retrieved_0_state": [
        0.012200480327010155,
        -0.6056818962097168,
        0.0062188925221562386,
        -2.536977529525757,
        -0.03276693448424339,
        1.922952651977539,
        0.037015315145254135,
        0.0
    ],
    "retrieved_0_actions": [
        0.012154561700299382,
        0.0305915717035532,
        0.0696176802739501,
        0.0807856023311615,
        0.0750140706077218,
        -0.02629901748150587,
        0.07618401199579239,
        0.0,
        0.033745416440069675,
        0.05561515688896179,
        0.08520534262061119,
        0.10666877031326294,
        0.10108364745974541,
        -0.018505804473534226,
        0.0975495483726263,
        0.0,
        0.05408412776887417,
        0.08961823768913746,
        0.09919309988617897,
        0.12782291509211063,
        0.11976261623203754,
        0.0005470958421938121,
        0.11361511424183846,
        0.0,
        0.05878589116036892,
        0.12635155580937862,
        0.11380846612155437,
        0.13922815211117268,
        0.12088827788829803,
        0.03347739344462752,
        0.13899953104555607,
        0.0,
        0.05885734222829342,
        0.16306402161717415,
        0.13007077388465405,
        0.13754420913755894,
        0.11702653020620346,
        0.08502427488565445,
        0.18023567274212837,
        0.0,
        0.05918703507632017,
        0.18389057368040085,
        0.12959840707480907,
        0.12887108139693737,
        0.12234014458954334,
        0.12171526439487934,
        0.20947815850377083,
        0.0,
        0.06028092000633478,
        0.20263360813260078,
        0.12605453841388226,
        0.11194421909749508,
        0.13042357750236988,
        0.1603926159441471,
        0.22482791915535927,
        0.0,
        0.06157853174954653,
        0.2185145579278469,
        0.11676071211695671,
        0.10463863611221313,
        0.13926194049417973,
        0.1696198247373104,
        0.21767394617199898,
        0.0,
        0.06592933554202318,
        0.22947903722524643,
        0.10930861346423626,
        0.10073057375848293,
        0.14730922877788544,
        0.18072905018925667,
        0.21168837323784828,
        0.0,
        0.066513791680336,
        0.23043859750032425,
        0.09457740001380444,
        0.10629073716700077,
        0.15805678442120552,
        0.1763583905994892,
        0.19342780113220215,
        0.0
    ],
    "retrieved_0_prompt": "move the idli plate forwards",
    "final_image_shape": [
        448,
        448,
        3
    ]
}