{
    "query_state": [
        -0.05863313004374504,
        0.2696704864501953,
        -0.061151862144470215,
        -2.066237449645996,
        -0.12757542729377747,
        2.1481313705444336,
        -0.15559297800064087,
        0.017621148849713664
    ],
    "query_prompt": "pick up the poke ball and put it in the bowl",
    "inference_time": true,
    "retrieved_0_state": [
        -0.2517832815647125,
        0.319754034280777,
        -0.08753281086683273,
        -2.2067904472351074,
        0.030486740171909332,
        2.473712205886841,
        -0.3652600347995758,
        0.0
    ],
    "retrieved_0_actions": [
        -0.0390937365591526,
        -0.11103739030659199,
        -0.022567487321794033,
        -0.2294718660414219,
        -0.0076132878893986344,
        0.10387989692389965,
        -0.15635056421160698,
        0.0,
        -0.04596613347530365,
        -0.09421512484550476,
        -0.022265624720603228,
        -0.1987827755510807,
        0.00568221730645746,
        0.13720178045332432,
        -0.1432284526526928,
        0.0,
        -0.05214970093220472,
        -0.07722991518676281,
        -0.016503004590049386,
        -0.15444574877619743,
        0.014739457983523607,
        0.1492500863969326,
        -0.14994810335338116,
        0.0,
        -0.048118941485881805,
        -0.06518565118312836,
        -0.014919006498530507,
        -0.12106627225875854,
        0.008304691291414201,
        0.154355950653553,
        -0.1439037173986435,
        0.0,
        -0.039125652983784676,
        -0.05312193185091019,
        -0.016305746976286173,
        -0.09923811070621014,
        -0.00887667527422309,
        0.16281958669424057,
        -0.13271833769977093,
        0.0,
        -0.03480108454823494,
        -0.034392280504107475,
        -0.017625928157940507,
        -0.08530030027031898,
        -0.027883092407137156,
        0.17384782433509827,
        -0.1357070356607437,
        0.0,
        -0.03207193687558174,
        -0.002387986023677513,
        -0.02309063682332635,
        -0.0587564567103982,
        -0.04470271058380604,
        0.17263375222682953,
        -0.1298280619084835,
        0.0,
        -0.027652012649923563,
        0.01697163679637015,
        -0.030141037423163652,
        -0.042305272072553635,
        -0.0707679521292448,
        0.17658712342381477,
        -0.12767411768436432,
        0.0,
        -0.02886096015572548,
        0.04508695565164089,
        -0.03884341102093458,
        -0.022445409558713436,
        -0.08664660155773163,
        0.20316137000918388,
        -0.12015354819595814,
        0.0,
        -0.04725689999759197,
        0.08295567706227303,
        -0.03351290477439761,
        0.010223857825621963,
        -0.05846255458891392,
        0.2120676450431347,
        -0.1231236383318901,
        0.0
    ],
    "retrieved_0_prompt": "pick up the poke ball and put it in the bowl",
    "retrieved_1_state": [
        -0.27576541900634766,
        -0.019177651032805443,
        -0.11272715032100677,
        -2.4463047981262207,
        0.029996691271662712,
        2.427805185317993,
        -0.4866299331188202,
        0.8502202676476422
    ],
    "retrieved_1_actions": [
        0.1913744956254959,
        -0.7777120918035507,
        -0.14506333507597446,
        -0.23565921932458878,
        -0.010214104549959302,
        -0.4971648007631302,
        0.19121529534459114,
        0.9625550669119105,
        0.2128400094807148,
        -0.7022077590227127,
        -0.1287051197141409,
        -0.2054915390908718,
        -0.033309843856841326,
        -0.4450785368680954,
        0.24119365960359573,
        0.9625550669119105,
        0.22864870727062225,
        -0.5953375622630119,
        -0.10155369527637959,
        -0.1581590250134468,
        -0.03978330176323652,
        -0.37548188120126724,
        0.27096981182694435,
        0.9625550669119105,
        0.2450573816895485,
        -0.49575652927160263,
        -0.0610358826816082,
        -0.10542677715420723,
        -0.03444223431870341,
        -0.32031722366809845,
        0.30323585495352745,
        0.9625550669119105,
        0.2523334324359894,
        -0.4071144759654999,
        -0.013703941367566586,
        -0.05806345492601395,
        -0.01892301719635725,
        -0.26060065254569054,
        0.31790316104888916,
        0.9625550669119105,
        0.24580305442214012,
        -0.3329673036932945,
        0.020020140800625086,
        -0.01982236048206687,
        -0.006718111108057201,
        -0.21750779822468758,
        0.3053689934313297,
        0.9625550669119105,
        0.23574577644467354,
        -0.2681749314069748,
        0.04704464226961136,
        0.012688130373135209,
        0.0034124322701245546,
        -0.19022203981876373,
        0.29442960396409035,
        0.9625550669119105,
        0.22211207076907158,
        -0.2009783685207367,
        0.07570150773972273,
        0.04195510409772396,
        0.008356925682164729,
        -0.15066050924360752,
        0.281569454818964,
        0.9625550669119105,
        0.20298264920711517,
        -0.13873277232050896,
        0.0868089497089386,
        0.06640997249633074,
        0.008318379404954612,
        -0.1317969337105751,
        0.2609325386583805,
        0.9625550669119105,
        0.18315918743610382,
        -0.10802069678902626,
        0.08753126487135887,
        0.0973364058881998,
        0.013816956197842956,
        -0.15217337757349014,
        0.23408425971865654,
        0.9625550669119105
    ],
    "retrieved_1_prompt": "pick up the poke ball and put it in the bowl",
    "retrieved_2_state": [
        -0.2529507577419281,
        0.31938624382019043,
        -0.08836457878351212,
        -2.222273588180542,
        0.030229566618800163,
        2.4745373725891113,
        -0.37361985445022583,
        0.0
    ],