{
    "query_state": [
        -0.07731630653142929,
        -0.5444108247756958,
        -0.06810366362333298,
        -2.4989349842071533,
        -0.05801498144865036,
        1.9668320417404175,
        -0.05560038983821869,
        0.0
    ],
    "query_prompt": "pick up the pokeball and put it in the bowl",
    "inference_time": true,
    "retrieved_0_state": [
        -0.21556633710861206,
        -0.1733422577381134,
        -0.2800849676132202,
        -2.3708655834198,
        -0.1552402228116989,
        2.2872087955474854,
        -0.253769189119339,
        0.0
    ],
    "retrieved_0_actions": [
        -0.07363499607890844,
        0.12783996760845184,
        -0.08232741616666317,
        0.062068914994597435,
        0.13458008877933025,
        0.09382189251482487,
        -0.2711709775030613,
        0.0,
        -0.07053569424897432,
        0.13191204518079758,
        -0.0820661336183548,
        0.061744218692183495,
        0.1417203526943922,
        0.10346747003495693,
        -0.2816780097782612,
        0.0,
        -0.059915436431765556,
        0.15037382021546364,
        -0.0819936953485012,
        0.0669907545670867,
        0.17395269125699997,
        0.11410732753574848,
        -0.32498661428689957,
        0.0,
        -0.05161020439118147,
        0.17454205080866814,
        -0.07664611097425222,
        0.08164066821336746,
        0.2121296152472496,
        0.11069969274103642,
        -0.36547478288412094,
        0.0,
        -0.046767997555434704,
        0.20169012248516083,
        -0.06760676391422749,
        0.09439758956432343,
        0.21824507042765617,
        0.12524181976914406,
        -0.37894047796726227,
        0.0,
        -0.04587812814861536,
        0.23705463856458664,
        -0.05371409934014082,
        0.10414251126348972,
        0.18649041652679443,
        0.15524827875196934,
        -0.36517661064863205,
        0.0,
        -0.0422834325581789,
        0.2797373943030834,
        -0.04146391060203314,
        0.11346138082444668,
        0.17031751573085785,
        0.203592199832201,
        -0.3917721286416054,
        0.0,
        -0.046887933276593685,
        0.3002479299902916,
        -0.024024462327361107,
        0.1267521269619465,
        0.15157598070800304,
        0.22054579108953476,
        -0.36643683910369873,
        0.0,
        -0.055076247081160545,
        0.3040572255849838,
        -0.006185310194268823,
        0.1362165156751871,
        0.15322917141020298,
        0.2104746736586094,
        -0.3425847738981247,
        0.0,
        -0.06476604845374823,
        0.29199233278632164,
        0.019253952195867896,
        0.1265471614897251,
        0.18030036240816116,
        0.19248690456151962,
        -0.3516502305865288,
        0.0
    ],
    "retrieved_0_prompt": "pick up the pokeball and put it in the bowl",
    "final_image_shape": [
        448,
        448,
        3
    ]
}