{
    "query_state": [
        0.025969628244638443,
        -0.5763089656829834,
        -0.01607546955347061,
        -2.4821150302886963,
        -0.031737033277750015,
        1.9068342447280884,
        0.03771685063838959,
        0.0
    ],
    "query_prompt": "rnp",
    "inference_time": true,
    "retrieved_0_state": [
        0.02349340170621872,
        -0.4141354262828827,
        -0.013785280287265778,
        -2.3213725090026855,
        -0.024553563445806503,
        1.9674358367919922,
        0.03717462345957756,
        0.0
    ],
    "retrieved_0_actions": [
        -0.05151175893843174,
        0.33279795199632645,
        0.05616946145892143,
        0.42960088700056076,
        0.03759866813197732,
        -0.10171572677791119,
        0.04943803884088993,
        0.0,
        -0.05539087578654289,
        0.36832667887210846,
        0.05931014660745859,
        0.42554330080747604,
        0.02359846606850624,
        -0.07991517893970013,
        0.06158430129289627,
        0.0,
        -0.05759741645306349,
        0.4017826169729233,
        0.056699165143072605,
        0.4187336564064026,
        0.022585515398532152,
        -0.05885733291506767,
        0.07050675339996815,
        0.0,
        -0.055697495117783546,
        0.4075063392519951,
        0.05042704287916422,
        0.40613025426864624,
        0.031920375768095255,
        -0.06484539713710546,
        0.06471458356827497,
        0.0,
        -0.05487004294991493,
        0.38825802505016327,
        0.047771590761840343,
        0.37850741297006607,
        0.032510808669030666,
        -0.059418571181595325,
        0.06477702874690294,
        0.0,
        -0.05583071615546942,
        0.36632925271987915,
        0.043511129915714264,
        0.35458527505397797,
        0.030053420923650265,
        -0.05365454591810703,
        0.0638070609420538,
        0.0,
        -0.057108174078166485,
        0.33356696367263794,
        0.03807773580774665,
        0.3273976594209671,
        0.02713545924052596,
        -0.0427992083132267,
        0.060281394980847836,
        0.0,
        -0.06103315390646458,
        0.3167758882045746,
        0.028954555746167898,
        0.30472081154584885,
        0.025450007524341345,
        -0.022421316243708134,
        0.04896202124655247,
        0.0,
        -0.0668838806450367,
        0.2976982668042183,
        0.01858576899394393,
        0.2772648446261883,
        0.019775370601564646,
        0.004106344131287187,
        0.04243811126798391,
        0.0,
        -0.07211209740489721,
        0.28374167159199715,
        0.006940593593753874,
        0.27059393003582954,
        0.0205681542865932,
        0.00930307200178504,
        0.036655517760664225,
        0.0
    ],
    "retrieved_0_prompt": "move the idli plate forwards",
    "final_image_shape": [
        448,
        448,
        3
    ]
}