{
    "query_state": [
        -0.008393444120883942,
        -0.5141932368278503,
        -0.002112372312694788,
        -2.4670228958129883,
        -0.027388935908675194,
        1.9563701152801514,
        -0.009464379400014877,
        0.0
    ],
    "query_prompt": "rnp",
    "inference_time": true,
    "retrieved_0_state": [
        -0.019365724176168442,
        -0.35229653120040894,
        -0.009157748892903328,
        -2.236637592315674,
        -0.02382892556488514,
        1.9067018032073975,
        0.04771900922060013,
        0.0
    ],
    "retrieved_0_actions": [
        -0.029291834216564894,
        0.2647610194981098,
        -0.0004144349441048689,
        0.3506634011864662,
        0.014473103219643235,
        -0.11062551289796829,
        0.08421913720667362,
        0.0,
        -0.03022060263901949,
        0.24671591818332672,
        -0.0019308536138851196,
        0.33922184258699417,
        0.012965187197551131,
        -0.11362412013113499,
        0.08310439996421337,
        0.0,
        -0.031645577400922775,
        0.22058678790926933,
        -0.006641434738412499,
        0.31873609870672226,
        0.012970431707799435,
        -0.11643713340163231,
        0.07423496339470148,
        0.0,
        -0.03662352683022618,
        0.19950898364186287,
        -0.017037976067513227,
        0.3008536994457245,
        0.014134602388367057,
        -0.11812977492809296,
        0.06274221930652857,
        0.0,
        -0.041807214729487896,
        0.18031729385256767,
        -0.0252975570037961,
        0.283485297113657,
        0.011996751418337226,
        -0.12143720872700214,
        0.05564072169363499,
        0.0,
        -0.04579135216772556,
        0.15604427084326744,
        -0.031150057911872864,
        0.2640952169895172,
        -0.0035071210004389286,
        -0.12488170526921749,
        0.03512005554512143,
        0.0,
        0.0002323088665434625,
        0.00242678084759973,
        -0.0012379733379930258,
        0.008578529814258218,
        0.00041227394831366837,
        -0.00922254053875804,
        -0.0018153685959987342,
        0.0,
        -0.012342098634690046,
        0.02441150601953268,
        -0.0011401680967537686,
        -0.012679763603955507,
        -0.03838439239189029,
        0.05964287091046572,
        0.027707633562386036,
        0.0,
        -0.021327759604901075,
        0.0478317542001605,
        -0.008945782319642603,
        -0.03068180289119482,
        -0.05129351280629635,
        0.10452105663716793,
        0.02394908806309104,
        0.0,
        -0.026203286834061146,
        0.025598169304430485,
        -0.019795214757323265,
        -0.014589503407478333,
        -0.052092717960476875,
        0.08881756104528904,
        -0.005937713431194425,
        0.0
    ],
    "retrieved_0_prompt": "move the idli plate forwards",
    "final_image_shape": [
        448,
        448,
        3
    ]
}