{
    "query_state": [
        -0.007777000777423382,
        0.5453960299491882,
        -0.024071529507637024,
        -1.6220804452896118,
        -0.030341429635882378,
        2.081693410873413,
        -0.018998146057128906,
        0.0
    ],
    "query_prompt": "rnp",
    "inference_time": true,
    "retrieved_0_state": [
        -0.10868121683597565,
        0.17820335924625397,
        -0.09010045975446701,
        -1.9380217790603638,
        -0.046358317136764526,
        2.0845823287963867,
        -0.052599843591451645,
        0.0
    ],
    "retrieved_0_actions": [
        0.005651081446558237,
        0.3500058874487877,
        0.015817511593922973,
        0.49789823591709137,
        0.10104138404130936,
        -0.19717099145054817,
        0.012156034354120493,
        0.0,
        -0.00020952867998857982,
        0.3590429574251175,
        0.01782557344995439,
        0.5081642791628838,
        0.09960112161934376,
        -0.1988915540277958,
        0.004928254638798535,
        0.0,
        -0.010619397507980466,
        0.37238284945487976,
        0.019903469365090132,
        0.5367091670632362,
        0.10560328140854836,
        -0.21957488730549812,
        -0.009048072970472276,
        0.0,
        -0.02376448130235076,
        0.36327652633190155,
        0.02313687466084957,
        0.539356917142868,
        0.11692901141941547,
        -0.23916315287351608,
        -0.023742630146443844,
        0.0,
        -0.04145303275436163,
        0.3490956500172615,
        0.02839032793417573,
        0.5333736166357994,
        0.13010353781282902,
        -0.24809269234538078,
        -0.04651576280593872,
        0.0,
        -0.05889726337045431,
        0.33413439989089966,
        0.03159170504659414,
        0.5232727900147438,
        0.13335641473531723,
        -0.23496732115745544,
        -0.06830097176134586,
        0.0,
        -0.07356801070272923,
        0.3248000144958496,
        0.036762270610779524,
        0.5164473503828049,
        0.13352654874324799,
        -0.2340666949748993,
        -0.09045523591339588,
        0.0,
        -0.08352266624569893,
        0.31928006559610367,
        0.04221714101731777,
        0.5009378865361214,
        0.12301446869969368,
        -0.21714789792895317,
        -0.12098138220608234,
        0.0,
        -0.09220592677593231,
        0.322963111102581,
        0.04757233429700136,
        0.49038972705602646,
        0.11813552118837833,
        -0.20721830427646637,
        -0.14151429757475853,
        0.0,
        -0.10270172730088234,
        0.33477649092674255,
        0.05689455661922693,
        0.48845093697309494,
        0.12228943407535553,
        -0.206478051841259,
        -0.16441728919744492,
        0.0
    ],
    "retrieved_0_prompt": "move the idli plate forwards",
    "final_image_shape": [
        448,
        448,
        3
    ]
}