{
    "query_state": [
        -0.05586724355816841,
        -0.19173763692378998,
        -0.06987421214580536,
        -2.242412567138672,
        -0.12348288297653198,
        2.018030881881714,
        -0.053618304431438446,
        0.026431767101514736
    ],
    "query_prompt": "pick up the poke ball and put it in the bowl",
    "inference_time": true,
    "retrieved_0_state": [
        -0.22640778124332428,
        0.27836889028549194,
        -0.15286414325237274,
        -2.381608247756958,
        -0.004524909891188145,
        2.58200740814209,
        -0.43874311447143555,
        0.0
    ],
    "retrieved_0_actions": [
        -0.1761380396783352,
        0.10651285760104656,
        0.1315694209188223,
        0.023424082901328802,
        0.1037539541721344,
        0.1865987665951252,
        -0.20893700420856476,
        0.0,
        -0.18298497423529625,
        0.0958850048482418,
        0.14026401564478874,
        0.020818402990698814,
        0.1149475947022438,
        0.1782095804810524,
        -0.22156687453389168,
        0.0,
        -0.192580446600914,
        0.07576965726912022,
        0.14938941225409508,
        0.00635917647741735,
        0.13488790020346642,
        0.1896323449909687,
        -0.24665113538503647,
        0.25,
        -0.19674329087138176,
        0.056049101985991,
        0.152153167873621,
        -0.009513827390037477,
        0.14136026613414288,
        0.19016917794942856,
        -0.2543257735669613,
        0.31167397714705347,
        -0.19627824425697327,
        0.03868359141051769,
        0.15294555574655533,
        -0.023573755752295256,
        0.14417083002626896,
        0.18929600715637207,
        -0.25548990815877914,
        0.4658590076685757,
        -0.19409006461501122,
        0.023977879900485277,
        0.1496752630919218,
        -0.0338464230298996,
        0.1491505466401577,
        0.1851586252450943,
        -0.255991593003273,
        0.5892070496165712,
        -0.1840689778327942,
        0.0037907063961029053,
        0.14024232514202595,
        -0.04176802933216095,
        0.15007316134870052,
        0.1673865132033825,
        -0.24190528318285942,
        0.6949339427148531,
        -0.1604493148624897,
        -0.02010365715250373,
        0.11838303878903389,
        -0.046891169622540474,
        0.12462902814149857,
        0.13664280995726585,
        -0.20158231258392334,
        0.7962555266872344,
        -0.1440747920423746,
        -0.07381529081612825,
        0.10421451181173325,
        -0.05866595543920994,
        0.1063355803489685,
        0.08622230030596256,
        -0.17172502353787422,
        0.8843612271088583,
        -0.13361879624426365,
        -0.13931455090641975,
        0.0947889219969511,
        -0.075917630456388,
        0.09900611825287342,
        0.036487686447799206,
        -0.16158822923898697,
        0.9284140992331424
    ],
    "retrieved_0_prompt": "pick up the poke ball and put it in the bowl",
    "retrieved_1_state": [
        -0.21613748371601105,
        0.261472225189209,
        -0.15992231667041779,
        -2.3814918994903564,
        -0.004527251701802015,
        2.56139874458313,
        -0.4322459399700165,
        0.0
    ],
    "retrieved_1_actions": [
        -0.1702451892197132,
        0.11877740733325481,
        0.12466355226933956,
        0.026059169322252274,
        0.0987014826387167,
        0.1953662559390068,
        -0.20172163844108582,
        0.0,
        -0.17379825934767723,
        0.11410568840801716,
        0.12735089287161827,
        0.023509834427386522,
        0.10181190446019173,
        0.18939226865768433,
        -0.20541226491332054,
        0.0,
        -0.1761380396783352,
        0.10651285760104656,
        0.1315694209188223,
        0.023424082901328802,
        0.1037539541721344,
        0.1865987665951252,
        -0.20893700420856476,
        0.0,
        -0.18298497423529625,
        0.0958850048482418,
        0.14026401564478874,
        0.020818402990698814,
        0.1149475947022438,
        0.1782095804810524,
        -0.22156687453389168,
        0.0,
        -0.192580446600914,
        0.07576965726912022,
        0.14938941225409508,
        0.00635917647741735,
        0.13488790020346642,
        0.1896323449909687,
        -0.24665113538503647,
        0.25,
        -0.19674329087138176,
        0.056049101985991,
        0.152153167873621,
        -0.009513827390037477,
        0.14136026613414288,
        0.19016917794942856,
        -0.2543257735669613,
        0.31167397714705347,
        -0.19627824425697327,
        0.03868359141051769,
        0.15294555574655533,
        -0.023573755752295256,
        0.14417083002626896,
        0.18929600715637207,
        -0.25548990815877914,
        0.4658590076685757,
        -0.19409006461501122,
        0.023977879900485277,
        0.1496752630919218,
        -0.0338464230298996,
        0.1491505466401577,
        0.1851586252450943,
        -0.255991593003273,
        0.5892070496165712,
        -0.1840689778327942,
        0.0037907063961029053,
        0.14024232514202595,
        -0.04176802933216095,
        0.15007316134870052,
        0.1673865132033825,
        -0.24190528318285942,
        0.6949339427148531,
        -0.1604493148624897,
        -0.02010365715250373,
        0.11838303878903389,
        -0.046891169622540474,
        0.12462902814149857,
        0.13664280995726585,
        -0.20158231258392334,
        0.7962555266872344
    ],
    "retrieved_1_prompt": "pick up the poke ball and put it in the bowl",
    "retrieved_2_state": [
        -0.1946520358324051,
        0.21677498519420624,
        -0.18305210769176483,
        -2.3832128047943115,
        -0.004528498277068138,
        2.5356998443603516,
        -0.42378294467926025,
        0.0
    ],