{
    "query_state": [
        -0.043115898966789246,
        -0.3407575786113739,
        -0.0493430569767952,
        -2.3395235538482666,
        -0.1004326120018959,
        1.9605406522750854,
        -0.02162344940006733,
        0.0
    ],
    "query_prompt": "pick up the poke ball and put it in the bowl",
    "inference_time": true,
    "retrieved_0_state": [
        -0.18901127576828003,
        0.19657230377197266,
        -0.1920934021472931,
        -2.383251905441284,
        -0.004526424687355757,
        2.534031629562378,
        -0.4221082925796509,
        0.0
    ],
    "retrieved_0_actions": [
        -0.15162532217800617,
        0.13907989487051964,
        0.1365040335804224,
        0.042730001732707024,
        0.10096683166921139,
        0.12817954644560814,
        -0.17000561580061913,
        0.0,
        -0.15523620881140232,
        0.12978874146938324,
        0.1352918427437544,
        0.04326223395764828,
        0.10173115879297256,
        0.13007404282689095,
        -0.17016779631376266,
        0.0,
        -0.15557988546788692,
        0.1213705725967884,
        0.12986990623176098,
        0.04639554303139448,
        0.0949716754257679,
        0.13555177487432957,
        -0.16691623255610466,
        0.0,
        -0.15525195747613907,
        0.11707158759236336,
        0.12621703557670116,
        0.05065938923507929,
        0.09113436564803123,
        0.14222808182239532,
        -0.16666732728481293,
        0.0,
        -0.15496866777539253,
        0.11396732181310654,
        0.1253724191337824,
        0.052901552990078926,
        0.09197961539030075,
        0.14797267504036427,
        -0.16949299722909927,
        0.0,
        -0.15861863270401955,
        0.1067595835775137,
        0.12856528162956238,
        0.04334202501922846,
        0.1011541485786438,
        0.16186019405722618,
        -0.18587835133075714,
        0.0,
        -0.16298385336995125,
        0.09974625892937183,
        0.1299636997282505,
        0.029012563172727823,
        0.10628510266542435,
        0.1811322383582592,
        -0.2001418173313141,
        0.0,
        -0.16636863350868225,
        0.11219740845263004,
        0.12442612089216709,
        0.026949592866003513,
        0.09950745850801468,
        0.19208161160349846,
        -0.19983138889074326,
        0.0,
        -0.1702451892197132,
        0.11877740733325481,
        0.12466355226933956,
        0.026059169322252274,
        0.0987014826387167,
        0.1953662559390068,
        -0.20172163844108582,
        0.0,
        -0.17379825934767723,
        0.11410568840801716,
        0.12735089287161827,
        0.023509834427386522,
        0.10181190446019173,
        0.18939226865768433,
        -0.20541226491332054,
        0.0
    ],
    "retrieved_0_prompt": "pick up the poke ball and put it in the bowl",
    "retrieved_1_state": [
        -0.17890627682209015,
        0.17316114902496338,
        -0.20394553244113922,
        -2.39119291305542,
        -0.004576438572257757,
        2.5337185859680176,
        -0.4197736084461212,
        0.0
    ],
    "retrieved_1_actions": [
        -0.15920408070087433,
        0.14958877116441727,
        0.14132539741694927,
        0.0853146892040968,
        0.11320922523736954,
        0.09683029726147652,
        -0.17724376171827316,
        0.0,
        -0.15123083256185055,
        0.14084567315876484,
        0.13729008845984936,
        0.04979700781404972,
        0.09963976219296455,
        0.12225417420268059,
        -0.17008209601044655,
        0.0,
        -0.15162532217800617,
        0.13907989487051964,
        0.1365040335804224,
        0.042730001732707024,
        0.10096683166921139,
        0.12817954644560814,
        -0.17000561580061913,
        0.0,
        -0.15523620881140232,
        0.12978874146938324,
        0.1352918427437544,
        0.04326223395764828,
        0.10173115879297256,
        0.13007404282689095,
        -0.17016779631376266,
        0.0,
        -0.15557988546788692,
        0.1213705725967884,
        0.12986990623176098,
        0.04639554303139448,
        0.0949716754257679,
        0.13555177487432957,
        -0.16691623255610466,
        0.0,
        -0.15525195747613907,
        0.11707158759236336,
        0.12621703557670116,
        0.05065938923507929,
        0.09113436564803123,
        0.14222808182239532,
        -0.16666732728481293,
        0.0,
        -0.15496866777539253,
        0.11396732181310654,
        0.1253724191337824,
        0.052901552990078926,
        0.09197961539030075,
        0.14797267504036427,
        -0.16949299722909927,
        0.0,
        -0.15861863270401955,
        0.1067595835775137,
        0.12856528162956238,
        0.04334202501922846,
        0.1011541485786438,
        0.16186019405722618,
        -0.18587835133075714,
        0.0,
        -0.16298385336995125,
        0.09974625892937183,
        0.1299636997282505,
        0.029012563172727823,
        0.10628510266542435,
        0.1811322383582592,
        -0.2001418173313141,
        0.0,
        -0.16636863350868225,
        0.11219740845263004,
        0.12442612089216709,
        0.026949592866003513,
        0.09950745850801468,
        0.19208161160349846,
        -0.19983138889074326,
        0.0
    ],
    "retrieved_1_prompt": "pick up the poke ball and put it in the bowl",
    "retrieved_2_state": [
        -0.1946520358324051,
        0.21677498519420624,
        -0.18305210769176483,
        -2.3832128047943115,
        -0.004528498277068138,
        2.5356998443603516,
        -0.42378294467926025,
        0.0
    ],
    "retrieved_2_actions": [
        -0.15557988546788692,
        0.1213705725967884,
        0.12986990623176098,
        0.04639554303139448,
        0.0949716754257679,
        0.13555177487432957,
        -0.16691623255610466,
        0.0,
        -0.15525195747613907,
        0.11707158759236336,
        0.12621703557670116,
        0.05065938923507929,
        0.09113436564803123,
        0.14222808182239532,
        -0.16666732728481293,
        0.0,
        -0.15496866777539253,
        0.11396732181310654,
        0.1253724191337824,
        0.052901552990078926,
        0.09197961539030075,
        0.14797267504036427,
        -0.16949299722909927,
        0.0,
        -0.15861863270401955,
        0.1067595835775137,
        0.12856528162956238,
        0.04334202501922846,
        0.1011541485786438,
        0.16186019405722618,
        -0.18587835133075714,
        0.0,
        -0.16298385336995125,
        0.09974625892937183,
        0.1299636997282505,
        0.029012563172727823,
        0.10628510266542435,
        0.1811322383582592,
        -0.2001418173313141,
        0.0,
        -0.16636863350868225,
        0.11219740845263004,
        0.12442612089216709,
        0.026949592866003513,
        0.09950745850801468,
        0.19208161160349846,
        -0.19983138889074326,
        0.0,
        -0.1702451892197132,
        0.11877740733325481,
        0.12466355226933956,
        0.026059169322252274,
        0.0987014826387167,
        0.1953662559390068,
        -0.20172163844108582,
        0.0,
        -0.17379825934767723,
        0.11410568840801716,
        0.12735089287161827,
        0.023509834427386522,
        0.10181190446019173,
        0.18939226865768433,
        -0.20541226491332054,
        0.0,
        -0.1761380396783352,
        0.10651285760104656,
        0.1315694209188223,
        0.023424082901328802,
        0.1037539541721344,
        0.1865987665951252,
        -0.20893700420856476,
        0.0,
        -0.18298497423529625,
        0.0958850048482418,
        0.14026401564478874,
        0.020818402990698814,
        0.1149475947022438,
        0.1782095804810524,
        -0.22156687453389168,
        0.0
    ],
    "retrieved_2_prompt": "pick up the poke ball and put it in the bowl",