{
    "query_state": [
        0.028381962329149246,
        -0.08475208282470703,
        -0.06281066685914993,
        -2.4941766262054443,
        -0.055513229221105576,
        2.3184056282043457,
        0.093193918466568,
        0.0
    ],
    "query_prompt": "rnp",
    "inference_time": true,
    "retrieved_0_state": [
        0.02969742938876152,
        0.46066588163375854,
        -0.07481700927019119,
        -2.420647621154785,
        -0.149260476231575,
        2.7260971069335938,
        0.12529109418392181,
        0.0
    ],
    "retrieved_0_actions": [
        0.117306187748909,
        0.006390336784534156,
        -0.1297336257994175,
        -0.08903201669454575,
        -0.025844830088317394,
        0.1728910207748413,
        0.08523448370397091,
        0.0,
        0.12115892954170704,
        -0.0003406876203371212,
        -0.1263306848704815,
        -0.0908483937382698,
        -0.019743104930967093,
        0.14422605745494366,
        0.09730933234095573,
        0.0,
        0.11333437636494637,
        -0.005983670707792044,
        -0.11996454559266567,
        -0.09011738002300262,
        -0.014070137403905392,
        0.13086712919175625,
        0.08715267293155193,
        0.0,
        0.10242277756333351,
        0.005287454114295542,
        -0.11258414946496487,
        -0.07870393805205822,
        -0.018229837296530604,
        0.1445345114916563,
        0.05831723567098379,
        0.0,
        0.09066487662494183,
        0.018779380479827523,
        -0.10573525913059711,
        -0.06619037594646215,
        -0.017816672334447503,
        0.16250532120466232,
        0.03848881693556905,
        0.0,
        0.07119967602193356,
        0.0185969949234277,
        -0.08493570610880852,
        -0.0679318280890584,
        -0.002061367849819362,
        0.17679985612630844,
        0.01267315587028861,
        0.0,
        0.06792884785681963,
        0.011098171817138791,
        -0.07719520013779402,
        -0.07742329500615597,
        0.00674283248372376,
        0.18068911507725716,
        0.01067929551936686,
        0.0,
        0.06803018972277641,
        0.0025538363843224943,
        -0.07188898511230946,
        -0.08391420356929302,
        0.01430232310667634,
        0.1696552336215973,
        0.012508167419582605,
        0.0,
        0.07482341956347227,
        -0.010165213607251644,
        -0.07646992802619934,
        -0.08297102525830269,
        0.013503783848136663,
        0.13211987912654877,
        0.021289153955876827,
        0.0,
        0.060003744438290596,
        -0.06115846335887909,
        -0.05314923357218504,
        -0.12057886458933353,
        0.04102415405213833,
        0.10675244964659214,
        0.009423102019354701,
        0.0
    ],
    "retrieved_0_prompt": "move the idli plate forwards",
    "final_image_shape": [
        448,
        448,
        3
    ]
}