{
    "query_state": [
        -0.09172948449850082,
        0.5639156103134155,
        -0.04418537765741348,
        -1.7856031656265259,
        -0.021350201219320297,
        2.187626838684082,
        -0.21307465434074402,
        0.004405309125900536
    ],
    "query_prompt": "pick up the poke ball and put it in the bowl",
    "inference_time": true,
    "retrieved_0_state": [
        -0.2310614138841629,
        0.3299238681793213,
        -0.08563351631164551,
        -1.9987599849700928,
        0.04710197448730469,
        2.3082151412963867,
        -0.3810598850250244,
        0.0
    ],
    "retrieved_0_actions": [
        0.06467138882726431,
        0.16102399677038193,
        0.02658257493749261,
        0.13905257917940617,
        -0.05269885528832674,
        0.08086570538580418,
        0.08045642636716366,
        0.0,
        0.04638623911887407,
        0.14318617060780525,
        0.03429771400988102,
        0.11443030089139938,
        -0.037583739031106234,
        0.11142185889184475,
        0.07583932485431433,
        0.0,
        0.030886053573340178,
        0.13651139102876186,
        0.031124860979616642,
        0.10137157514691353,
        -0.04011180251836777,
        0.12481736950576305,
        0.07515417877584696,
        0.0,
        0.013256038073450327,
        0.13908774591982365,
        0.019995125476270914,
        0.1023450680077076,
        -0.04332762211561203,
        0.12604056857526302,
        0.07685684598982334,
        0.0,
        -0.008010517340153456,
        0.1495254784822464,
        0.0077925954246893525,
        0.10962703265249729,
        -0.04287991672754288,
        0.13024797663092613,
        0.07574668619781733,
        0.0,
        -0.02339144703000784,
        0.15966033563017845,
        0.001593353517819196,
        0.1159180048853159,
        -0.04970878828316927,
        0.1367371715605259,
        0.06367669440805912,
        0.0,
        -0.03649456659331918,
        0.16267891973257065,
        0.0072796380845829844,
        0.12175389565527439,
        -0.04510599188506603,
        0.13236402533948421,
        0.048577217385172844,
        0.0,
        -0.05170985125005245,
        0.16942227259278297,
        0.017649069195613265,
        0.12873291969299316,
        -0.03036984009668231,
        0.12810911983251572,
        0.036299817729741335,
        0.0,
        -0.055203018710017204,
        0.16457116231322289,
        0.02344813896343112,
        0.133377555757761,
        -0.031211217865347862,
        0.10695673525333405,
        0.03867576364427805,
        0.0,
        -0.05309530533850193,
        0.1568746566772461,
        0.027425375301390886,
        0.12819071300327778,
        -0.038990064058452845,
        0.09872176684439182,
        0.04309789277613163,
        0.0
    ],
    "retrieved_0_prompt": "pick up the poke ball and put it in the bowl",
    "retrieved_1_state": [
        -0.2241344302892685,
        0.34353381395339966,
        -0.08440897613763809,
        -1.9909911155700684,
        0.04710043966770172,
        2.3102505207061768,
        -0.3807521164417267,
        0.0
    ],
    "retrieved_1_actions": [
        0.04638623911887407,
        0.14318617060780525,
        0.03429771400988102,
        0.11443030089139938,
        -0.037583739031106234,
        0.11142185889184475,
        0.07583932485431433,
        0.0,
        0.030886053573340178,
        0.13651139102876186,
        0.031124860979616642,
        0.10137157514691353,
        -0.04011180251836777,
        0.12481736950576305,
        0.07515417877584696,
        0.0,
        0.013256038073450327,
        0.13908774591982365,
        0.019995125476270914,
        0.1023450680077076,
        -0.04332762211561203,
        0.12604056857526302,
        0.07685684598982334,
        0.0,
        -0.008010517340153456,
        0.1495254784822464,
        0.0077925954246893525,
        0.10962703265249729,
        -0.04287991672754288,
        0.13024797663092613,
        0.07574668619781733,
        0.0,
        -0.02339144703000784,
        0.15966033563017845,
        0.001593353517819196,
        0.1159180048853159,
        -0.04970878828316927,
        0.1367371715605259,
        0.06367669440805912,
        0.0,
        -0.03649456659331918,
        0.16267891973257065,
        0.0072796380845829844,
        0.12175389565527439,
        -0.04510599188506603,
        0.13236402533948421,
        0.048577217385172844,
        0.0,
        -0.05170985125005245,
        0.16942227259278297,
        0.017649069195613265,
        0.12873291969299316,
        -0.03036984009668231,
        0.12810911983251572,
        0.036299817729741335,
        0.0,
        -0.055203018710017204,
        0.16457116231322289,
        0.02344813896343112,
        0.133377555757761,
        -0.031211217865347862,
        0.10695673525333405,
        0.03867576364427805,
        0.0,
        -0.05309530533850193,
        0.1568746566772461,
        0.027425375301390886,
        0.12819071300327778,
        -0.038990064058452845,
        0.09872176684439182,
        0.04309789277613163,
        0.0,
        -0.05605272017419338,
        0.14425696805119514,
        0.032754738349467516,
        0.12293541803956032,
        -0.039626569487154484,
        0.08945226669311523,
        0.043187751434743404,
        0.0
    ],
    "retrieved_1_prompt": "pick up the poke ball and put it in the bowl",
    "retrieved_2_state": [
        -0.24976851046085358,
        0.304216206073761,
        -0.09692654758691788,
        -2.157982110977173,
        0.030985618010163307,
        2.4747955799102783,
        -0.3091880977153778,
        0.0
    ],
    "retrieved_2_actions": [
        0.0038895729812793434,
        0.030320980586111546,
        0.035854773595929146,
        -0.004489328421186656,
        0.04347511567175388,
        -0.03459961386397481,
        -0.18925976008176804,
        0.0,
        0.0037384266033768654,
        0.005379777867347002,
        0.010331280063837767,
        -0.04081172402948141,
        0.02052544616162777,
        -0.0015582180640194565,
        -0.14499354176223278,
        0.0,
        -0.02430322812870145,
        -0.01682860078290105,
        0.0034920708276331425,
        -0.08000509813427925,
        0.03805425018072128,
        -0.006228852435015142,
        -0.17391426488757133,
        0.0,
        -0.048388116993010044,
        -0.033664051443338394,
        0.010096693877130747,
        -0.11494766920804977,
        0.047198766842484474,
        -0.049170651473104954,
        -0.23763731122016907,
        0.0,
        -0.05965071730315685,
        -0.07461605127900839,
        0.01150639378465712,
        -0.17149340361356735,
        0.043053580448031425,
        -0.03431514836847782,
        -0.2654959075152874,
        0.0,
        -0.056577506475150585,
        -0.10334019549190998,
        0.002642605104483664,
        -0.2081286534667015,
        0.02966303378343582,
        0.006345372530631721,
        -0.23527955636382103,
        0.0,
        -0.0390937365591526,
        -0.11103739030659199,
        -0.022567487321794033,
        -0.2294718660414219,
        -0.0076132878893986344,
        0.10387989692389965,
        -0.15635056421160698,
        0.0,
        -0.04596613347530365,
        -0.09421512484550476,
        -0.022265624720603228,
        -0.1987827755510807,
        0.00568221730645746,
        0.13720178045332432,
        -0.1432284526526928,
        0.0,
        -0.05214970093220472,
        -0.07722991518676281,
        -0.016503004590049386,
        -0.15444574877619743,
        0.014739457983523607,
        0.1492500863969326,
        -0.14994810335338116,
        0.0,
        -0.048118941485881805,
        -0.06518565118312836,
        -0.014919006498530507,
        -0.12106627225875854,
        0.008304691291414201,
        0.154355950653553,
        -0.1439037173986435,
        0.0
    ],