{
    "query_state": [
        -0.12785854935646057,
        -0.3936591148376465,
        -0.020520098507404327,
        -2.2072811126708984,
        -0.05975473299622536,
        1.958333969116211,
        0.1046563982963562,
        0.9911894276295312
    ],
    "query_prompt": "pick up the pokeball and put it in the bowl",
    "inference_time": true,
    "retrieved_0_state": [
        -0.022906102240085602,
        -0.6073131561279297,
        -0.005619303788989782,
        -2.5165202617645264,
        -0.08715697377920151,
        2.016315460205078,
        0.059539929032325745,
        0.9162995593989643
    ],
    "retrieved_0_actions": [
        -0.12753520160913467,
        -0.20141059532761574,
        -0.09505447931587696,
        0.07179468870162964,
        -0.07148144766688347,
        -0.21110352128744125,
        -0.12019987218081951,
        0.9790748898497411,
        -0.1361608412116766,
        -0.1330706663429737,
        -0.1214112900197506,
        0.05528242327272892,
        -0.07758583407849073,
        -0.14446736313402653,
        -0.1290365867316723,
        0.9790748898497411,
        -0.14208083041012287,
        -0.08757445029914379,
        -0.14132468961179256,
        0.03827291773632169,
        -0.08068494498729706,
        -0.0885496474802494,
        -0.1373535953462124,
        0.9790748898497411,
        -0.14388922601938248,
        -0.05736012011766434,
        -0.15102647244930267,
        0.03068356541916728,
        -0.08267858065664768,
        -0.0534695154055953,
        -0.14382513239979744,
        0.9790748898497411,
        -0.1389766950160265,
        -0.03773149102926254,
        -0.1498050894588232,
        0.028318902477622032,
        -0.07782836444675922,
        -0.030439214315265417,
        -0.14683855697512627,
        0.9790748898497411,
        -0.12441428378224373,
        0.04991716239601374,
        -0.13678760267794132,
        -0.06268052384257317,
        -0.0650750333443284,
        0.1544762495905161,
        -0.10840461589396,
        0.9790748898497411,
        -0.12006846256554127,
        0.06318505853414536,
        -0.1287450361996889,
        -0.07443832699209452,
        -0.06411209236830473,
        0.1797098107635975,
        -0.10887999087572098,
        0.9790748898497411,
        -0.11534557677805424,
        0.06861672271043062,
        -0.1208352018147707,
        -0.05889499559998512,
        -0.06201609503477812,
        0.17339086160063744,
        -0.11463066563010216,
        0.9790748898497411,
        -0.12179584242403507,
        0.07302263751626015,
        -0.11666541919112206,
        -0.05348973907530308,
        -0.07128487341105938,
        0.18392914906144142,
        -0.11850535869598389,
        0.9790748898497411,
        -0.12036208994686604,
        0.08323336020112038,
        -0.11736311949789524,
        -0.041768625378608704,
        -0.07588217034935951,
        0.18553413450717926,
        -0.1276038959622383,
        0.9790748898497411
    ],
    "retrieved_0_prompt": "pick up the pokeball and put it in the bowl",
    "retrieved_1_state": [
        -0.01832493580877781,
        -0.5660881996154785,
        -0.0036696218885481358,
        -2.5248489379882812,
        -0.08515103906393051,
        2.052717924118042,
        0.059539392590522766,
        0.9162995593989643
    ],
    "retrieved_1_actions": [
        -0.10778049007058144,
        -0.2942107431590557,
        -0.059975115582346916,
        0.08648436516523361,
        -0.0637682294473052,
        -0.294579342007637,
        -0.10701424442231655,
        0.9790748898497411,
        -0.12753520160913467,
        -0.20141059532761574,
        -0.09505447931587696,
        0.07179468870162964,
        -0.07148144766688347,
        -0.21110352128744125,
        -0.12019987218081951,
        0.9790748898497411,
        -0.1361608412116766,
        -0.1330706663429737,
        -0.1214112900197506,
        0.05528242327272892,
        -0.07758583407849073,
        -0.14446736313402653,
        -0.1290365867316723,
        0.9790748898497411,
        -0.14208083041012287,
        -0.08757445029914379,
        -0.14132468961179256,
        0.03827291773632169,
        -0.08068494498729706,
        -0.0885496474802494,
        -0.1373535953462124,
        0.9790748898497411,
        -0.14388922601938248,
        -0.05736012011766434,
        -0.15102647244930267,
        0.03068356541916728,
        -0.08267858065664768,
        -0.0534695154055953,
        -0.14382513239979744,
        0.9790748898497411,
        -0.1389766950160265,
        -0.03773149102926254,
        -0.1498050894588232,
        0.028318902477622032,
        -0.07782836444675922,
        -0.030439214315265417,
        -0.14683855697512627,
        0.9790748898497411,
        -0.12441428378224373,
        0.04991716239601374,
        -0.13678760267794132,
        -0.06268052384257317,
        -0.0650750333443284,
        0.1544762495905161,
        -0.10840461589396,
        0.9790748898497411,
        -0.12006846256554127,
        0.06318505853414536,
        -0.1287450361996889,
        -0.07443832699209452,
        -0.06411209236830473,
        0.1797098107635975,
        -0.10887999087572098,
        0.9790748898497411,
        -0.11534557677805424,
        0.06861672271043062,
        -0.1208352018147707,
        -0.05889499559998512,
        -0.06201609503477812,
        0.17339086160063744,
        -0.11463066563010216,
        0.9790748898497411,
        -0.12179584242403507,
        0.07302263751626015,
        -0.11666541919112206,
        -0.05348973907530308,
        -0.07128487341105938,
        0.18392914906144142,
        -0.11850535869598389,
        0.9790748898497411
    ],
    "retrieved_1_prompt": "pick up the pokeball and put it in the bowl",
    "retrieved_2_state": [
        -0.03222230076789856,
        -0.6362074017524719,
        -0.010641229338943958,
        -2.511770009994507,
        -0.09029415249824524,
        1.9944725036621094,
        0.059483256191015244,
        0.9162995593989643
    ],