{
    "query_state": [
        0.12061440199613571,
        0.5008242130279541,
        -0.08101291954517365,
        -2.213876724243164,
        -0.05193835869431496,
        2.4138519763946533,
        0.1172548159956932,
        0.0
    ],
    "query_prompt": "rnp",
    "inference_time": true,
    "retrieved_0_state": [
        -0.13608206808567047,
        0.37563300132751465,
        -0.14058537781238556,
        -2.403290271759033,
        -0.15615488588809967,
        2.7023074626922607,
        -0.1902686208486557,
        0.0
    ],
    "retrieved_0_actions": [
        -0.0629562558606267,
        -0.053579648956656456,
        -0.01693007885478437,
        -0.11217998340725899,
        -0.07139769848436117,
        0.14252603985369205,
        -0.0635487912222743,
        0.0,
        -0.07150760851800442,
        -0.01805300824344158,
        -0.0047569265007041395,
        -0.08216275833547115,
        -0.05388334393501282,
        0.11253076605498791,
        -0.0764717673882842,
        0.0,
        -0.09111172519624233,
        -0.009493769030086696,
        0.015532196266576648,
        -0.07535787299275398,
        -0.035247139167040586,
        0.09554751217365265,
        -0.12249491177499294,
        0.0,
        -0.09840804152190685,
        -0.042231096886098385,
        0.007296310504898429,
        -0.10424581356346607,
        -0.03794392803683877,
        0.10555826127529144,
        -0.13058973476290703,
        0.0,
        -0.1252551469951868,
        -0.19942635670304298,
        -0.018739058868959546,
        -0.22538818418979645,
        -0.04900722298771143,
        0.09847700595855713,
        -0.16879327595233917,
        0.0,
        -0.14652293175458908,
        -0.2740895748138428,
        -0.0362415611743927,
        -0.283106230199337,
        -0.06219047587364912,
        0.09163158014416695,
        -0.20692609250545502,
        0.0,
        -0.13887636363506317,
        -0.2961268275976181,
        -0.06071785930544138,
        -0.29502516612410545,
        -0.0896204449236393,
        0.08830945938825607,
        -0.20275110378861427,
        0.0,
        -0.13244632631540298,
        -0.29042594134807587,
        -0.06688914261758327,
        -0.2768804505467415,
        -0.09745197370648384,
        0.06961244158446789,
        -0.19904794171452522,
        0.0,
        -0.11943941004574299,
        -0.2795393019914627,
        -0.06540899630635977,
        -0.25098400190472603,
        -0.10084347799420357,
        0.057208226062357426,
        -0.18824152648448944,
        0.0,
        -0.06916945334523916,
        -0.24304328486323357,
        -0.0845706183463335,
        -0.20465586334466934,
        -0.14913530088961124,
        0.04159110598266125,
        -0.12407220900058746,
        0.0
    ],
    "retrieved_0_prompt": "move the idli plate forwards",
    "final_image_shape": [
        448,
        448,
        3
    ]
}