{
    "query_state": [
        0.0550888329744339,
        0.37019217014312744,
        -0.028253724798560143,
        -1.9112443923950195,
        -0.08856874704360962,
        2.1363751888275146,
        0.31596872210502625,
        0.0
    ],
    "query_prompt": "pick up the poke ball and put it in the tray",
    "inference_time": true,
    "retrieved_0_state": [
        0.04927341639995575,
        0.3570527136325836,
        0.0025127390399575233,
        -2.02264666557312,
        -0.04004121571779251,
        2.6502795219421387,
        0.01814812794327736,
        0.6651982375958572
    ],
    "retrieved_0_actions": [
        [
            -0.10267150588333607,
            -0.5292201787233353,
            -0.3279837965965271,
            -0.5520087108016014,
            -0.310699250549078,
            -0.05208037793636322,
            0.2308700792491436,
            0.9151982375958572
        ],
        [
            -0.10871373116970062,
            -0.4106704518198967,
            -0.30064724385738373,
            -0.46188995242118835,
            -0.35636328160762787,
            -0.05234330426901579,
            0.270211361348629,
            0.9151982375958572
        ],
        [
            -0.10771915316581726,
            -0.3179715573787689,
            -0.250037107616663,
            -0.3700186312198639,
            -0.35450462251901627,
            -0.06752506364136934,
            0.2752826176583767,
            0.9151982375958572
        ],
        [
            -0.10292715393006802,
            -0.24783426895737648,
            -0.19466271623969078,
            -0.2802656590938568,
            -0.32020505517721176,
            -0.09623530320823193,
            0.26990989223122597,
            0.9151982375958572
        ],
        [
            -0.0870190467685461,
            -0.20334335044026375,
            -0.13529757969081402,
            -0.1990416832268238,
            -0.2677129954099655,
            -0.13108382001519203,
            0.2420409396290779,
            0.41519823759585717
        ],
        [
            -0.06092661526054144,
            -0.1828981377184391,
            -0.09726152755320072,
            -0.1485108584165573,
            -0.2542495168745518,
            -0.14146111905574799,
            0.2359442412853241,
            0.3667400782591447
        ],
        [
            -0.03623645752668381,
            -0.18092557787895203,
            -0.07053425535559654,
            -0.11818494647741318,
            -0.24828914552927017,
            -0.143389655277133,
            0.23571621626615524,
            0.22577093128837977
        ],
        [
            -0.015872924122959375,
            -0.19345572218298912,
            -0.05960118491202593,
            -0.10726039297878742,
            -0.2555319294333458,
            -0.15419024042785168,
            0.24718984961509705,
            0.098017624041428
        ],
        [
            -0.0004213765714666806,
            -0.20547140389680862,
            -0.051860385574400425,
            -0.10239856317639351,
            -0.2644459716975689,
            -0.16507430002093315,
            0.24903537705540657,
            0.0
        ],
        [
            0.012285879347473383,
            -0.27572279796004295,
            -0.04283133428543806,
            -0.0565142510458827,
            -0.25759266689419746,
            -0.2716793306171894,
            0.2245381474494934,
            0.0
        ],
        [
            0.02059072721749544,
            -0.288999080657959,
            -0.02285247202962637,
            -0.0434174994006753,
            -0.26336420327425003,
            -0.2720864862203598,
            0.2109803818166256,
            0.0
        ],
        [
            0.01818812917917967,
            -0.28224553912878036,
            0.011013586772605777,
            -0.029190548229962587,
            -0.2523413486778736,
            -0.26737766340374947,
            0.19501451402902603,
            0.0
        ],
        [
            0.009920246666297317,
            -0.26307767257094383,
            0.05851896479725838,
            -0.02113279653713107,
            -0.22862117737531662,
            -0.2608589641749859,
            0.14140144921839237,
            0.0
        ],
        [
            0.0,
            0.0,
            0.0,
            0.0,
            0.0,
            0.0,
            0.0,
            0.0
        ],
        [
            0.0,
            0.0,
            0.0,
            0.0,
            0.0,
            0.0,
            0.0,
            0.0
        ]
    ],
    "retrieved_0_prompt": "pick up the poke ball and put it in the tray",
    "retrieved_1_state": [
        0.06513399630784988,
        0.6190098524093628,
        -0.011479588225483894,
        -1.7985782623291016,
        -0.11722275614738464,
        2.476778745651245,
        0.09059768915176392,
        0.0
    ],