{
    "query_state": [
        0.19832076132297516,
        0.5488706231117249,
        0.07051198184490204,
        -1.8142480850219727,
        -0.10341323167085648,
        2.218154191970825,
        0.3989557921886444,
        0.0
    ],
    "query_prompt": "pick up the poke ball and put it in the tray",
    "inference_time": true,
    "retrieved_0_state": [
        0.24539153277873993,
        0.4177214205265045,
        -0.018342891708016396,
        -1.9459930658340454,
        -0.16459298133850098,
        2.407336473464966,
        0.32547417283058167,
        0.0
    ],
    "retrieved_0_actions": [
        [
            -0.020515224896371365,
            0.12475311756134033,
            0.02096106531098485,
            -0.01458910875953734,
            -0.10110081173479557,
            0.10815325193107128,
            0.07477047387510538,
            0.0
        ],
        [
            0.007946842233650386,
            0.13994532637298107,
            0.0008143238665070385,
            -0.020580196287482977,
            -0.1458605844527483,
            0.14762524515390396,
            0.09030627086758614,
            0.0
        ],
        [
            0.03041656455025077,
            0.12808453291654587,
            -0.020454865880310535,
            -0.004001824127044529,
            -0.17523296177387238,
            0.14745838940143585,
            0.090815844014287,
            0.0
        ],
        [
            0.04878776613622904,
            0.11934098787605762,
            -0.0395533861592412,
            0.014883812982589006,
            -0.20733630284667015,
            0.1680404506623745,
            0.07402203511446714,
            0.0
        ],
        [
            0.0474008871242404,
            0.11715909466147423,
            -0.04068854730576277,
            0.028900813776999712,
            -0.19082626327872276,
            0.19628791138529778,
            0.032957340590655804,
            0.0
        ],
        [
            0.0410525081679225,
            0.10754444636404514,
            -0.03780588274821639,
            0.03523450577631593,
            -0.13610457070171833,
            0.18696021288633347,
            0.025472964625805616,
            0.0
        ],
        [
            0.04938299302011728,
            0.09073656983673573,
            -0.04802005831152201,
            0.021549398079514503,
            -0.11724120005965233,
            0.17128800973296165,
            0.029677394777536392,
            0.25
        ],
        [
            0.05281038582324982,
            0.051589482463896275,
            -0.05824508145451546,
            -0.013258320977911353,
            -0.1151876151561737,
            0.16322409734129906,
            0.026218490675091743,
            0.31167397714705347
        ],
        [
            0.04805346019566059,
            -0.013650389155372977,
            -0.0699069770053029,
            -0.03889955813065171,
            -0.1128343865275383,
            0.13491693884134293,
            0.023498006630688906,
            0.4438326373468501
        ],
        [
            0.03528290428221226,
            -0.07618256844580173,
            -0.07684395182877779,
            -0.0673804059624672,
            -0.10622048750519753,
            0.11180759407579899,
            0.013051250716671348,
            0.5671806354679013
        ],
        [
            0.003911317035090178,
            -0.16908938065171242,
            -0.08295555599033833,
            -0.13784698210656643,
            -0.09432196617126465,
            0.1050653588026762,
            -0.006305884453468025,
            0.6861233682899962
        ],
        [
            -0.04115505609661341,
            -0.29627496376633644,
            -0.08478670381009579,
            -0.23358328267931938,
            -0.07423162925988436,
            0.08440116420388222,
            -0.02810769947245717,
            0.7874449522623775
        ],
        [
            -0.08624427951872349,
            -0.42480848729610443,
            -0.07757432758808136,
            -0.32562974840402603,
            -0.05013209767639637,
            0.05273002199828625,
            -0.054805162362754345,
            0.8887665143212867
        ],
        [
            -0.1471427083015442,
            -0.6369844824075699,
            -0.07626947946846485,
            -0.46934034675359726,
            -0.025217276997864246,
            -0.025634141638875008,
            -0.08461009711027145,
            0.9240088120207139
        ],
        [
            -0.1728731393814087,
            -0.7479467988014221,
            -0.09040843695402145,
            -0.5489525571465492,
            -0.04313657991588116,
            -0.07106729783117771,
            -0.06896272767335176,
            0.9691629840346331
        ]
    ],
    "retrieved_0_prompt": "pick up the poke ball and put it in the tray",
    "retrieved_1_state": [
        0.24538269639015198,
        0.4152928292751312,
        -0.01878390461206436,
        -1.9459662437438965,
        -0.16460657119750977,
        2.40708065032959,
        0.32548537850379944,
        0.0
    ],