{
    "query_state": [
        0.09726402908563614,
        0.1321188062429428,
        0.15920741856098175,
        -2.176875591278076,
        -0.09221550822257996,
        2.2216081619262695,
        0.3297685384750366,
        0.0
    ],
    "query_prompt": "pick up the poke ball and put it in the tray",
    "inference_time": true,
    "retrieved_0_state": [
        0.10738379508256912,
        0.1391800493001938,
        0.13475990295410156,
        -2.399183511734009,
        -0.18963728845119476,
        2.6149158477783203,
        0.11674649268388748,
        0.0
    ],
    "retrieved_0_actions": [
        [
            0.18756860867142677,
            0.5827471613883972,
            -0.1708737574517727,
            0.47299209982156754,
            -0.3226146847009659,
            0.09099500253796577,
            0.1683458313345909,
            0.0
        ],
        [
            0.19793234765529633,
            0.5217399820685387,
            -0.14808586798608303,
            0.46298980712890625,
            -0.1348426751792431,
            0.07524261716753244,
            0.06628306582570076,
            0.0
        ],
        [
            0.2025192603468895,
            0.4633074626326561,
            -0.14567198231816292,
            0.45846186578273773,
            -0.08122663013637066,
            0.05248197354376316,
            0.021914932876825333,
            0.0
        ],
        [
            0.22432228550314903,
            0.40384307503700256,
            -0.17146747559309006,
            0.48272252082824707,
            -0.11407747864723206,
            -0.0007999585795914754,
            0.011714538559317589,
            0.0
        ],
        [
            0.24092048406600952,
            0.32578859478235245,
            -0.20970148965716362,
            0.4427999258041382,
            -0.17113607376813889,
            -0.02086531138047576,
            0.020452160388231277,
            0.0
        ],
        [
            0.22349780425429344,
            0.2480749599635601,
            -0.21361568942666054,
            0.37507638335227966,
            -0.1717822626233101,
            -0.02503559459000826,
            0.012218133779242635,
            0.25
        ],
        [
            0.1913372427225113,
            0.1657285913825035,
            -0.1945645920932293,
            0.2968892455101013,
            -0.15119937248528004,
            -0.043337903916835785,
            -0.009705263655632734,
            0.2940529159512283
        ],
        [
            0.15390900894999504,
            0.11049265041947365,
            -0.17949141561985016,
            0.15973271802067757,
            -0.13917190954089165,
            0.026987504679709673,
            -0.01338705769740045,
            0.4218061793712359
        ],
        [
            0.1110968180000782,
            0.033545647747814655,
            -0.14906815253198147,
            0.06593483034521341,
            -0.10433835908770561,
            0.020247476641088724,
            -0.030833766795694828,
            0.5363436030674303
        ],
        [
            0.0803834106773138,
            -0.07677451707422733,
            -0.13908331282436848,
            -0.032079669181257486,
            -0.0897795706987381,
            0.007862045313231647,
            -0.03341562347486615,
            0.6552863358895252
        ],
        [
            0.052413810044527054,
            -0.23228418081998825,
            -0.13936013914644718,
            -0.14574367552995682,
            -0.07374334614723921,
            -0.019051600247621536,
            -0.026034226175397635,
            0.7389867710121929
        ],
        [
            0.05972918123006821,
            -0.48308659344911575,
            -0.21964296698570251,
            -0.3051907941699028,
            -0.15699930489063263,
            -0.13175065629184246,
            0.05884585902094841,
            0.8535242385353315
        ],
        [
            -0.007073614397086203,
            -0.6309793144464493,
            -0.23735564202070236,
            -0.3748689591884613,
            -0.1843145675957203,
            -0.21586457267403603,
            0.03622059943154454,
            0.8623348129601884
        ],
        [
            -0.07943276315927505,
            -0.7013820111751556,
            -0.26838110759854317,
            -0.39730701595544815,
            -0.2515857294201851,
            -0.2527126483619213,
            0.05591298919171095,
            0.8843612271088583
        ],
        [
            -0.16386795789003372,
            -0.6973426789045334,
            -0.27148837223649025,
            -0.3913700208067894,
            -0.3098452091217041,
            -0.25770943611860275,
            0.09717080742120743,
            0.9372246736579992
        ]
    ],
    "retrieved_0_prompt": "pick up the poke ball and put it in the tray",
    "retrieved_1_state": [
        0.12217335402965546,
        0.1646246612071991,
        0.1065787523984909,
        -2.3747105598449707,
        0.14429764449596405,
        2.7600159645080566,
        -0.021771607920527458,
        0.0
    ],