{
    "query_state": [
        -0.015343304723501205,
        0.3096252679824829,
        -0.04382630065083504,
        -2.323312282562256,
        -0.08845193684101105,
        2.7533981800079346,
        0.30660998821258545,
        0.0220264579756142
    ],
    "query_prompt": "pick up the poke ball and put it in the tray",
    "inference_time": true,
    "retrieved_0_state": [
        -0.08505763858556747,
        0.30217188596725464,
        -0.012273063883185387,
        -2.3767411708831787,
        -0.2829091548919678,
        3.0608019828796387,
        0.057253774255514145,
        0.0
    ],
    "retrieved_0_actions": [
        [
            0.1988907903432846,
            0.5905428528785706,
            -0.015182490460574627,
            0.5760499462485313,
            0.41016288101673126,
            0.08436203002929688,
            -0.10517497546970844,
            0.0
        ],
        [
            0.18924906849861145,
            0.49330562353134155,
            -0.017733818385750055,
            0.5869833752512932,
            0.3498462587594986,
            0.005364069365896285,
            -0.09652901440858841,
            0.0
        ],
        [
            0.16393601894378662,
            0.4245200380682945,
            -0.02987423911690712,
            0.5513929203152657,
            0.29384415596723557,
            -0.03659480717033148,
            -0.09213948622345924,
            0.0
        ],
        [
            0.1326008141040802,
            0.35135913640260696,
            -0.04019900690764189,
            0.47549769282341003,
            0.24314137175679207,
            -0.05086755380034447,
            -0.09819271042943001,
            0.25
        ],
        [
            0.12602495960891247,
            0.2757331170141697,
            -0.07056581787765026,
            0.4061170294880867,
            0.20169483497738838,
            -0.07598311640322208,
            -0.10000892914831638,
            0.31167397714705347
        ],
        [
            0.08998105302453041,
            0.19610416144132614,
            -0.07360624615103006,
            0.3193579241633415,
            0.18343610689044,
            -0.08244594559073448,
            -0.11153431609272957,
            0.435022019095049
        ],
        [
            0.036976379342377186,
            0.08863432332873344,
            -0.04931381903588772,
            0.23030275478959084,
            0.18186789005994797,
            -0.11019294150173664,
            -0.1338642742484808,
            0.5451541774922871
        ],
        [
            0.032590487971901894,
            -0.0718477601185441,
            -0.08272305130958557,
            0.10303191840648651,
            0.16388894990086555,
            -0.15277575701475143,
            -0.13655690476298332,
            0.6596916450154258
        ],
        [
            -0.001393432030454278,
            -0.32399430871009827,
            -0.027058410923928022,
            -0.03266418585553765,
            0.15967557206749916,
            -0.27950696647167206,
            -0.17508819699287415,
            0.7566079198619066
        ],
        [
            -0.04438148811459541,
            -0.5539797618985176,
            0.018268232233822346,
            -0.24275913834571838,
            0.15375315211713314,
            -0.3170795366168022,
            -0.21375682204961777,
            0.8535242385353315
        ],
        [
            -0.0836095493286848,
            -0.7789425551891327,
            0.025018248707056046,
            -0.4688849672675133,
            0.15471093356609344,
            -0.35944756120443344,
            -0.23189444094896317,
            0.8843612271088583
        ],
        [
            -0.1137765683233738,
            -0.9121754765510559,
            -0.01660811947658658,
            -0.5534889921545982,
            0.15148412436246872,
            -0.4021555930376053,
            -0.24141574278473854,
            0.9063876631710004
        ],
        [
            -0.059252381324768066,
            -0.8408451080322266,
            -0.18026212230324745,
            -0.5418264493346214,
            0.04714219830930233,
            -0.3427072986960411,
            -0.19879359751939774,
            0.9107929503834288
        ],
        [
            -0.03405018476769328,
            -0.7018722593784332,
            -0.33080432564020157,
            -0.5027987435460091,
            -0.11445236392319202,
            -0.26747146621346474,
            -0.10846780613064766,
            0.9107929503834288
        ],
        [
            -0.05462354514747858,
            -0.5365237221121788,
            -0.3909115493297577,
            -0.4384728893637657,
            -0.3070727176964283,
            -0.21071083843708038,
            -0.003840316494461149,
            0.9107929503834288
        ]
    ],
    "retrieved_0_prompt": "pick up the poke ball and put it in the tray",
    "retrieved_1_state": [
        0.1356946974992752,
        0.4547373652458191,
        -0.1756894290447235,
        -2.401961326599121,
        -0.2198885828256607,
        3.1856627464294434,
        0.08903960138559341,
        0.7356828329947118
    ],