{
    "query_state": [
        -0.42346757650375366,
        0.7700976729393005,
        -0.04785054922103882,
        -1.7151503562927246,
        0.16593079268932343,
        2.355254650115967,
        -0.26612958312034607,
        0.0
    ],
    "query_prompt": "move the idli plate to the right",
    "inference_time": true,
    "retrieved_0_state": [
        -0.4510557949542999,
        0.6664865612983704,
        -0.06303110718727112,
        -1.9329627752304077,
        0.13715875148773193,
        2.4737398624420166,
        -0.2854638397693634,
        0.0
    ],
    "retrieved_0_actions": [
        [
            -0.2326405793428421,
            0.42741116136312485,
            0.03128230571746826,
            0.6670891493558884,
            0.22481519728899002,
            -0.28613004833459854,
            -0.2022198960185051,
            0.0
        ],
        [
            -0.22659629583358765,
            0.4223518446087837,
            0.0052827742183580995,
            0.6978897750377655,
            0.21965019404888153,
            -0.28447793796658516,
            -0.16464436426758766,
            0.0
        ],
        [
            -0.231827050447464,
            0.4420749098062515,
            -0.017277897568419576,
            0.7563815265893936,
            0.2190541848540306,
            -0.30763689428567886,
            -0.12773007154464722,
            0.0
        ],
        [
            -0.20994940772652626,
            0.4323313385248184,
            -0.03538586664944887,
            0.7488314062356949,
            0.2100493386387825,
            -0.2744024433195591,
            -0.08251987397670746,
            0.0
        ],
        [
            -0.23166829720139503,
            0.4043335095047951,
            -0.028283155988901854,
            0.7584137469530106,
            0.21113960072398186,
            -0.2940732426941395,
            -0.045677972957491875,
            0.0
        ],
        [
            -0.2354087494313717,
            0.35981688648462296,
            -0.028550983406603336,
            0.7376326620578766,
            0.19257878884673119,
            -0.29156748205423355,
            0.004155268252361566,
            0.0
        ],
        [
            -0.20028254017233849,
            0.30676592141389847,
            -0.01740205567330122,
            0.6634346395730972,
            0.15216038562357426,
            -0.2893035486340523,
            0.028910357505083084,
            0.0
        ],
        [
            -0.08542928844690323,
            0.16692830249667168,
            -0.031838195864111185,
            0.4566323757171631,
            0.04312882665544748,
            -0.26200316846370697,
            0.02508841920644045,
            0.0
        ],
        [
            0.0,
            0.0,
            0.0,
            0.0,
            0.0,
            0.0,
            0.0,
            0.0
        ],
        [
            0.0,
            0.0,
            0.0,
            0.0,
            0.0,
            0.0,
            0.0,
            0.0
        ],
        [
            0.0,
            0.0,
            0.0,
            0.0,
            0.0,
            0.0,
            0.0,
            0.0
        ],
        [
            0.0,
            0.0,
            0.0,
            0.0,
            0.0,
            0.0,
            0.0,
            0.0
        ],
        [
            0.0,
            0.0,
            0.0,
            0.0,
            0.0,
            0.0,
            0.0,
            0.0
        ],
        [
            0.0,
            0.0,
            0.0,
            0.0,
            0.0,
            0.0,
            0.0,
            0.0
        ],
        [
            0.0,
            0.0,
            0.0,
            0.0,
            0.0,
            0.0,
            0.0,
            0.0
        ]
    ],
    "retrieved_0_prompt": "move the idli plate to the right",
    "retrieved_1_state": [
        -0.4270421862602234,
        0.6385247111320496,
        -0.06338555365800858,
        -1.982196569442749,
        0.1284843534231186,
        2.4969027042388916,
        -0.275672972202301,
        0.0
    ],
    "retrieved_1_actions": [
        [
            -0.2524860203266144,
            0.4388255253434181,
            0.05146773066371679,
            0.6579224020242691,
            0.23482982069253922,
            -0.2977737598121166,
            -0.24469153955578804,
            0.0
        ],
        [
            -0.2326405793428421,
            0.42741116136312485,
            0.03128230571746826,
            0.6670891493558884,
            0.22481519728899002,
            -0.28613004833459854,
            -0.2022198960185051,
            0.0
        ],
        [
            -0.22659629583358765,
            0.4223518446087837,
            0.0052827742183580995,
            0.6978897750377655,
            0.21965019404888153,
            -0.28447793796658516,
            -0.16464436426758766,
            0.0
        ],
        [
            -0.231827050447464,
            0.4420749098062515,
            -0.017277897568419576,
            0.7563815265893936,
            0.2190541848540306,
            -0.30763689428567886,
            -0.12773007154464722,
            0.0
        ],
        [
            -0.20994940772652626,
            0.4323313385248184,
            -0.03538586664944887,
            0.7488314062356949,
            0.2100493386387825,
            -0.2744024433195591,
            -0.08251987397670746,
            0.0
        ],
        [
            -0.23166829720139503,
            0.4043335095047951,
            -0.028283155988901854,
            0.7584137469530106,
            0.21113960072398186,
            -0.2940732426941395,
            -0.045677972957491875,
            0.0
        ],
        [
            -0.2354087494313717,
            0.35981688648462296,
            -0.028550983406603336,
            0.7376326620578766,
            0.19257878884673119,
            -0.29156748205423355,
            0.004155268252361566,
            0.0
        ],
        [
            -0.20028254017233849,
            0.30676592141389847,
            -0.01740205567330122,
            0.6634346395730972,
            0.15216038562357426,
            -0.2893035486340523,
            0.028910357505083084,
            0.0
        ],
        [
            -0.08542928844690323,
            0.16692830249667168,
            -0.031838195864111185,
            0.4566323757171631,
            0.04312882665544748,
            -0.26200316846370697,
            0.02508841920644045,
            0.0
        ],
        [
            0.0,
            0.0,
            0.0,
            0.0,
            0.0,
            0.0,
            0.0,
            0.0
        ],
        [
            0.0,
            0.0,
            0.0,
            0.0,
            0.0,
            0.0,
            0.0,
            0.0
        ],
        [
            0.0,
            0.0,
            0.0,
            0.0,
            0.0,
            0.0,
            0.0,
            0.0
        ],
        [
            0.0,
            0.0,
            0.0,
            0.0,
            0.0,
            0.0,
            0.0,
            0.0
        ],
        [
            0.0,
            0.0,
            0.0,
            0.0,
            0.0,
            0.0,
            0.0,
            0.0
        ],
        [
            0.0,
            0.0,
            0.0,
            0.0,
            0.0,
            0.0,
            0.0,
            0.0
        ]
    ],
    "retrieved_1_prompt": "move the idli plate to the right",
    "retrieved_2_state": [
        -0.39875057339668274,
        0.7852840423583984,
        -0.06083356589078903,
        -1.730118989944458,
        0.16479282081127167,
        2.5879976749420166,
        -0.06640801578760147,
        0.0
    ],