{
    "query_state": [
        0.11509762704372406,
        -0.23832085728645325,
        0.04976048693060875,
        -2.7202134132385254,
        0.025417380034923553,
        2.6103622913360596,
        -0.3938432037830353,
        0.40969164501542576
    ],
    "query_prompt": "pick up the pokeball and put it in the bowl",
    "inference_time": true,
    "retrieved_0_state": [
        -0.14763732254505157,
        -0.2725816071033478,
        -0.14755244553089142,
        -2.3865456581115723,
        -0.06518714129924774,
        2.294861078262329,
        0.07048580050468445,
        0.718061684144998
    ],
    "retrieved_0_actions": [
        -0.12909219600260258,
        -0.4325588047504425,
        -0.08773447945713997,
        -0.2836240828037262,
        -0.04503113683313131,
        -0.1527915522456169,
        -0.19550083205103874,
        0.9295154210362495,
        -0.120493583381176,
        -0.4270213842391968,
        -0.08347386494278908,
        -0.25788865983486176,
        -0.057211294770240784,
        -0.16455302014946938,
        -0.1847924292087555,
        0.9295154210362495,
        -0.10656456463038921,
        -0.41509244590997696,
        -0.07579740602523088,
        -0.24557651951909065,
        -0.05893914494663477,
        -0.15399795956909657,
        -0.17586054280400276,
        0.9295154210362495,
        -0.09569406509399414,
        -0.4099377989768982,
        -0.06415202282369137,
        -0.24344082921743393,
        -0.06520791910588741,
        -0.14470023103058338,
        -0.16328947618603706,
        0.9295154210362495,
        -0.0873809028416872,
        -0.3892992436885834,
        -0.05567615386098623,
        -0.23450404405593872,
        -0.07205069996416569,
        -0.12847275473177433,
        -0.15138711780309677,
        0.9295154210362495,
        -0.08226758800446987,
        -0.3487379848957062,
        -0.0511374743655324,
        -0.21228140220046043,
        -0.07384506985545158,
        -0.11864593252539635,
        -0.13918086886405945,
        0.9295154210362495,
        -0.07906108163297176,
        -0.305666271597147,
        -0.04903948865830898,
        -0.19480254501104355,
        -0.07981779053807259,
        -0.10434024967253208,
        -0.13012399896979332,
        0.9295154210362495,
        -0.07727646268904209,
        -0.2675294131040573,
        -0.04897067788988352,
        -0.18831351771950722,
        -0.08641509339213371,
        -0.08913733065128326,
        -0.12281767092645168,
        0.9295154210362495,
        -0.0774458795785904,
        -0.21748630329966545,
        -0.05116588436067104,
        -0.18537411466240883,
        -0.0928054004907608,
        -0.058044884353876114,
        -0.11851528659462929,
        0.9295154210362495,
        -0.07286008913069963,
        -0.16959283500909805,
        -0.057770092971622944,
        -0.17250249162316322,
        -0.08913560770452023,
        -0.030484108719974756,
        -0.11788449250161648,
        0.9295154210362495
    ],
    "retrieved_0_prompt": "pick up the pokeball and place it in the bowl",
    "final_image_shape": [
        448,
        448,
        3
    ]
}