{
    "query_state": [
        -0.002278511878103018,
        -0.22302180528640747,
        0.05278359353542328,
        -2.4459872245788574,
        -0.057660624384880066,
        2.1812264919281006,
        0.1476721167564392,
        0.0
    ],
    "query_prompt": "pick up the pokeball and put it in the bowl",
    "inference_time": true,
    "retrieved_0_state": [
        0.05467109754681587,
        -0.537093997001648,
        0.08110640943050385,
        -2.4927449226379395,
        0.010411037132143974,
        1.9137890338897705,
        0.07063621282577515,
        0.0
    ],
    "retrieved_0_actions": [
        0.1273276936262846,
        0.2099829725921154,
        0.2555595710873604,
        0.13921705074608326,
        0.10221804492175579,
        0.1165681704878807,
        0.3772185370326042,
        0.0,
        0.13136031106114388,
        0.21508082747459412,
        0.23192809894680977,
        0.15085624530911446,
        0.14840898104012012,
        0.11174189858138561,
        0.3979417681694031,
        0.0,
        0.11906854808330536,
        0.22171346470713615,
        0.17994064837694168,
        0.15416924841701984,
        0.1355249620974064,
        0.10000050999224186,
        0.3230656683444977,
        0.0,
        0.10214988142251968,
        0.21784087643027306,
        0.1207187119871378,
        0.1474688295274973,
        0.10558544658124447,
        0.1289673987776041,
        0.21135738119482994,
        0.0,
        0.05953284911811352,
        0.2235621027648449,
        0.08126317523419857,
        0.13913823291659355,
        0.05675636697560549,
        0.16700450330972672,
        0.17655784264206886,
        0.0,
        0.02133658155798912,
        0.194964911788702,
        0.06455651018768549,
        0.1069165114313364,
        0.025836322456598282,
        0.23936625570058823,
        0.2174704521894455,
        0.0,
        0.008828186546452343,
        0.21084696054458618,
        0.07049849722534418,
        0.07379564922302961,
        0.04507184959948063,
        0.31310226768255234,
        0.30297063291072845,
        0.0,
        0.018851489294320345,
        0.2659228816628456,
        0.10354522615671158,
        0.08517401292920113,
        0.051943822763860226,
        0.2968912571668625,
        0.35197772085666656,
        0.0,
        0.041778082959353924,
        0.30262062326073647,
        0.12806592509150505,
        0.10678209364414215,
        0.051921806298196316,
        0.2914722077548504,
        0.3580307960510254,
        0.0,
        0.05666847340762615,
        0.3267019987106323,
        0.13534091413021088,
        0.15111886896193027,
        0.040492014959454536,
        0.27839934453368187,
        0.3628842160105705,
        0.0
    ],
    "retrieved_0_prompt": "pick up the pokeball and put it in the bowl",
    "final_image_shape": [
        448,
        448,
        3
    ]
}