{
    "query_state": [
        0.003644380019977689,
        -0.3858022391796112,
        0.017934342846274376,
        -2.4797089099884033,
        -0.022948024794459343,
        2.0643045902252197,
        0.01094736810773611,
        0.0
    ],
    "query_prompt": "pick up the pokeball and put it in the bowl",
    "inference_time": true,
    "retrieved_0_state": [
        0.08676914870738983,
        -0.5341587662696838,
        0.1350545585155487,
        -2.519732713699341,
        -0.016586778685450554,
        1.9935951232910156,
        0.06629650294780731,
        0.0
    ],
    "retrieved_0_actions": [
        0.0964190624654293,
        0.29088133946061134,
        0.08422926999628544,
        0.13335635885596275,
        0.04221270326524973,
        0.14391116797924042,
        0.12321710586547852,
        0.0,
        0.08180306293070316,
        0.27935927733778954,
        0.07593776565045118,
        0.16062183305621147,
        0.027514914982020855,
        0.10879135690629482,
        0.12319724075496197,
        0.0,
        0.07086701691150665,
        0.25971097871661186,
        0.06991948932409286,
        0.18026689067482948,
        0.013233728241175413,
        0.08241267874836922,
        0.12639466673135757,
        0.0,
        0.06720333825796843,
        0.2459699846804142,
        0.06392787676304579,
        0.19286207854747772,
        0.025929482653737068,
        0.057488433085381985,
        0.1436567958444357,
        0.0,
        0.05858760327100754,
        0.241314098238945,
        0.06968888454139233,
        0.1952947862446308,
        0.01671650097705424,
        0.047869812697172165,
        0.17361024394631386,
        0.0,
        0.04350200295448303,
        0.25916172191500664,
        0.07304154336452484,
        0.1862531714141369,
        0.00415210030041635,
        0.06599471904337406,
        0.20673038437962532,
        0.0,
        0.048995623365044594,
        0.24836931377649307,
        0.060929153114557266,
        0.19501583650708199,
        0.02962128259241581,
        0.03587227547541261,
        0.20701460540294647,
        0.0,
        0.048294360749423504,
        0.27838513255119324,
        0.025927850510925055,
        0.16792761161923409,
        0.0665183737874031,
        0.0883330125361681,
        0.17106810584664345,
        0.0,
        0.04221659619361162,
        0.2991705946624279,
        0.013910029083490372,
        0.15193048864603043,
        0.07760132197290659,
        0.11771484278142452,
        0.15443792566657066,
        0.0,
        0.0427290890365839,
        0.3049909323453903,
        0.010494299931451678,
        0.14833897352218628,
        0.08756840601563454,
        0.11874555610120296,
        0.13962160795927048,
        0.0
    ],
    "retrieved_0_prompt": "pick up the pokeball and put it in the bowl",
    "final_image_shape": [
        448,
        448,
        3
    ]
}