{
    "query_state": [
        0.06630633771419525,
        0.564984917640686,
        -0.12445461004972458,
        -2.21630597114563,
        0.0269029438495636,
        2.818336009979248,
        -0.3043862283229828,
        0.9427312771951667
    ],
    "query_prompt": "pick up the pokeball and put it in the bowl",
    "inference_time": true,
    "retrieved_0_state": [
        0.254797101020813,
        0.04191296175122261,
        0.24224554002285004,
        -2.3796956539154053,
        -0.16393215954303741,
        2.2664380073547363,
        0.39532172679901123,
        0.9779735680466339
    ],
    "retrieved_0_actions": [
        0.000513445666001644,
        8.394406904699281e-05,
        -0.02163475612178445,
        -0.029699832666665316,
        -0.11824301443994045,
        0.14555515721440315,
        -0.004020428459625691,
        0.9944933920116585,
        0.0011592644295888022,
        -0.004367499204818159,
        -0.022873661946505308,
        -0.04034788813441992,
        -0.14356425032019615,
        0.19929423928260803,
        0.01560367876663804,
        0.9944933920116585,
        -0.0006647159898420796,
        -0.0009728218719828874,
        -0.02467676531523466,
        -0.040160808712244034,
        -0.14424101449549198,
        0.22423336282372475,
        0.004837832530029118,
        0.9944933920116585,
        -0.0027336712810210884,
        0.00016764177416916937,
        -0.02811354584991932,
        -0.04894604906439781,
        -0.14917388558387756,
        0.2523527294397354,
        0.017756116576492786,
        0.9944933920116585,
        -0.0016719213454052806,
        0.003157221362926066,
        -0.02930814865976572,
        -0.06041050422936678,
        -0.16725393012166023,
        0.2872851490974426,
        0.029619422275573015,
        0.9944933920116585,
        -0.0030725059332326055,
        0.004819067835342139,
        -0.032062288373708725,
        -0.06743770558387041,
        -0.17048293724656105,
        0.3053251840174198,
        0.024632448330521584,
        0.9944933920116585,
        -0.005486105801537633,
        0.011596205877140164,
        -0.03478325204923749,
        -0.06404122803360224,
        -0.15553689561784267,
        0.30419399961829185,
        0.014194734394550323,
        0.9944933920116585,
        -0.006928085931576788,
        0.013679813127964735,
        -0.03782862797379494,
        -0.06425526924431324,
        -0.14758900739252567,
        0.3036726452410221,
        0.02407160820439458,
        0.9944933920116585,
        -0.008399714133702219,
        0.01849080785177648,
        -0.04040367901325226,
        -0.06675292272120714,
        -0.14202339574694633,
        0.30437974259257317,
        0.025978712365031242,
        0.9944933920116585,
        -0.009091204265132546,
        0.031351742800325155,
        -0.045683751814067364,
        -0.06155733484774828,
        -0.17435427755117416,
        0.2892421931028366,
        0.04879320506006479,
        0.9944933920116585
    ],
    "retrieved_0_prompt": "pick up the pokeball and place it in the bowl",
    "final_image_shape": [
        448,
        448,
        3
    ]
}