{
    "query_state": [
        0.0666523203253746,
        -0.15499329566955566,
        0.04641449823975563,
        -2.2513763904571533,
        -0.0740576907992363,
        1.9509801864624023,
        -0.2782171964645386,
        0.0
    ],
    "query_prompt": "move the squeegee to the right and try to drag it",
    "inference_time": true,
    "retrieved_0_state": [
        0.17684808373451233,
        0.5266814231872559,
        0.1396842896938324,
        -1.75930917263031,
        -0.22732192277908325,
        2.060335397720337,
        -0.2390410304069519,
        0.0
    ],
    "retrieved_0_actions": [
        [
            0.045181335881352425,
            0.524425245821476,
            0.06174732930958271,
            0.5696560442447662,
            -0.12243963778018951,
            0.27394751086831093,
            -0.3290466219186783,
            0.0
        ],
        [
            -0.0003278502481407486,
            0.33257827162742615,
            0.09146462194621563,
            0.34784145653247833,
            -0.07374263368546963,
            0.4641522094607353,
            -0.30916642397642136,
            0.0
        ],
        [
            -0.044306954368948936,
            0.20313294604420662,
            0.10881587862968445,
            0.1670820452272892,
            -0.06065296474844217,
            0.5453792586922646,
            -0.3408452495932579,
            0.0
        ],
        [
            -0.09158219210803509,
            0.14759201556444168,
            0.12003211304545403,
            0.0538349524140358,
            -0.05073061678558588,
            0.5486224591732025,
            -0.38161519914865494,
            0.0
        ],
        [
            -0.1367576513439417,
            0.1610082946717739,
            0.1264525204896927,
            0.03573118709027767,
            -0.028243835549801588,
            0.4560306668281555,
            -0.3878513351082802,
            0.0
        ],
        [
            -0.20722726359963417,
            0.17021039500832558,
            0.15408831648528576,
            -0.0014213491522241384,
            0.013903062790632248,
            0.4115530848503113,
            -0.4168349876999855,
            0.0
        ],
        [
            -0.265086330473423,
            0.1819378137588501,
            0.1771821826696396,
            -0.033002132549881935,
            0.04221732262521982,
            0.3735148534178734,
            -0.42915280908346176,
            0.0
        ],
        [
            -0.3473392501473427,
            0.2209153026342392,
            0.23311082273721695,
            -0.04368769470602274,
            0.11430276557803154,
            0.35194747149944305,
            -0.4666341096162796,
            0.0
        ],
        [
            -0.36957670003175735,
            0.24277567863464355,
            0.25859516113996506,
            -0.012260013027116656,
            0.14272821135818958,
            0.2830009162425995,
            -0.4485056921839714,
            0.0
        ],
        [
            -0.351368747651577,
            0.24738982319831848,
            0.2500711940228939,
            0.008688881061971188,
            0.16617201268672943,
            0.23764651268720627,
            -0.3967181220650673,
            0.0
        ],
        [
            -0.30744023621082306,
            0.2186005376279354,
            0.22932203486561775,
            0.019119936041533947,
            0.17459826543927193,
            0.1852143369615078,
            -0.3443155065178871,
            0.0
        ],
        [
            -0.262797474861145,
            0.1621214672923088,
            0.21236037835478783,
            0.02864036476239562,
            0.1809442602097988,
            0.14145524241030216,
            -0.2794584631919861,
            0.25
        ],
        [
            -0.21533556282520294,
            0.10626517236232758,
            0.18418749794363976,
            0.018658305052667856,
            0.17481260001659393,
            0.11618377640843391,
            -0.23430675268173218,
            0.3028634465491409
        ],
        [
            -0.17517300322651863,
            0.08843004703521729,
            0.14474249444901943,
            0.007769818766973913,
            0.16113746911287308,
            0.1214162539690733,
            -0.19779499620199203,
            0.4262114884971364
        ],
        [
            -0.1468573696911335,
            0.06996517069637775,
            0.1103886030614376,
            -0.020336268935352564,
            0.1461234875023365,
            0.13881887309253216,
            -0.16085879877209663,
            0.5495594866181877
        ]
    ],
    "retrieved_0_prompt": "move the squeegee to the right and try to drag it",
    "retrieved_1_state": [
        0.08832410722970963,
        -0.130167156457901,
        0.040127161890268326,
        -2.275214910507202,
        -0.10824431478977203,
        2.0438735485076904,
        -0.4318397641181946,
        0.0
    ],