{
    "query_state": [
        -0.11378156393766403,
        0.5644835829734802,
        0.11332642287015915,
        -2.089651346206665,
        0.08094608038663864,
        2.52689790725708,
        -0.9141361713409424,
        0.7048458225077129
    ],
    "query_prompt": "move the squeegee to the right and try to drag it",
    "inference_time": true,
    "retrieved_0_state": [
        -0.10865809768438339,
        0.5551537275314331,
        0.10141974687576294,
        -2.0853939056396484,
        0.111725814640522,
        2.600914716720581,
        -0.8499528765678406,
        0.7268722585698549
    ],
    "retrieved_0_actions": [
        [
            -0.4043344035744667,
            0.01428608549758792,
            -0.15297755599021912,
            -0.09132981300354004,
            0.040446799248456955,
            0.06517349742352962,
            0.17257589846849442,
            0.9317180646424638
        ],
        [
            -0.38563232868909836,
            -0.018421844579279423,
            -0.13880143873393536,
            -0.13235210441052914,
            0.08427566848695278,
            0.07122330367565155,
            0.1673603430390358,
            0.9317180646424638
        ],
        [
            -0.35572346299886703,
            -0.0699334591627121,
            -0.11429878883063793,
            -0.18941083922982216,
            0.13753275386989117,
            0.0922781229019165,
            0.17277998849749565,
            0.9317180646424638
        ],
        [
            -0.30237607657909393,
            -0.10023833252489567,
            -0.09976385161280632,
            -0.21874723955988884,
            0.17407221719622612,
            0.10951152071356773,
            0.20498085767030716,
            0.9317180646424638
        ],
        [
            -0.22238094359636307,
            -0.11933991685509682,
            -0.10946509428322315,
            -0.2543260343372822,
            0.18440419808030128,
            0.15448110178112984,
            0.2628892846405506,
            0.9317180646424638
        ],
        [
            -0.08317100815474987,
            -0.12903472408652306,
            -0.17076686024665833,
            -0.25642432272434235,
            0.10526135563850403,
            0.14572184532880783,
            0.4127795621752739,
            0.47687225856985493
        ],
        [
            0.0,
            0.0,
            0.0,
            0.0,
            0.0,
            0.0,
            0.0,
            0.47687225856985493
        ],
        [
            0.0,
            0.0,
            0.0,
            0.0,
            0.0,
            0.0,
            0.0,
            0.47687225856985493
        ],
        [
            0.0,
            0.0,
            0.0,
            0.0,
            0.0,
            0.0,
            0.0,
            0.47687225856985493
        ],
        [
            0.0,
            0.0,
            0.0,
            0.0,
            0.0,
            0.0,
            0.0,
            0.47687225856985493
        ],
        [
            0.0,
            0.0,
            0.0,
            0.0,
            0.0,
            0.0,
            0.0,
            0.47687225856985493
        ],
        [
            0.0,
            0.0,
            0.0,
            0.0,
            0.0,
            0.0,
            0.0,
            0.47687225856985493
        ],
        [
            0.0,
            0.0,
            0.0,
            0.0,
            0.0,
            0.0,
            0.0,
            0.47687225856985493
        ],
        [
            0.0,
            0.0,
            0.0,
            0.0,
            0.0,
            0.0,
            0.0,
            0.47687225856985493
        ],
        [
            0.0,
            0.0,
            0.0,
            0.0,
            0.0,
            0.0,
            0.0,
            0.47687225856985493
        ]
    ],
    "retrieved_0_prompt": "move the squeegee to the right and try to drag it",
    "retrieved_1_state": [
        -0.10842571407556534,
        0.5860814452171326,
        0.10250676423311234,
        -2.0681402683258057,
        -0.08506786078214645,
        2.6876184940338135,
        -0.46592414379119873,
        0.7312775457822833
    ],
    "retrieved_1_actions": [
        [
            -0.27647675946354866,
            0.12739810161292553,
            -0.06729363929480314,
            0.17989911139011383,
            0.06699484772980213,
            -0.08979564532637596,
            -0.05613464396446943,
            0.9328193864455708
        ],
        [
            -0.2582881972193718,
            0.1258106343448162,
            -0.0745574152097106,
            0.16317125409841537,
            0.07363160140812397,
            -0.0982095580548048,
            -0.05629441700875759,
            0.9328193864455708
        ],
        [
            -0.24820266291499138,
            0.11935199610888958,
            -0.08360409177839756,
            0.13089890591800213,
            0.08201459422707558,
            -0.09919635951519012,
            -0.060992552898824215,
            0.9328193864455708
        ],
        [
            -0.23645365610718727,
            0.11641776189208031,
            -0.0822172686457634,
            0.11513975448906422,
            0.09446544572710991,
            -0.10407264344394207,
            -0.06405883003026247,
            0.9328193864455708
        ],
        [
            -0.21187607198953629,
            0.09883617050945759,
            -0.07032959256321192,
            0.08946691639721394,
            0.09996479377150536,
            -0.09530194103717804,
            -0.06578729022294283,
            0.9328193864455708
        ],
        [
            -0.14671473763883114,
            0.09137935936450958,
            -0.0806132797151804,
            0.08288463577628136,
            0.06984293460845947,
            -0.11358247138559818,
            -0.046005453914403915,
            0.9328193864455708
        ],
        [
            -0.08960818871855736,
            0.05556561052799225,
            -0.06323667708784342,
            0.0684742908924818,
            0.05399713292717934,
            -0.13484155759215355,
            -0.04615355748683214,
            0.4812775457822833
        ],
        [
            0.0,
            0.0,
            0.0,
            0.0,
            0.0,
            0.0,
            0.0,
            0.4812775457822833
        ],
        [
            0.0,
            0.0,
            0.0,
            0.0,
            0.0,
            0.0,
            0.0,
            0.4812775457822833
        ],
        [
            0.0,
            0.0,
            0.0,
            0.0,
            0.0,
            0.0,
            0.0,
            0.4812775457822833
        ],
        [
            0.0,
            0.0,
            0.0,
            0.0,
            0.0,
            0.0,
            0.0,
            0.4812775457822833
        ],
        [
            0.0,
            0.0,
            0.0,
            0.0,
            0.0,
            0.0,
            0.0,
            0.4812775457822833
        ],
        [
            0.0,
            0.0,
            0.0,
            0.0,
            0.0,
            0.0,
            0.0,
            0.4812775457822833
        ],
        [
            0.0,
            0.0,
            0.0,
            0.0,
            0.0,
            0.0,
            0.0,
            0.4812775457822833
        ],
        [
            0.0,
            0.0,
            0.0,
            0.0,
            0.0,
            0.0,
            0.0,
            0.4812775457822833
        ]
    ],
    "retrieved_1_prompt": "move the squeegee to the right and try to drag it",