{
    "query_state": [
        0.006264308467507362,
        0.5631020665168762,
        0.1718943864107132,
        -2.113353729248047,
        0.036974627524614334,
        2.5202479362487793,
        -0.960357129573822,
        0.0
    ],
    "query_prompt": "move the squeegee to the right and try to drag it",
    "inference_time": true,
    "retrieved_0_state": [
        -0.0009343939600512385,
        0.5612391233444214,
        0.1837608963251114,
        -2.0850138664245605,
        0.10927864164113998,
        2.6012680530548096,
        -0.9895440340042114,
        0.7224669713574265
    ],
    "retrieved_0_actions": [
        [
            -0.2266947738826275,
            -0.04244294948875904,
            -0.1948614977300167,
            -0.03456108504906297,
            -0.08857599459588528,
            -0.019143893150612712,
            0.4204268753528595,
            0.9350220300517851
        ],
        [
            -0.299898162484169,
            0.003190951538272202,
            -0.1818353496491909,
            -0.016281281132251024,
            -0.07017229218035936,
            0.00019426250219112262,
            0.3429783880710602,
            0.9317180646424638
        ],
        [
            -0.37659432739019394,
            0.029837582260370255,
            -0.1642889343202114,
            -0.02977790543809533,
            -0.028278334066271782,
            0.03467024536803365,
            0.2470937743782997,
            0.9317180646424638
        ],
        [
            -0.3852147236466408,
            0.039613135159015656,
            -0.16151340678334236,
            -0.040724435821175575,
            -0.0017943009152077138,
            0.05322130396962166,
            0.21821048110723495,
            0.9317180646424638
        ],
        [
            -0.4043344035744667,
            0.01428608549758792,
            -0.15297755599021912,
            -0.09132981300354004,
            0.040446799248456955,
            0.06517349742352962,
            0.17257589846849442,
            0.9317180646424638
        ],
        [
            -0.38563232868909836,
            -0.018421844579279423,
            -0.13880143873393536,
            -0.13235210441052914,
            0.08427566848695278,
            0.07122330367565155,
            0.1673603430390358,
            0.9317180646424638
        ],
        [
            -0.35572346299886703,
            -0.0699334591627121,
            -0.11429878883063793,
            -0.18941083922982216,
            0.13753275386989117,
            0.0922781229019165,
            0.17277998849749565,
            0.9317180646424638
        ],
        [
            -0.30237607657909393,
            -0.10023833252489567,
            -0.09976385161280632,
            -0.21874723955988884,
            0.17407221719622612,
            0.10951152071356773,
            0.20498085767030716,
            0.9317180646424638
        ],
        [
            -0.22238094359636307,
            -0.11933991685509682,
            -0.10946509428322315,
            -0.2543260343372822,
            0.18440419808030128,
            0.15448110178112984,
            0.2628892846405506,
            0.9317180646424638
        ],
        [
            -0.08317100815474987,
            -0.12903472408652306,
            -0.17076686024665833,
            -0.25642432272434235,
            0.10526135563850403,
            0.14572184532880783,
            0.4127795621752739,
            0.47687225856985493
        ],
        [
            0.0,
            0.0,
            0.0,
            0.0,
            0.0,
            0.0,
            0.0,
            0.47687225856985493
        ],
        [
            0.0,
            0.0,
            0.0,
            0.0,
            0.0,
            0.0,
            0.0,
            0.47687225856985493
        ],
        [
            0.0,
            0.0,
            0.0,
            0.0,
            0.0,
            0.0,
            0.0,
            0.47687225856985493
        ],
        [
            0.0,
            0.0,
            0.0,
            0.0,
            0.0,
            0.0,
            0.0,
            0.47687225856985493
        ],
        [
            0.0,
            0.0,
            0.0,
            0.0,
            0.0,
            0.0,
            0.0,
            0.47687225856985493
        ]
    ],
    "retrieved_0_prompt": "move the squeegee to the right and try to drag it",
    "retrieved_1_state": [
        0.012267771176993847,
        0.5753366351127625,
        0.13139736652374268,
        -2.0900356769561768,
        -0.08741995692253113,
        2.688201665878296,
        -0.46516504883766174,
        0.7312775457822833
    ],