{
    "query_state": [
        0.043934859335422516,
        0.42376139760017395,
        0.1609756499528885,
        -2.2230584621429443,
        0.04219600558280945,
        2.500647783279419,
        -0.9507153034210205,
        0.0
    ],
    "query_prompt": "move the squeegee to the right and try to drag it",
    "inference_time": true,
    "retrieved_0_state": [
        0.014639210887253284,
        0.41017383337020874,
        0.18084244430065155,
        -2.203705310821533,
        0.11586406081914902,
        2.5540850162506104,
        -1.0673959255218506,
        0.0
    ],
    "retrieved_0_actions": [
        [
            -0.13715839013457298,
            0.35681072622537613,
            0.1253262721002102,
            0.2360253594815731,
            -0.049842484295368195,
            0.13997653499245644,
            -0.1205742172896862,
            0.0
        ],
        [
            -0.13998305425047874,
            0.31143100932240486,
            0.1341046392917633,
            0.24412503466010094,
            -0.06945418659597635,
            0.11621401645243168,
            -0.08680769242346287,
            0.0
        ],
        [
            -0.14405196532607079,
            0.2627813071012497,
            0.14387618750333786,
            0.23781057447195053,
            -0.07680341601371765,
            0.09414521045982838,
            -0.06313889287412167,
            0.0
        ],
        [
            -0.14241323806345463,
            0.2075638622045517,
            0.14777479693293571,
            0.21413233131170273,
            -0.08417587727308273,
            0.09006070904433727,
            -0.036456857342273,
            0.25
        ],
        [
            -0.14336233958601952,
            0.15504448674619198,
            0.14936705119907856,
            0.18234224990010262,
            -0.08235305547714233,
            0.08263031952083111,
            -0.01369886682368815,
            0.31167397714705347
        ],
        [
            -0.13835695572197437,
            0.09941677562892437,
            0.1423891168087721,
            0.1456668134778738,
            -0.08614309132099152,
            0.07238898891955614,
            0.008915955550037324,
            0.4438326373468501
        ],
        [
            -0.14105530455708504,
            0.061223627999424934,
            0.13449068181216717,
            0.12247990816831589,
            -0.07641625124961138,
            0.05058983340859413,
            0.03194499993696809,
            0.5715859007668576
        ],
        [
            -0.10805764235556126,
            0.009578404715284705,
            0.037778220139443874,
            0.09564446285367012,
            -0.08223564364016056,
            0.00027229743864154443,
            0.20961204543709755,
            0.7081497824386661
        ],
        [
            -0.0687482301145792,
            -0.035661705769598484,
            -0.08929542265832424,
            0.040506222285330296,
            -0.09414377622306347,
            -0.014586817706003785,
            0.4265223443508148,
            0.813876675536948
        ],
        [
            -0.10051536373794079,
            -0.07297896314412355,
            -0.196116603910923,
            -0.03295261412858963,
            -0.0956104788929224,
            -0.010401176987215877,
            0.5490300431847572,
            0.9372246736579992
        ],
        [
            -0.2266947738826275,
            -0.04244294948875904,
            -0.1948614977300167,
            -0.03456108504906297,
            -0.08857599459588528,
            -0.019143893150612712,
            0.4204268753528595,
            0.9350220300517851
        ],
        [
            -0.299898162484169,
            0.003190951538272202,
            -0.1818353496491909,
            -0.016281281132251024,
            -0.07017229218035936,
            0.00019426250219112262,
            0.3429783880710602,
            0.9317180646424638
        ],
        [
            -0.37659432739019394,
            0.029837582260370255,
            -0.1642889343202114,
            -0.02977790543809533,
            -0.028278334066271782,
            0.03467024536803365,
            0.2470937743782997,
            0.9317180646424638
        ],
        [
            -0.3852147236466408,
            0.039613135159015656,
            -0.16151340678334236,
            -0.040724435821175575,
            -0.0017943009152077138,
            0.05322130396962166,
            0.21821048110723495,
            0.9317180646424638
        ],
        [
            -0.4043344035744667,
            0.01428608549758792,
            -0.15297755599021912,
            -0.09132981300354004,
            0.040446799248456955,
            0.06517349742352962,
            0.17257589846849442,
            0.9317180646424638
        ]
    ],
    "retrieved_0_prompt": "move the squeegee to the right and try to drag it",
    "retrieved_1_state": [
        0.07869020104408264,
        0.4127599000930786,
        0.12849284708499908,
        -2.229954719543457,
        -0.06714356690645218,
        2.6801328659057617,
        -0.5203086137771606,
        0.0
    ],