{
    "query_state": [
        0.06895433366298676,
        -0.1851138025522232,
        0.0664619728922844,
        -2.260528087615967,
        -0.06575582176446915,
        2.0516953468322754,
        0.1929761916399002,
        0.0
    ],
    "query_prompt": "push the lever on the toaster",
    "inference_time": true,
    "retrieved_0_state": [
        -0.03125416859984398,
        -0.2032940834760666,
        -0.03268759697675705,
        -2.318586826324463,
        -0.05581934377551079,
        2.092723846435547,
        -0.0408206470310688,
        0.11013220222418241
    ],
    "retrieved_0_actions": [
        [
            -0.03599869552999735,
            0.5400952696800232,
            -0.03915020264685154,
            0.42398855090141296,
            -0.08151387795805931,
            0.11867244727909565,
            -0.10423858650028706,
            0.4438326373468501
        ],
        [
            -0.029307270888239145,
            0.49924328923225403,
            -0.031012804247438908,
            0.39122696965932846,
            -0.06680019199848175,
            0.11617192067205906,
            -0.08939948864281178,
            0.5715859007668576
        ],
        [
            -0.023597250692546368,
            0.4355919361114502,
            -0.022803843021392822,
            0.3484858199954033,
            -0.066633066162467,
            0.11880931444466114,
            -0.07724793627858162,
            0.6905286335889526
        ],
        [
            -0.017785760574042797,
            0.36987606436014175,
            -0.015450459904968739,
            0.3059000335633755,
            -0.07159516215324402,
            0.10842448100447655,
            -0.0685200747102499,
            0.813876675536948
        ],
        [
            -0.010698795085772872,
            0.29301393777132034,
            -0.0076155271381139755,
            0.2455388940870762,
            -0.06883867084980011,
            0.09525046683847904,
            -0.08017174899578094,
            0.9328193864455708
        ],
        [
            -0.005220554303377867,
            0.21586187183856964,
            -0.0038244982715696096,
            0.17858333885669708,
            -0.09884500876069069,
            0.10544031858444214,
            -0.05227053537964821,
            1.0
        ],
        [
            -0.0015533855184912682,
            0.16795683652162552,
            -0.008312427089549601,
            0.13011733070015907,
            -0.15957485884428024,
            0.1358969509601593,
            -0.006660177605226636,
            1.0
        ],
        [
            -0.005735151935368776,
            0.1483744289726019,
            -0.01924149109981954,
            0.10996733792126179,
            -0.17746461555361748,
            0.1512343529611826,
            0.018453086959198117,
            1.0
        ],
        [
            -0.016754467505961657,
            0.14303991571068764,
            -0.03251217771321535,
            0.11708494275808334,
            -0.15251410193741322,
            0.12381392531096935,
            0.03235446289181709,
            0.9977973569073828
        ],
        [
            -0.025653725024312735,
            0.13570066541433334,
            -0.040692081674933434,
            0.11794144287705421,
            -0.12229446321725845,
            0.09257417172193527,
            0.03397576045244932,
            0.9977973569073828
        ],
        [
            -0.026864574756473303,
            0.1440474670380354,
            -0.03889629151672125,
            0.11429660022258759,
            -0.09873838163912296,
            0.08105427958071232,
            0.02080265199765563,
            0.9977973569073828
        ],
        [
            -0.01948075252585113,
            0.1569235511124134,
            -0.033339213114231825,
            0.11989559978246689,
            -0.09712982922792435,
            0.07572061382234097,
            0.03265578765422106,
            0.9977973569073828
        ],
        [
            -0.009893857641145587,
            0.16941769048571587,
            -0.023231643717736006,
            0.1298497710376978,
            -0.08288784883916378,
            0.0764338718727231,
            0.035037300549447536,
            0.9977973569073828
        ],
        [
            0.0015802752750460058,
            0.17644761130213737,
            -0.011748120887205005,
            0.14368467032909393,
            -0.074552521109581,
            0.07937556132674217,
            0.037965686060488224,
            0.9977973569073828
        ],
        [
            0.014608274213969707,
            0.18524423241615295,
            -0.004461199278011918,
            0.17246689647436142,
            -0.08748526684939861,
            0.07845851592719555,
            0.04813746549189091,
            0.9977973569073828
        ]
    ],
    "retrieved_0_prompt": "push the lever on the toaster",
    "retrieved_1_state": [
        -0.006783498916774988,
        -0.6113972067832947,
        0.003907890524715185,
        -2.526899576187134,
        -0.020260024815797806,
        1.903350591659546,
        0.01494391355663538,
        0.0
    ],