{
    "query_state": [
        0.1107209250330925,
        0.013390743173658848,
        0.2406650185585022,
        -2.421732187271118,
        -0.02581164985895157,
        2.7860472202301025,
        -0.30688798427581787,
        0.9691629949913692
    ],
    "query_prompt": "open the door of the bottom shelf",
    "inference_time": true,
    "retrieved_0_state": [
        0.12514406442642212,
        -0.2409607470035553,
        0.06005749851465225,
        -2.3569741249084473,
        -0.023520037531852722,
        2.130789279937744,
        -0.20543771982192993,
        0.0
    ],
    "retrieved_0_actions": [
        [
            0.0737717654556036,
            0.6867645680904388,
            0.09238257072865963,
            0.4321547597646713,
            -0.01778247649781406,
            0.30608903616666794,
            -0.2662842534482479,
            0.0
        ],
        [
            0.039733536541461945,
            0.6212004274129868,
            0.08845031261444092,
            0.42495936155319214,
            -0.02267103409394622,
            0.30104368925094604,
            -0.23021291941404343,
            0.0
        ],
        [
            0.01858946750871837,
            0.6053068116307259,
            0.07662877440452576,
            0.4329147934913635,
            0.0430832477286458,
            0.2764456160366535,
            -0.2684619836509228,
            0.0
        ],
        [
            0.0008317054016515613,
            0.5900945514440536,
            0.0808583665639162,
            0.4405134543776512,
            0.10323851369321346,
            0.23534951731562614,
            -0.29159488156437874,
            0.0
        ],
        [
            -0.011130606289952993,
            0.5617589876055717,
            0.10210014879703522,
            0.43967828154563904,
            0.11625457555055618,
            0.1763395220041275,
            -0.2318774163722992,
            0.0
        ],
        [
            -0.01577664981596172,
            0.5196850001811981,
            0.12768909335136414,
            0.4542345553636551,
            0.12955105863511562,
            0.10017499327659607,
            -0.15570735558867455,
            0.0
        ],
        [
            -0.012378614628687501,
            0.4818546026945114,
            0.14974826015532017,
            0.41797634214162827,
            0.11257661506533623,
            0.058944583870470524,
            -0.12098042294383049,
            0.0
        ],
        [
            0.0068144232500344515,
            0.45760512351989746,
            0.166716817766428,
            0.3565261512994766,
            0.08057332597672939,
            0.07354365661740303,
            -0.07032375317066908,
            0.0
        ],
        [
            0.019515015883371234,
            0.41302837431430817,
            0.1812431961297989,
            0.29895925894379616,
            0.09753961116075516,
            0.05361781921237707,
            -0.04848060663789511,
            0.0
        ],
        [
            0.03009896259754896,
            0.3298274800181389,
            0.19017323851585388,
            0.23468103259801865,
            0.11537251062691212,
            0.03196034813299775,
            -0.033786341082304716,
            0.0
        ],
        [
            0.043710023164749146,
            0.2343563362956047,
            0.18296882510185242,
            0.16854608431458473,
            0.08963162079453468,
            -0.023107402957975864,
            0.0232754391618073,
            0.0
        ],
        [
            0.05446308758109808,
            0.15864549204707146,
            0.16952304169535637,
            0.11028201319277287,
            0.03949544858187437,
            0.014184588799253106,
            0.033116377890110016,
            0.0
        ],
        [
            0.06512842141091824,
            0.15296894125640392,
            0.14655357226729393,
            0.1153847761452198,
            -0.02263742033392191,
            0.07059246767312288,
            0.04509767051786184,
            0.0
        ],
        [
            0.07378797046840191,
            0.16623316332697868,
            0.13146254234015942,
            0.15632953494787216,
            -0.04932187031954527,
            0.09721817448735237,
            0.06264938972890377,
            0.0
        ],
        [
            0.07565305102616549,
            0.1537771336734295,
            0.11806835420429707,
            0.16992151737213135,
            -0.05213160999119282,
            0.13090981170535088,
            0.08177508600056171,
            0.25
        ]
    ],
    "retrieved_0_prompt": "open the door of the bottom shelf",
    "retrieved_1_state": [
        0.1459401249885559,
        0.05189380422234535,
        0.10228611528873444,
        -2.214948892593384,
        -0.019582202658057213,
        2.3385684490203857,
        -0.3232492506504059,
        0.0
    ],