{
    "query_state": [
        0.05413393676280975,
        0.16849178075790405,
        -0.00843801349401474,
        -2.1924939155578613,
        0.047898631542921066,
        2.2193915843963623,
        -0.05237356945872307,
        0.0
    ],
    "query_prompt": "",
    "inference_time": true,
    "retrieved_0_state": [
        -0.17157652974128723,
        0.7315212488174438,
        -0.05106619372963905,
        -1.8267866373062134,
        0.030929749831557274,
        2.443052291870117,
        0.0367349237203598,
        0.0
    ],
    "retrieved_0_actions": [
        [
            -0.34469176083803177,
            -0.10804307647049427,
            -0.053496588952839375,
            0.06065250374376774,
            0.2574324607849121,
            -0.2129584550857544,
            -0.30486516654491425,
            0.0
        ],
        [
            -0.32813120633363724,
            -0.04276490770280361,
            -0.04645876120775938,
            0.14841800555586815,
            0.25442611426115036,
            -0.24887651205062866,
            -0.31284358352422714,
            0.0
        ],
        [
            -0.30718717724084854,
            0.0313852122053504,
            -0.04542435985058546,
            0.24871107190847397,
            0.24645423516631126,
            -0.28210222721099854,
            -0.30852265655994415,
            0.0
        ],
        [
            -0.26430966332554817,
            0.0984242744743824,
            -0.05269068758934736,
            0.33224932849407196,
            0.2296002209186554,
            -0.30836353078484535,
            -0.27634646743535995,
            0.0
        ],
        [
            -0.2068471536040306,
            0.1448608748614788,
            -0.06019517779350281,
            0.38865115493535995,
            0.20858053117990494,
            -0.32574787735939026,
            -0.23613369092345238,
            0.0
        ],
        [
            -0.16252610832452774,
            0.15466388314962387,
            -0.056496523320674896,
            0.39576705545186996,
            0.209022369235754,
            -0.3082435391843319,
            -0.1973016932606697,
            0.0
        ],
        [
            -0.12263362295925617,
            0.14055159874260426,
            -0.04554766230285168,
            0.3838011249899864,
            0.21614035591483116,
            -0.298562403768301,
            -0.16580505296587944,
            0.0
        ],
        [
            -0.048182057216763496,
            0.029087753500789404,
            -0.03869400592520833,
            0.2685416489839554,
            0.19536606967449188,
            -0.2662700042128563,
            -0.12909979559481144,
            0.0
        ],
        [
            0.03451027674600482,
            -0.13621317222714424,
            -0.017435551853850484,
            0.08948493748903275,
            0.16402050852775574,
            -0.22494928911328316,
            -0.12447708286345005,
            0.0
        ],
        [
            0.13115509413182735,
            -0.31601767987012863,
            -0.0018310760788153857,
            -0.13350690715014935,
            0.11934912763535976,
            -0.1592390425503254,
            -0.1151170115917921,
            0.0
        ]
    ],
    "retrieved_0_prompt": "move the idli plate to the right",
    "final_image_shape": [
        672,
        448,
        3
    ]
}