{
    "query_state": [
        -0.17051056027412415,
        -0.1264829784631729,
        -0.07957391440868378,
        -2.5507607460021973,
        -0.186058908700943,
        2.3616743087768555,
        0.06874755024909973,
        0.0
    ],
    "query_prompt": "pick up the bagel and put it in the toaster",
    "inference_time": true,
    "retrieved_0_state": [
        -0.13400518894195557,
        -0.12330842763185501,
        -0.1392221599817276,
        -2.5410044193267822,
        -0.06942436099052429,
        2.3853561878204346,
        -0.006926638074219227,
        0.0
    ],
    "retrieved_0_actions": [
        [
            -0.011084511643275619,
            0.46781696379184723,
            0.008079775725491345,
            0.19535427913069725,
            0.07389628794044256,
            0.25563642382621765,
            0.11726821772754192,
            0.0
        ],
        [
            -0.0018188166723120958,
            0.459776408970356,
            0.011691736290231347,
            0.21138710901141167,
            0.10320335626602173,
            0.2204979956150055,
            0.10954523459076881,
            0.0
        ],
        [
            0.012675448087975383,
            0.4483342170715332,
            0.022942600771784782,
            0.23742042481899261,
            0.11466523632407188,
            0.1735972799360752,
            0.10187234729528427,
            0.0
        ],
        [
            0.02924245549365878,
            0.41807711124420166,
            0.03512992989271879,
            0.2558528445661068,
            0.11493888683617115,
            0.13755453750491142,
            0.11630725115537643,
            0.0
        ],
        [
            0.043290783651173115,
            0.37954363971948624,
            0.039472244679927826,
            0.26450447738170624,
            0.10864382609724998,
            0.1021452248096466,
            0.14510621316730976,
            0.0
        ],
        [
            0.047530438750982285,
            0.35547804087400436,
            0.0409990269690752,
            0.252426341176033,
            0.142203439027071,
            0.09120980277657509,
            0.14561206102371216,
            0.0
        ],
        [
            0.04932128358632326,
            0.33583443611860275,
            0.042403023689985275,
            0.23324353620409966,
            0.15383483842015266,
            0.08885105140507221,
            0.13512232340872288,
            0.0
        ],
        [
            0.06132649723440409,
            0.3282070532441139,
            0.042212121188640594,
            0.22084077820181847,
            0.12763697654008865,
            0.09163374081254005,
            0.15560204163193703,
            0.0
        ],
        [
            0.06726700812578201,
            0.29649680480360985,
            0.035494237672537565,
            0.20207639783620834,
            0.11050180532038212,
            0.09381280280649662,
            0.1685628853738308,
            0.0
        ],
        [
            0.062231593765318394,
            0.25934308767318726,
            0.034858440048992634,
            0.18098410218954086,
            0.12910119257867336,
            0.08448933251202106,
            0.15194453299045563,
            0.0
        ],
        [
            0.059288772754371166,
            0.22179841995239258,
            0.02629889640957117,
            0.16004251316189766,
            0.12460106052458286,
            0.07640639320015907,
            0.13572711497545242,
            0.0
        ],
        [
            0.057316641323268414,
            0.17416510730981827,
            0.01573803834617138,
            0.13250120915472507,
            0.10719567537307739,
            0.07200815249234438,
            0.11721285060048103,
            0.032784
        ],
        [
            0.0500753428786993,
            0.1123108621686697,
            0.0038943628896959126,
            0.10688819922506809,
            0.09621549397706985,
            0.06708895787596703,
            0.10360804386436939,
            0.27643176710151474
        ],
        [
            0.04597341641783714,
            0.055892267264425755,
            -0.003615471941884607,
            0.08654764853417873,
            0.08781136013567448,
            0.05200354382395744,
            0.09433485567569733,
            0.2808369885735268
        ],
        [
            0.046645659022033215,
            0.023988867178559303,
            -0.010434086434543133,
            0.06336671765893698,
            0.07323028519749641,
            0.05313994828611612,
            0.08878406137228012,
            0.3909691907977091
        ]
    ],
    "retrieved_0_prompt": "pick up the bagel and put it in the toaster",
    "retrieved_1_state": [
        -0.137350395321846,
        0.3519965410232544,
        -0.12473110109567642,
        -2.2246079444885254,
        -0.022413939237594604,
        2.5878841876983643,
        0.3080962002277374,
        0.0
    ],