{
    "query_state": [
        0.1533854752779007,
        0.8948455452919006,
        0.0546308308839798,
        -1.2266438007354736,
        -0.06059136241674423,
        1.9145022630691528,
        0.0028061692137271166,
        0.057268755675041416
    ],
    "query_prompt": "move the squeegee to the right and try to drag it",
    "inference_time": true,
    "retrieved_0_state": [
        0.14005690813064575,
        0.8354170918464661,
        0.040494151413440704,
        -1.3915749788284302,
        -0.17021304368972778,
        1.7663450241088867,
        -0.14754618704319,
        0.7356828329947118
    ],
    "retrieved_0_actions": [
        [
            -0.13270135037600994,
            0.3225163370370865,
            -0.027254305314272642,
            0.4420560225844383,
            0.007859421311877668,
            -0.23510511964559555,
            -0.07969975471496582,
            0.933920708248678
        ],
        [
            -0.1640150509774685,
            0.275459960103035,
            -0.042416942305862904,
            0.4076835885643959,
            0.025065636727958918,
            -0.2270093373954296,
            -0.08826696313917637,
            0.933920708248678
        ],
        [
            -0.21671399474143982,
            0.20353196188807487,
            -0.07248584646731615,
            0.342707559466362,
            0.045241075567901134,
            -0.2077108807861805,
            -0.08400220423936844,
            0.933920708248678
        ],
        [
            -0.2463769167661667,
            0.14322694391012192,
            -0.09168745949864388,
            0.28489798307418823,
            0.06125764921307564,
            -0.19358767196536064,
            -0.073710847645998,
            0.933920708248678
        ],
        [
            -0.26717832311987877,
            0.1143941842019558,
            -0.10011338628828526,
            0.25019047781825066,
            0.07789995986968279,
            -0.19428052008152008,
            -0.06566084921360016,
            0.933920708248678
        ],
        [
            -0.2632579393684864,
            0.11065284721553326,
            -0.09781070053577423,
            0.23994632065296173,
            0.0899733230471611,
            -0.1945945993065834,
            -0.05537264049053192,
            0.933920708248678
        ],
        [
            -0.2367858588695526,
            0.11893818154931068,
            -0.0981005746871233,
            0.2391158789396286,
            0.10105051100254059,
            -0.1823412999510765,
            -0.021370933391153812,
            0.933920708248678
        ],
        [
            -0.19688909873366356,
            0.13848337344825268,
            -0.0808301568031311,
            0.25576071813702583,
            0.11293974705040455,
            -0.18491482362151146,
            -0.0026587594766169786,
            0.933920708248678
        ],
        [
            -0.14629747718572617,
            0.14916549436748028,
            -0.06338648963719606,
            0.26267334818840027,
            0.11918521486222744,
            -0.1803116872906685,
            0.012528973165899515,
            0.933920708248678
        ],
        [
            -0.09983166120946407,
            0.1501431968063116,
            -0.045520104467868805,
            0.2561977319419384,
            0.11865643784403801,
            -0.18233511596918106,
            0.023330750409513712,
            0.933920708248678
        ],
        [
            -0.06472574081271887,
            0.13454739935696125,
            -0.031576454639434814,
            0.24100270122289658,
            0.11532213538885117,
            -0.17552636563777924,
            0.029708966612815857,
            0.933920708248678
        ],
        [
            0.002694619179237634,
            0.0491809519007802,
            -0.037793428637087345,
            0.14021293260157108,
            0.01152685028500855,
            -0.06485984660685062,
            -0.019933502189815044,
            0.4856828329947118
        ],
        [
            0.0,
            0.0,
            0.0,
            0.0,
            0.0,
            0.0,
            0.0,
            0.4856828329947118
        ],
        [
            0.0,
            0.0,
            0.0,
            0.0,
            0.0,
            0.0,
            0.0,
            0.4856828329947118
        ],
        [
            0.0,
            0.0,
            0.0,
            0.0,
            0.0,
            0.0,
            0.0,
            0.4856828329947118
        ]
    ],
    "retrieved_0_prompt": "move the squeegee to the right and try to drag it",
    "retrieved_1_state": [
        0.14648474752902985,
        0.8706451654434204,
        0.07642283290624619,
        -1.4827470779418945,
        -0.21734854578971863,
        2.1052565574645996,
        -0.20539739727973938,
        0.718061684144998
    ],