{
    "query_state": [
        -0.008145777508616447,
        -0.5963831543922424,
        0.002264665672555566,
        -2.5149612426757812,
        0.013765119016170502,
        1.9069465398788452,
        0.010547354817390442,
        0.0
    ],
    "query_prompt": "",
    "inference_time": true,
    "retrieved_0_state": [
        -0.008426912128925323,
        -0.5935376882553101,
        0.007994181476533413,
        -2.5198259353637695,
        0.009637975133955479,
        1.9111502170562744,
        0.00944527518004179,
        0.0
    ],
    "retrieved_0_actions": [
        [
            0.08602412417531013,
            0.38832567632198334,
            0.11916677467525005,
            0.21064652130007744,
            -0.04066920839250088,
            0.16500545665621758,
            0.06528188474476337,
            0.0
        ],
        [
            0.11492771096527576,
            0.49875903874635696,
            0.1362338662147522,
            0.29176240786910057,
            -0.043742372654378414,
            0.19110795110464096,
            0.07024096790701151,
            0.0
        ],
        [
            0.14352689497172832,
            0.63585564494133,
            0.17112886533141136,
            0.39388813078403473,
            -0.06328170653432608,
            0.23793181404471397,
            0.09448174387216568,
            0.0
        ],
        [
            0.17076605930924416,
            0.7565952837467194,
            0.1968524046242237,
            0.45998305082321167,
            -0.05927414633333683,
            0.3341967985033989,
            0.12277938425540924,
            0.0
        ],
        [
            0.17565416172146797,
            0.821172222495079,
            0.19185692071914673,
            0.46169135719537735,
            -0.05693412385880947,
            0.4396691918373108,
            0.14443940483033657,
            0.0
        ],
        [
            0.15721656382083893,
            0.9168680012226105,
            0.17401240766048431,
            0.4216645285487175,
            -0.07487323600798845,
            0.6371302157640457,
            0.17922157421708107,
            0.0
        ],
        [
            0.12884099036455154,
            0.9407269209623337,
            0.11762886308133602,
            0.3947770968079567,
            -0.10000298731029034,
            0.666874572634697,
            0.14637836255133152,
            0.0
        ],
        [
            0.11549959890544415,
            0.9429245442152023,
            0.06683065090328455,
            0.34906618297100067,
            -0.12551316060125828,
            0.6818178296089172,
            0.0954093411564827,
            0.0
        ],
        [
            0.10821696370840073,
            0.9536663442850113,
            0.0281947641633451,
            0.36407221108675003,
            -0.19273696467280388,
            0.678345188498497,
            0.10736574418842793,
            0.0
        ],
        [
            0.12603964656591415,
            0.9534462541341782,
            -0.016214725328609347,
            0.3855014592409134,
            -0.27664467692375183,
            0.6325401365756989,
            0.19004806876182556,
            0.0
        ]
    ],
    "retrieved_0_prompt": "move the squeegee to the right and try to drag it",
    "final_image_shape": [
        672,
        448,
        3
    ]
}