{
    "query_state": [
        0.03571842983365059,
        0.16930797696113586,
        0.027965839952230453,
        -2.208115577697754,
        -0.1802607923746109,
        2.1649506092071533,
        -0.05561896041035652,
        0.0
    ],
    "query_prompt": "push the lever on the toaster",
    "inference_time": true,
    "retrieved_0_state": [
        0.04167378693819046,
        0.10174814611673355,
        0.0508539192378521,
        -2.293271541595459,
        -0.04717879742383957,
        2.234447717666626,
        0.22889330983161926,
        0.9911894276295312
    ],
    "retrieved_0_actions": [
        [
            0.021849593613296747,
            -0.49945030361413956,
            -0.033864814322441816,
            -0.06254942156374454,
            -0.011656992137432098,
            -0.1275969110429287,
            -0.05670408718287945,
            0.9977973569073828
        ],
        [
            -0.006539573078043759,
            -0.7273683696985245,
            -0.037293555215001106,
            -0.09520520456135273,
            0.07282428909093142,
            -0.2049609273672104,
            -0.1266867946833372,
            0.9977973569073828
        ],
        [
            -0.02847665222361684,
            -0.795392319560051,
            -0.045344275422394276,
            -0.0791177898645401,
            0.13179061003029346,
            -0.2729695662856102,
            -0.15881912782788277,
            0.9977973569073828
        ],
        [
            -0.03900161245837808,
            -0.7659874856472015,
            -0.05406531039625406,
            -0.02928930101916194,
            0.18681960180401802,
            -0.3555578738451004,
            -0.11981457471847534,
            0.7411894276295312
        ],
        [
            0.0,
            0.0,
            0.0,
            0.0,
            0.0,
            0.0,
            0.0,
            0.7411894276295312
        ],
        [
            0.0,
            0.0,
            0.0,
            0.0,
            0.0,
            0.0,
            0.0,
            0.7411894276295312
        ],
        [
            0.0,
            0.0,
            0.0,
            0.0,
            0.0,
            0.0,
            0.0,
            0.7411894276295312
        ],
        [
            0.0,
            0.0,
            0.0,
            0.0,
            0.0,
            0.0,
            0.0,
            0.7411894276295312
        ],
        [
            0.0,
            0.0,
            0.0,
            0.0,
            0.0,
            0.0,
            0.0,
            0.7411894276295312
        ],
        [
            0.0,
            0.0,
            0.0,
            0.0,
            0.0,
            0.0,
            0.0,
            0.7411894276295312
        ],
        [
            0.0,
            0.0,
            0.0,
            0.0,
            0.0,
            0.0,
            0.0,
            0.7411894276295312
        ],
        [
            0.0,
            0.0,
            0.0,
            0.0,
            0.0,
            0.0,
            0.0,
            0.7411894276295312
        ],
        [
            0.0,
            0.0,
            0.0,
            0.0,
            0.0,
            0.0,
            0.0,
            0.7411894276295312
        ],
        [
            0.0,
            0.0,
            0.0,
            0.0,
            0.0,
            0.0,
            0.0,
            0.7411894276295312
        ],
        [
            0.0,
            0.0,
            0.0,
            0.0,
            0.0,
            0.0,
            0.0,
            0.7411894276295312
        ]
    ],
    "retrieved_0_prompt": "push the lever on the toaster",
    "retrieved_1_state": [
        -0.04077306017279625,
        0.1169157475233078,
        -0.04408500716090202,
        -2.1531450748443604,
        -0.10990652441978455,
        2.2604310512542725,
        -0.0517585426568985,
        0.9911894276295312
    ],
    "retrieved_1_actions": [
        [
            -0.009893857641145587,
            0.16941769048571587,
            -0.023231643717736006,
            0.1298497710376978,
            -0.08288784883916378,
            0.0764338718727231,
            0.035037300549447536,
            0.9977973569073828
        ],
        [
            0.0015802752750460058,
            0.17644761130213737,
            -0.011748120887205005,
            0.14368467032909393,
            -0.074552521109581,
            0.07937556132674217,
            0.037965686060488224,
            0.9977973569073828
        ],
        [
            0.014608274213969707,
            0.18524423241615295,
            -0.004461199278011918,
            0.17246689647436142,
            -0.08748526684939861,
            0.07845851592719555,
            0.04813746549189091,
            0.9977973569073828
        ],
        [
            0.027269285637885332,
            0.19690385088324547,
            0.0033450289629399776,
            0.21914495155215263,
            -0.09208396077156067,
            0.06125540938228369,
            0.05732204299420118,
            0.9977973569073828
        ],
        [
            0.03187256399542093,
            0.21083518862724304,
            0.007442602654919028,
            0.24737372994422913,
            -0.08086318150162697,
            0.04069387912750244,
            0.06492725573480129,
            0.9977973569073828
        ],
        [
            0.030671078711748123,
            0.2372913435101509,
            0.011743013747036457,
            0.2649342082440853,
            -0.054101250134408474,
            0.01787100685760379,
            0.06713096052408218,
            0.9977973569073828
        ],
        [
            0.03416290506720543,
            0.23965619504451752,
            0.01473863492719829,
            0.2584649436175823,
            -0.04603178706020117,
            0.005338261253200471,
            0.06834258791059256,
            0.9977973569073828
        ],
        [
            0.044703385792672634,
            0.24184539914131165,
            0.019697293173521757,
            0.25275982916355133,
            -0.047657983377575874,
            -0.00350398535374552,
            0.07674573920667171,
            0.9977973569073828
        ],
        [
            0.05050906911492348,
            0.24969100952148438,
            0.021238329354673624,
            0.2462894469499588,
            -0.047223703004419804,
            -0.0021144952916074544,
            0.08777654729783535,
            0.9977973569073828
        ],
        [
            0.05136591847985983,
            0.27930861338973045,
            0.022969432175159454,
            0.24560557678341866,
            -0.040570166893303394,
            0.0028736324748024344,
            0.10105942375957966,
            0.9977973569073828
        ],
        [
            0.0568065932020545,
            0.30929084867239,
            0.025423525366932154,
            0.2323787845671177,
            -0.0396076450124383,
            0.027104830369353294,
            0.11756664142012596,
            0.9977973569073828
        ],
        [
            0.0628508161753416,
            0.3331717476248741,
            0.023430525325238705,
            0.21664435043931007,
            -0.05334871355444193,
            0.05251661408692598,
            0.1347161177545786,
            0.9977973569073828
        ],
        [
            0.06326295901089907,
            0.36416448652744293,
            0.019242785638198256,
            0.19719209522008896,
            -0.06360947620123625,
            0.08528165519237518,
            0.14308429323136806,
            0.9977973569073828
        ],
        [
            0.059555633924901485,
            0.3997204080224037,
            0.014275317080318928,
            0.1816290058195591,
            -0.0670000771060586,
            0.12219656258821487,
            0.14996678568422794,
            0.9977973569073828
