{
    "query_state": [
        0.05131861940026283,
        -0.005053143948316574,
        0.07057353109121323,
        -2.284022808074951,
        -0.08066599816083908,
        2.240278959274292,
        0.19746530055999756,
        0.9691629949913692
    ],
    "query_prompt": "push the lever on the toaster",
    "inference_time": true,
    "retrieved_0_state": [
        0.06794632226228714,
        -0.0434776172041893,
        0.14126312732696533,
        -2.4509804248809814,
        -0.14379025995731354,
        2.3183860778808594,
        0.3237578570842743,
        0.9911894276295312
    ],
    "retrieved_0_actions": [
        [
            0.0722777470946312,
            0.340556800365448,
            -0.01987827941775322,
            0.14009669423103333,
            -0.026428408455103636,
            0.14685298316180706,
            0.1705329306423664,
            0.9977973569073828
        ],
        [
            0.07203697692602873,
            0.33280834555625916,
            -0.021156854927539825,
            0.1390628144145012,
            -0.014660420129075646,
            0.15048960223793983,
            0.15806537121534348,
            0.9977973569073828
        ],
        [
            0.07195476908236742,
            0.3347182273864746,
            -0.02184662502259016,
            0.1425694953650236,
            -0.0018161356274504215,
            0.1481411326676607,
            0.1534788403660059,
            0.9977973569073828
        ],
        [
            0.07201366126537323,
            0.3385745733976364,
            -0.02327995141968131,
            0.14744765125215054,
            0.02379651414230466,
            0.13134297914803028,
            0.1430671662092209,
            0.9977973569073828
        ],
        [
            0.0736364908516407,
            0.33357594162225723,
            -0.021147674415260553,
            0.14582590200006962,
            0.027932296507060528,
            0.11374697089195251,
            0.15570588409900665,
            0.9977973569073828
        ],
        [
            0.07541910745203495,
            0.3232588618993759,
            -0.017364418599754572,
            0.13821663334965706,
            0.01742409309372306,
            0.10420486330986023,
            0.18544597551226616,
            0.9977973569073828
        ],
        [
            0.0,
            0.0,
            0.0,
            0.0,
            0.0,
            0.0,
            0.0,
            0.9977973569073828
        ],
        [
            0.0,
            0.0,
            0.0,
            0.0,
            0.0,
            0.0,
            0.0,
            0.9977973569073828
        ],
        [
            0.0,
            0.0,
            0.0,
            0.0,
            0.0,
            0.0,
            0.0,
            0.9977973569073828
        ],
        [
            0.0,
            0.0,
            0.0,
            0.0,
            0.0,
            0.0,
            0.0,
            0.9977973569073828
        ],
        [
            0.0,
            0.0,
            0.0,
            0.0,
            0.0,
            0.0,
            0.0,
            0.9977973569073828
        ],
        [
            0.0,
            0.0,
            0.0,
            0.0,
            0.0,
            0.0,
            0.0,
            0.9977973569073828
        ],
        [
            0.0,
            0.0,
            0.0,
            0.0,
            0.0,
            0.0,
            0.0,
            0.9977973569073828
        ],
        [
            0.0,
            0.0,
            0.0,
            0.0,
            0.0,
            0.0,
            0.0,
            0.9977973569073828
        ],
        [
            0.0,
            0.0,
            0.0,
            0.0,
            0.0,
            0.0,
            0.0,
            0.9977973569073828
        ]
    ],
    "retrieved_0_prompt": "push the lever on the toaster",
    "retrieved_1_state": [
        0.066210076212883,
        -0.046488888561725616,
        0.14263492822647095,
        -2.4536542892456055,
        -0.1336023062467575,
        2.318929433822632,
        0.2949220836162567,
        0.9911894276295312
    ],