{
    "query_state": [
        -0.08440185338258743,
        -0.21622638404369354,
        -0.020036036148667336,
        -2.509864330291748,
        -0.11116550117731094,
        2.14091157913208,
        0.01030944474041462,
        0.0
    ],
    "query_prompt": "use the squeegee to clean the counter and push everything into the sink",
    "inference_time": true,
    "retrieved_0_state": [
        -0.07875922322273254,
        -0.016997378319501877,
        -0.08276335150003433,
        -2.5690979957580566,
        -0.012740392237901688,
        2.5728232860565186,
        0.015391532331705093,
        0.0
    ],
    "retrieved_0_actions": [
        [
            -0.0171486078761518,
            0.38737908005714417,
            -0.007887639221735299,
            0.1698952168226242,
            0.08921104483306408,
            0.277769360691309,
            -0.031558063346892595,
            0.0
        ],
        [
            -0.020384860690683126,
            0.3621840104460716,
            -0.000901039966265671,
            0.19514175131917,
            0.10900573804974556,
            0.23490022867918015,
            -0.05468083079904318,
            0.0
        ],
        [
            -0.03571290988475084,
            0.3272765874862671,
            0.002396094350842759,
            0.21039603278040886,
            0.1409389916807413,
            0.20042603835463524,
            -0.09012783877551556,
            0.0
        ],
        [
            -0.045379302464425564,
            0.2724018320441246,
            0.01499793492257595,
            0.20453611388802528,
            0.17827507108449936,
            0.1573045738041401,
            -0.10560106486082077,
            0.0
        ],
        [
            -0.049076154828071594,
            0.18665960058569908,
            0.031231048051267862,
            0.1694059558212757,
            0.18692819401621819,
            0.12088321149349213,
            -0.11603360064327717,
            0.0
        ],
        [
            -0.05143758840858936,
            0.10482828132808208,
            0.05389551166445017,
            0.1286995131522417,
            0.20184680819511414,
            0.09035186842083931,
            -0.13190875761210918,
            0.25
        ],
        [
            -0.04431077279150486,
            0.03482983214780688,
            0.06765870843082666,
            0.09198150597512722,
            0.2021431364119053,
            0.05942805204540491,
            -0.12068236246705055,
            0.3381057442485682
        ],
        [
            -0.04510959144681692,
            -0.020732893608510494,
            0.08394264616072178,
            0.05987139418721199,
            0.2277771569788456,
            0.032421513460576534,
            -0.12850233353674412,
            0.531938337768474
        ],
        [
            -0.055765765719115734,
            -0.06325124762952328,
            0.114355543628335,
            0.020464970730245113,
            0.30193718150258064,
            0.005962790455669165,
            -0.1701844297349453,
            0.5803964751917144
        ],
        [
            -0.0546181621029973,
            -0.08744427934288979,
            0.1535467430949211,
            -0.013126718113198876,
            0.36718953400850296,
            -0.017934482311829925,
            -0.20484931766986847,
            0.7389867710121929
        ],
        [
            -0.0373520702123642,
            -0.10192262008786201,
            0.18659280613064766,
            -0.03914515022188425,
            0.3852158412337303,
            -0.02810319885611534,
            -0.22708939388394356,
            0.9284140992331424
        ],
        [
            -0.021303086541593075,
            -0.08986396715044975,
            0.17663262784481049,
            -0.041292901150882244,
            0.3489045426249504,
            -0.01126306364312768,
            -0.20864566788077354,
            0.9449339043662769
        ],
        [
            0.002934193762484938,
            -0.07227425929158926,
            0.12449655681848526,
            -0.03775335615500808,
            0.246468223631382,
            -0.0052193430019542575,
            -0.1137258019298315,
            1.0
        ],
        [
            0.0508000748232007,
            -0.06699451711028814,
            0.02548018703237176,
            -0.04020745400339365,
            0.03890327177941799,
            -0.015882033621892333,
            0.11596007272601128,
            0.9966960332210867
        ],
        [
            0.10184395126998425,
            -0.08789278566837311,
            -0.06298233289271593,
            -0.06725276820361614,
            -0.14949657022953033,
            -0.007147828582674265,
            0.3907805308699608,
            1.0
        ]
    ],
    "retrieved_0_prompt": "use the squeegee to clean the counter and push everything into the sink",
    "retrieved_1_state": [
        -0.03356032446026802,
        0.05665023252367973,
        -0.016876453533768654,
        -2.529872417449951,
        0.02433984912931919,
        2.5562825202941895,
        0.19473205506801605,
        0.0
    ],