{
    "query_state": [
        -0.020726904273033142,
        0.19109408557415009,
        -0.0430288203060627,
        -2.3911490440368652,
        -0.11322715878486633,
        2.331193208694458,
        0.18132878839969635,
        0.0
    ],
    "query_prompt": "use the squeegee to clean the counter and push everything into the sink",
    "inference_time": true,
    "retrieved_0_state": [
        0.04694570228457451,
        0.23026321828365326,
        0.10189490765333176,
        -2.251023054122925,
        0.706559956073761,
        2.104233503341675,
        0.2768435776233673,
        1.0
    ],
    "retrieved_0_actions": [
        [
            0.02711591776460409,
            0.09973482228815556,
            0.01971681136637926,
            0.1372126117348671,
            0.27018262073397636,
            -0.3200867772102356,
            -0.14209368266165257,
            1.0
        ],
        [
            0.07207108195871115,
            0.035208142362535,
            -0.006223948439583182,
            0.12418649159371853,
            0.1253377366811037,
            -0.21593540906906128,
            -0.013146799756214023,
            1.0
        ],
        [
            0.11232307180762291,
            -0.057488144375383854,
            -0.046154982410371304,
            0.15012146905064583,
            -0.08625241927802563,
            -0.13754564337432384,
            0.16619006171822548,
            1.0
        ],
        [
            0.12748376466333866,
            -0.11260658502578735,
            -0.06723999511450529,
            0.1888391561806202,
            -0.23864302784204483,
            -0.14714579097926617,
            0.28788767755031586,
            1.0
        ],
        [
            0.161843691021204,
            -0.2215317264199257,
            -0.09645303711295128,
            0.22076699882745743,
            -0.476221963763237,
            -0.17511889338493347,
            0.48781435936689377,
            1.0
        ],
        [
            0.1808994635939598,
            -0.33927783370018005,
            -0.11308901943266392,
            0.22205399349331856,
            -0.6423873454332352,
            -0.20562274381518364,
            0.644347295165062,
            1.0
        ],
        [
            0.15924839302897453,
            -0.3794482722878456,
            -0.11306394822895527,
            0.2225322276353836,
            -0.68813756108284,
            -0.26999112218618393,
            0.6651837378740311,
            1.0
        ],
        [
            0.10160642676055431,
            -0.39042145013809204,
            -0.11102648451924324,
            0.20244741812348366,
            -0.6441640108823776,
            -0.3421616181731224,
            0.5647136643528938,
            1.0
        ],
        [
            0.06362488493323326,
            -0.3729255869984627,
            -0.10353647172451019,
            0.20613493397831917,
            -0.5338475853204727,
            -0.3978695347905159,
            0.45803993940353394,
            1.0
        ],
        [
            0.030119633302092552,
            -0.3236038610339165,
            -0.08383880369365215,
            0.19374368712306023,
            -0.4083368182182312,
            -0.3890784829854965,
            0.3540070354938507,
            1.0
        ],
        [
            0.0037118338514119387,
            -0.2574814297258854,
            -0.058364891447126865,
            0.17685309052467346,
            -0.2865535579621792,
            -0.37689708173274994,
            0.24950183928012848,
            1.0
        ],
        [
            0.0,
            0.0,
            0.0,
            0.0,
            0.0,
            0.0,
            0.0,
            1.0
        ],
        [
            0.0,
            0.0,
            0.0,
            0.0,
            0.0,
            0.0,
            0.0,
            1.0
        ],
        [
            0.0,
            0.0,
            0.0,
            0.0,
            0.0,
            0.0,
            0.0,
            1.0
        ],
        [
            0.0,
            0.0,
            0.0,
            0.0,
            0.0,
            0.0,
            0.0,
            1.0
        ]
    ],
    "retrieved_0_prompt": "use the squeegee to clean the counter and push everything into the sink",
    "retrieved_1_state": [
        0.13532893359661102,
        0.1774606555700302,
        0.12681333720684052,
        -2.380887985229492,
        0.2813231647014618,
        2.193960189819336,
        0.5668842792510986,
        0.6828193864455708
    ],