{
    "query_state": [
        0.09636235982179642,
        0.4102492928504944,
        0.06459630280733109,
        -2.0651469230651855,
        -0.14983196556568146,
        2.121037721633911,
        -0.15154993534088135,
        0.0
    ],
    "query_prompt": "use the squeegee to clean the counter and push everything into the sink",
    "inference_time": true,
    "retrieved_0_state": [
        -0.10333781689405441,
        0.07909799367189407,
        -0.07827018201351166,
        -2.557361364364624,
        -0.0344543531537056,
        2.670877695083618,
        0.05509562790393829,
        0.0
    ],
    "retrieved_0_actions": [
        [
            0.04507280886173248,
            0.27485743165016174,
            -0.0793750025331974,
            0.18262231722474098,
            -0.10603626258671284,
            0.15304770320653915,
            0.19905729219317436,
            0.0
        ],
        [
            0.06304862443357706,
            0.2134423330426216,
            -0.08354775607585907,
            0.14939621090888977,
            -0.08947787806391716,
            0.125298909842968,
            0.21928582340478897,
            0.19377299999999997
        ],
        [
            0.07770962547510862,
            0.1416439563035965,
            -0.09505417197942734,
            0.12209003791213036,
            -0.09233091026544571,
            0.08174355141818523,
            0.24980995804071426,
            0.31167397714705347
        ],
        [
            0.08909775875508785,
            0.08630042895674706,
            -0.10895112529397011,
            0.0987921841442585,
            -0.11515248566865921,
            0.047470973804593086,
            0.26418281719088554,
            0.4438326373468501
        ],
        [
            0.09387810714542866,
            0.03387241857126355,
            -0.11076461523771286,
            0.07540957536548376,
            -0.13036650605499744,
            0.005539645790122449,
            0.2708331122994423,
            0.5627753263420008
        ],
        [
            0.10025797411799431,
            -0.01070312224328518,
            -0.10449645109474659,
            0.061370041221380234,
            -0.14494000934064388,
            -0.0403264444321394,
            0.2781732939183712,
            0.6729074847392389
        ],
        [
            0.10646451264619827,
            -0.05230863578617573,
            -0.1048919279128313,
            0.0530604412779212,
            -0.1722457818686962,
            -0.08814005181193352,
            0.286207664757967,
            0.8182819408359043
        ],
        [
            0.11108361184597015,
            -0.10565727949142456,
            -0.10969755239784718,
            0.04753467161208391,
            -0.19283268600702286,
            -0.15239608474075794,
            0.29282938688993454,
            0.9328193864455708
        ],
        [
            0.11031299829483032,
            -0.1388038508594036,
            -0.11099238879978657,
            0.04308654926717281,
            -0.19665246829390526,
            -0.20737500861287117,
            0.2912118285894394,
            0.9262114556269282
        ],
        [
            0.09563134983181953,
            -0.16083082184195518,
            -0.10491128079593182,
            0.03028980689123273,
            -0.1678112894296646,
            -0.23120662197470665,
            0.2635912224650383,
            0.9262114556269282
        ],
        [
            0.071655148640275,
            -0.1784314215183258,
            -0.08620568551123142,
            0.013116443296894431,
            -0.08702600374817848,
            -0.2364923618733883,
            0.2068152092397213,
            0.9262114556269282
        ],
        [
            0.06563061848282814,
            -0.1906711608171463,
            -0.08079295977950096,
            0.006377838435582817,
            -0.08254433050751686,
            -0.23478511720895767,
            0.1923288218677044,
            0.9262114556269282
        ],
        [
            0.05769227631390095,
            -0.2058006450533867,
            -0.07465307135134935,
            0.003763952699955553,
            -0.07912560366094112,
            -0.25074612349271774,
            0.1845717802643776,
            0.9262114556269282
        ],
        [
            0.0425781961530447,
            -0.20346909761428833,
            -0.04735717549920082,
            -0.0006369573384290561,
            0.01451282063499093,
            -0.276208259165287,
            0.13829956762492657,
            0.9262114556269282
        ],
        [
            0.034907369408756495,
            -0.19247965887188911,
            -0.010108916321769357,
            -0.005654468550346792,
            0.1521483063697815,
            -0.31618300825357437,
            0.0942092016339302,
            0.9262114556269282
        ]
    ],
    "retrieved_0_prompt": "use the squeegee to clean the counter and push everything into the sink",
    "retrieved_1_state": [
        -0.10328257828950882,
        0.13097834587097168,
        -0.08219598978757858,
        -2.5293331146240234,
        -0.034459687769412994,
        2.6948297023773193,
        0.06963250786066055,
        0.0
    ],