{
    "query_state": [
        0.000505209609400481,
        0.7340438365936279,
        -0.006620568223297596,
        -1.7222248315811157,
        -0.1683550626039505,
        1.8147169351577759,
        -0.5191488265991211,
        0.0
    ],
    "query_prompt": "",
    "inference_time": true,
    "retrieved_0_state": [
        -0.04668067395687103,
        0.728877067565918,
        -0.013644088059663773,
        -1.833742618560791,
        0.028681140393018723,
        2.452139139175415,
        -0.049339521676301956,
        0.0
    ],
    "retrieved_0_actions": [
        [
            -0.3241374343633652,
            0.22698935121297836,
            -0.013457010500133038,
            0.25509823113679886,
            0.09578980505466461,
            -0.03712231758981943,
            -0.22702936083078384,
            0.0
        ],
        [
            -0.3969263657927513,
            0.1996474526822567,
            -0.02587959636002779,
            0.233386792242527,
            0.15195822343230247,
            -0.03952114377170801,
            -0.2641141228377819,
            0.0
        ],
        [
            -0.4316064715385437,
            0.21712487563490868,
            -0.010096702026203275,
            0.2626265399158001,
            0.19553851336240768,
            -0.054755681194365025,
            -0.30837975442409515,
            0.0
        ],
        [
            -0.43450959026813507,
            0.2574744448065758,
            0.005722249625250697,
            0.31566813588142395,
            0.22622007876634598,
            -0.060742259956896305,
            -0.3258136659860611,
            0.0
        ],
        [
            -0.39627112448215485,
            0.2979724295437336,
            0.02839611377567053,
            0.3681308403611183,
            0.2371337078511715,
            -0.07340413983911276,
            -0.31891442835330963,
            0.0
        ],
        [
            -0.35687636584043503,
            0.33831845968961716,
            0.05237260367721319,
            0.412260927259922,
            0.23951977491378784,
            -0.09957333095371723,
            -0.30389031395316124,
            0.0
        ],
        [
            -0.3048091381788254,
            0.35747505724430084,
            0.058323703706264496,
            0.42880453169345856,
            0.22090336307883263,
            -0.11880708858370781,
            -0.2594783715903759,
            0.0
        ],
        [
            -0.263334047049284,
            0.36276664584875107,
            0.04745035897940397,
            0.44087324291467667,
            0.20152194425463676,
            -0.1390848495066166,
            -0.20174210891127586,
            0.0
        ],
        [
            -0.2403845265507698,
            0.358768068253994,
            0.03056590911000967,
            0.45116033405065536,
            0.1862833835184574,
            -0.15316416509449482,
            -0.16501601785421371,
            0.0
        ],
        [
            -0.22196874022483826,
            0.36896683275699615,
            0.004185760044492781,
            0.47326497733592987,
            0.16731010749936104,
            -0.1605823077261448,
            -0.1353423297405243,
            0.0
        ]
    ],
    "retrieved_0_prompt": "move the idli plate to the right",
    "final_image_shape": [
        672,
        448,
        3
    ]
}