{
    "query_state": [
        0.08763560652732849,
        0.6892118453979492,
        0.004946689587086439,
        -1.8123905658721924,
        -0.09171367436647415,
        2.0350747108459473,
        -0.279744416475296,
        0.0
    ],
    "query_prompt": "",
    "inference_time": true,
    "retrieved_0_state": [
        -0.02796553261578083,
        0.6449733972549438,
        -0.014668439514935017,
        -1.933556079864502,
        0.026333600282669067,
        2.458226442337036,
        -0.02899925969541073,
        0.0
    ],
    "retrieved_0_actions": [
        [
            -0.0683739222586155,
            0.40356598794460297,
            0.041497680358588696,
            0.4545150697231293,
            -0.033178848680108786,
            -0.08522761985659599,
            -0.1254919171333313,
            0.0
        ],
        [
            -0.1281528640538454,
            0.3421948105096817,
            0.05618513096123934,
            0.39637260138988495,
            0.004688963235821575,
            -0.08369301445782185,
            -0.16608936712145805,
            0.0
        ],
        [
            -0.20633399486541748,
            0.29725074768066406,
            0.05194143857806921,
            0.33974919468164444,
            0.045649195089936256,
            -0.08394753560423851,
            -0.2025466039776802,
            0.0
        ],
        [
            -0.26184163987636566,
            0.2568616345524788,
            0.025365613400936127,
            0.2895478159189224,
            0.06564990617334843,
            -0.06582378875464201,
            -0.2183014154434204,
            0.0
        ],
        [
            -0.3241374343633652,
            0.22698935121297836,
            -0.013457010500133038,
            0.25509823113679886,
            0.09578980505466461,
            -0.03712231758981943,
            -0.22702936083078384,
            0.0
        ],
        [
            -0.3969263657927513,
            0.1996474526822567,
            -0.02587959636002779,
            0.233386792242527,
            0.15195822343230247,
            -0.03952114377170801,
            -0.2641141228377819,
            0.0
        ],
        [
            -0.4316064715385437,
            0.21712487563490868,
            -0.010096702026203275,
            0.2626265399158001,
            0.19553851336240768,
            -0.054755681194365025,
            -0.30837975442409515,
            0.0
        ],
        [
            -0.43450959026813507,
            0.2574744448065758,
            0.005722249625250697,
            0.31566813588142395,
            0.22622007876634598,
            -0.060742259956896305,
            -0.3258136659860611,
            0.0
        ],
        [
            -0.39627112448215485,
            0.2979724295437336,
            0.02839611377567053,
            0.3681308403611183,
            0.2371337078511715,
            -0.07340413983911276,
            -0.31891442835330963,
            0.0
        ],
        [
            -0.35687636584043503,
            0.33831845968961716,
            0.05237260367721319,
            0.412260927259922,
            0.23951977491378784,
            -0.09957333095371723,
            -0.30389031395316124,
            0.0
        ]
    ],
    "retrieved_0_prompt": "move the idli plate to the right",
    "final_image_shape": [
        672,
        448,
        3
    ]
}