{
    "query_state": [
        -0.3723425269126892,
        0.9136204719543457,
        -0.020254818722605705,
        -1.5121716260910034,
        0.15012437105178833,
        2.3335914611816406,
        -0.21738611161708832,
        0.0
    ],
    "query_prompt": "move the idli plate to the right",
    "inference_time": true,
    "retrieved_0_state": [
        -0.4028627872467041,
        0.8447873592376709,
        -0.0231596902012825,
        -1.647063970565796,
        0.16645805537700653,
        2.435065984725952,
        -0.20796847343444824,
        0.0
    ],
    "retrieved_0_actions": [
        [
            -0.22221408784389496,
            0.38020607084035873,
            -0.011451082536950707,
            0.4972127079963684,
            0.16471922397613525,
            -0.17441367730498314,
            -0.12320438399910927,
            0.0
        ],
        [
            -0.2159442938864231,
            0.36875925958156586,
            -0.03149786964058876,
            0.4975929856300354,
            0.16160724684596062,
            -0.186028890311718,
            -0.10408073663711548,
            0.0
        ],
        [
            -0.20783144980669022,
            0.3381217271089554,
            -0.06654254160821438,
            0.47942928969860077,
            0.15089679509401321,
            -0.1792500726878643,
            -0.08234944194555283,
            0.0
        ],
        [
            -0.18393086269497871,
            0.3107153996825218,
            -0.09735998697578907,
            0.4610636457800865,
            0.13433821499347687,
            -0.1727082021534443,
            -0.0541162071749568,
            0.0
        ],
        [
            -0.14865869656205177,
            0.28364140540361404,
            -0.11170700192451477,
            0.4384277015924454,
            0.11538159102201462,
            -0.17315056174993515,
            -0.021300369407981634,
            0.0
        ],
        [
            -0.1225616130977869,
            0.2684572711586952,
            -0.10475941002368927,
            0.42336802929639816,
            0.10896524414420128,
            -0.1787337101995945,
            -0.001993967453017831,
            0.0
        ],
        [
            -0.11021897196769714,
            0.23952119052410126,
            -0.08625201880931854,
            0.39853133261203766,
            0.11103527620434761,
            -0.18110474571585655,
            0.011071366025134921,
            0.0
        ],
        [
            -0.09760569781064987,
            0.1649695448577404,
            -0.06830981932580471,
            0.3169417008757591,
            0.1129424199461937,
            -0.15299398452043533,
            0.019451898988336325,
            0.0
        ],
        [
            -0.0422010850161314,
            -0.000620556456851773,
            -0.07258145604282618,
            0.1304356474429369,
            0.08035821840167046,
            -0.10357892140746117,
            0.029836383182555437,
            0.0
        ],
        [
            0.025382558815181255,
            0.02153269713744521,
            -0.03681653877720237,
            0.035696213599294424,
            0.03992715384811163,
            -0.021184957586228848,
            -0.02066432498395443,
            0.0
        ],
        [
            0.0,
            0.0,
            0.0,
            0.0,
            0.0,
            0.0,
            0.0,
            0.0
        ],
        [
            0.0,
            0.0,
            0.0,
            0.0,
            0.0,
            0.0,
            0.0,
            0.0
        ],
        [
            0.0,
            0.0,
            0.0,
            0.0,
            0.0,
            0.0,
            0.0,
            0.0
        ],
        [
            0.0,
            0.0,
            0.0,
            0.0,
            0.0,
            0.0,
            0.0,
            0.0
        ],
        [
            0.0,
            0.0,
            0.0,
            0.0,
            0.0,
            0.0,
            0.0,
            0.0
        ]
    ],
    "retrieved_0_prompt": "move the idli plate to the right",
    "retrieved_1_state": [
        -0.3822827935218811,
        0.8299928307533264,
        -0.022812455892562866,
        -1.6729170083999634,
        0.15371045470237732,
        2.443793773651123,
        -0.20423494279384613,
        0.0
    ],