{
    "query_state": [
        0.23295333981513977,
        0.2003617137670517,
        0.2525816261768341,
        -2.5445449352264404,
        -0.059457335621118546,
        2.5381081104278564,
        0.1876654177904129,
        0.0
    ],
    "query_prompt": "move the squeegee to the right and try to drag it",
    "inference_time": true,
    "retrieved_0_state": [
        0.377183198928833,
        0.40215155482292175,
        0.010712441988289356,
        -2.6139888763427734,
        -0.5229304432868958,
        3.125044107437134,
        0.3370666801929474,
        0.0
    ],
    "retrieved_0_actions": [
        [
            0.40017228573560715,
            0.11788739822804928,
            -0.32819386571645737,
            0.07245602551847696,
            -0.08921033702790737,
            0.3481762111186981,
            0.16632549464702606,
            0.0
        ],
        [
            0.35254430025815964,
            0.13061728328466415,
            -0.29257435351610184,
            0.05100752227008343,
            -0.0338116311468184,
            0.29814280569553375,
            0.13732180930674076,
            0.0
        ],
        [
            0.28963368386030197,
            0.12516696006059647,
            -0.24795347824692726,
            0.02123249229043722,
            0.003067509678658098,
            0.24997882544994354,
            0.11146312579512596,
            0.25
        ],
        [
            0.21517332643270493,
            0.10532126761972904,
            -0.19526168704032898,
            -0.0017866992857307196,
            0.02542222384363413,
            0.21064555272459984,
            0.09265724569559097,
            0.31167397714705347
        ],
        [
            0.17584411427378654,
            0.0856549758464098,
            -0.19203513860702515,
            -0.00917476776521653,
            0.034781964495778084,
            0.17579227685928345,
            0.07766594178974628,
            0.4438326373468501
        ],
        [
            0.15350240282714367,
            0.0759825948625803,
            -0.1905963383615017,
            -0.009329157182946801,
            0.04089260008186102,
            0.15527335926890373,
            0.07328364998102188,
            0.5539647519171439
        ],
        [
            0.20611798390746117,
            0.0524015910923481,
            -0.25337690487504005,
            -0.0026396370958536863,
            0.07181883789598942,
            0.10634578764438629,
            0.1077949721366167,
            0.6949339427148531
        ],
        [
            -0.18671933561563492,
            0.013146755518391728,
            0.10872224345803261,
            -0.04414132796227932,
            0.05363809410482645,
            -0.060428064316511154,
            0.044681490398943424,
            0.8226872499618048
        ],
        [
            -0.5471624806523323,
            -0.005469569587148726,
            0.4020911455154419,
            -0.05560505669564009,
            0.06297755055129528,
            -0.19291432574391365,
            0.00912123592570424,
            0.9636563969325698
        ],
        [
            -0.6788574904203415,
            -0.000284578200080432,
            0.46648096293210983,
            -0.04277249798178673,
            0.08935045450925827,
            -0.24569159373641014,
            -0.013869531685486436,
            1.0
        ],
        [
            -0.7672237604856491,
            -9.759627573657781e-05,
            0.47486718744039536,
            -0.03195606870576739,
            0.12025623582303524,
            -0.2718445286154747,
            -0.07558266166597605,
            1.0
        ],
        [
            -0.6173538416624069,
            -0.019982783123850822,
            0.4280472919344902,
            -0.07382435724139214,
            0.8458125591278076,
            -0.2654290199279785,
            -0.6942236423492432,
            0.9823788552590624
        ],
        [
            -0.5483280494809151,
            -0.026975907385349274,
            0.34077662974596024,
            0.024258929770439863,
            0.7039002329111099,
            -0.4109056293964386,
            -0.6174813956022263,
            0.7279735680466339
        ],
        [
            -0.31935572624206543,
            -0.05703852977603674,
            0.13745620846748352,
            0.09067336097359657,
            0.5255523324012756,
            -0.3986571729183197,
            -0.4830125719308853,
            0.7323788552590624
        ],
        [
            -0.13599415309727192,
            -0.07300069089978933,
            0.006351174088194966,
            0.11377199552953243,
            0.3914358466863632,
            -0.34722641110420227,
            -0.36923978477716446,
            0.6354625543903335
        ]
    ],
    "retrieved_0_prompt": "move the squeegee to the right and try to drag it",
    "retrieved_1_state": [
        0.3945159614086151,
        0.3565080761909485,
        -0.06434813141822815,
        -2.570263147354126,
        -0.2133503258228302,
        3.0109307765960693,
        0.1369062066078186,
        0.7577092471433817
    ],