{
    "query_state": [
        -0.012977860867977142,
        0.3026755750179291,
        -0.06695158034563065,
        -2.4143335819244385,
        0.06320663541555405,
        2.460611581802368,
        0.11286745220422745,
        0.8193832571606434
    ],
    "query_prompt": "move the squeegee to the right and try to drag it",
    "inference_time": true,
    "retrieved_0_state": [
        0.019730502739548683,
        0.42146262526512146,
        -0.09782680869102478,
        -2.4041895866394043,
        -0.058837175369262695,
        2.8541972637176514,
        0.08007120341062546,
        0.7753303959930953
    ],
    "retrieved_0_actions": [
        [
            -0.6773015111684799,
            0.23483837023377419,
            0.362502820789814,
            0.3670409321784973,
            0.5391484871506691,
            -0.3564126417040825,
            -0.4772898182272911,
            0.9438325989982739
        ],
        [
            -0.5995841696858406,
            0.24686317890882492,
            0.2838163264095783,
            0.36684319376945496,
            0.5027085170149803,
            -0.3020336292684078,
            -0.43359100818634033,
            0.9438325989982739
        ],
        [
            -0.5335491523146629,
            0.22796962410211563,
            0.17561618238687515,
            0.3366956487298012,
            0.4424980655312538,
            -0.23563500493764877,
            -0.38317032158374786,
            0.9438325989982739
        ],
        [
            -0.40002472698688507,
            0.15973176807165146,
            0.05191104020923376,
            0.25327064096927643,
            0.2866816520690918,
            -0.13806563802063465,
            -0.32211683690547943,
            0.5253303959930953
        ],
        [
            0.0,
            0.0,
            0.0,
            0.0,
            0.0,
            0.0,
            0.0,
            0.5253303959930953
        ],
        [
            0.0,
            0.0,
            0.0,
            0.0,
            0.0,
            0.0,
            0.0,
            0.5253303959930953
        ],
        [
            0.0,
            0.0,
            0.0,
            0.0,
            0.0,
            0.0,
            0.0,
            0.5253303959930953
        ],
        [
            0.0,
            0.0,
            0.0,
            0.0,
            0.0,
            0.0,
            0.0,
            0.5253303959930953
        ],
        [
            0.0,
            0.0,
            0.0,
            0.0,
            0.0,
            0.0,
            0.0,
            0.5253303959930953
        ],
        [
            0.0,
            0.0,
            0.0,
            0.0,
            0.0,
            0.0,
            0.0,
            0.5253303959930953
        ],
        [
            0.0,
            0.0,
            0.0,
            0.0,
            0.0,
            0.0,
            0.0,
            0.5253303959930953
        ],
        [
            0.0,
            0.0,
            0.0,
            0.0,
            0.0,
            0.0,
            0.0,
            0.5253303959930953
        ],
        [
            0.0,
            0.0,
            0.0,
            0.0,
            0.0,
            0.0,
            0.0,
            0.5253303959930953
        ],
        [
            0.0,
            0.0,
            0.0,
            0.0,
            0.0,
            0.0,
            0.0,
            0.5253303959930953
        ],
        [
            0.0,
            0.0,
            0.0,
            0.0,
            0.0,
            0.0,
            0.0,
            0.5253303959930953
        ]
    ],
    "retrieved_0_prompt": "move the squeegee to the right and try to drag it",
    "retrieved_1_state": [
        -0.11361496150493622,
        0.4426698088645935,
        -0.03869468718767166,
        -2.3527944087982178,
        0.046969473361968994,
        2.788111925125122,
        -0.006389693822711706,
        0.7753303959930953
    ],
    "retrieved_1_actions": [
        [
            -0.5335491523146629,
            0.22796962410211563,
            0.17561618238687515,
            0.3366956487298012,
            0.4424980655312538,
            -0.23563500493764877,
            -0.38317032158374786,
            0.9438325989982739
        ],
        [
            -0.40002472698688507,
            0.15973176807165146,
            0.05191104020923376,
            0.25327064096927643,
            0.2866816520690918,
            -0.13806563802063465,
            -0.32211683690547943,
            0.5253303959930953
        ],
        [
            0.0,
            0.0,
            0.0,
            0.0,
            0.0,
            0.0,
            0.0,
            0.5253303959930953
        ],
        [
            0.0,
            0.0,
            0.0,
            0.0,
            0.0,
            0.0,
            0.0,
            0.5253303959930953
        ],
        [
            0.0,
            0.0,
            0.0,
            0.0,
            0.0,
            0.0,
            0.0,
            0.5253303959930953
        ],
        [
            0.0,
            0.0,
            0.0,
            0.0,
            0.0,
            0.0,
            0.0,
            0.5253303959930953
        ],
        [
            0.0,
            0.0,
            0.0,
            0.0,
            0.0,
            0.0,
            0.0,
            0.5253303959930953
        ],
        [
            0.0,
            0.0,
            0.0,
            0.0,
            0.0,
            0.0,
            0.0,
            0.5253303959930953
        ],
        [
            0.0,
            0.0,
            0.0,
            0.0,
            0.0,
            0.0,
            0.0,
            0.5253303959930953
        ],
        [
            0.0,
            0.0,
            0.0,
            0.0,
            0.0,
            0.0,
            0.0,
            0.5253303959930953
        ],
        [
            0.0,
            0.0,
            0.0,
            0.0,
            0.0,
            0.0,
            0.0,
            0.5253303959930953
        ],
        [
            0.0,
            0.0,
            0.0,
            0.0,
            0.0,
            0.0,
            0.0,
            0.5253303959930953
        ],
        [
            0.0,
            0.0,
            0.0,
            0.0,
            0.0,
            0.0,
            0.0,
            0.5253303959930953
        ],
        [
            0.0,
            0.0,
            0.0,
            0.0,
            0.0,
            0.0,
            0.0,
            0.5253303959930953
        ],
        [
            0.0,
            0.0,
            0.0,
            0.0,
            0.0,
            0.0,
            0.0,
            0.5253303959930953
        ]
    ],
    "retrieved_1_prompt": "move the squeegee to the right and try to drag it",
    "retrieved_2_state": [
        -0.04947322979569435,
        0.43434202671051025,
        -0.06886324286460876,
        -2.379568338394165,
        -0.009593226946890354,
        2.8219234943389893,
        0.037666067481040955,
        0.7753303959930953
    ],