{
    "query_state": [
        -0.062174420803785324,
        -0.15614953637123108,
        -0.06471946090459824,
        -2.299875259399414,
        -0.07907704263925552,
        2.0520102977752686,
        -0.07110271602869034,
        0.0
    ],
    "query_prompt": "pick up the bagel and put it in the toaster",
    "inference_time": true,
    "retrieved_0_state": [
        -0.04580876976251602,
        -0.1904396414756775,
        -0.11419247090816498,
        -2.326340436935425,
        -0.07532699406147003,
        2.099133014678955,
        -0.20180995762348175,
        0.0
    ],
    "retrieved_0_actions": [
        [
            -0.05718695931136608,
            0.7221011817455292,
            -0.03131759585812688,
            0.30825741589069366,
            0.06327249109745026,
            0.4048905149102211,
            -0.29160210862755775,
            0.0
        ],
        [
            -0.08357378654181957,
            0.6877613067626953,
            -0.001947207492776215,
            0.307245384901762,
            0.04754489753395319,
            0.40016066282987595,
            -0.24741357192397118,
            0.0
        ],
        [
            -0.10972770862281322,
            0.6543612480163574,
            0.01638104789890349,
            0.34787818789482117,
            0.052779787220060825,
            0.3620290756225586,
            -0.21984519436955452,
            0.0
        ],
        [
            -0.13976797461509705,
            0.612766295671463,
            0.03408461809158325,
            0.4143359139561653,
            0.10292956605553627,
            0.2611509710550308,
            -0.21156460046768188,
            0.0
        ],
        [
            -0.16595102846622467,
            0.5444956943392754,
            0.0537004042416811,
            0.44582217931747437,
            0.12077882885932922,
            0.17880966886878014,
            -0.20769326016306877,
            0.0
        ],
        [
            -0.18455637618899345,
            0.4850409924983978,
            0.07371236104518175,
            0.4609625041484833,
            0.11811661534011364,
            0.10873488150537014,
            -0.22231029346585274,
            0.0
        ],
        [
            -0.18843378871679306,
            0.4477635398507118,
            0.0885836873203516,
            0.4570692777633667,
            0.11323357932269573,
            0.06636780686676502,
            -0.20100444555282593,
            0.0
        ],
        [
            -0.18028093501925468,
            0.4358486458659172,
            0.10521876625716686,
            0.4053392633795738,
            0.09985813871026039,
            0.06706873886287212,
            -0.17475662752985954,
            0.0
        ],
        [
            -0.17163878306746483,
            0.40720384567976,
            0.1342538185417652,
            0.356321819126606,
            0.11713512241840363,
            0.05981541704386473,
            -0.16619304195046425,
            0.0
        ],
        [
            -0.16775235533714294,
            0.38560591638088226,
            0.1679668389260769,
            0.31833644956350327,
            0.1454856339842081,
            0.07768177427351475,
            -0.17184367403388023,
            0.0
        ],
        [
            -0.17166443169116974,
            0.3522099182009697,
            0.20639441907405853,
            0.32183144241571426,
            0.19084317609667778,
            0.05335974507033825,
            -0.18575090914964676,
            0.0
        ],
        [
            -0.15942219644784927,
            0.2914333902299404,
            0.21764887496829033,
            0.31350355595350266,
            0.19393252208828926,
            0.04163334146142006,
            -0.1732657104730606,
            0.0
        ],
        [
            -0.11465109884738922,
            0.2320006862282753,
            0.17347536981105804,
            0.297753494232893,
            0.1194547675549984,
            0.09442254900932312,
            -0.092185502871871,
            0.0
        ],
        [
            -0.1153466198593378,
            0.16792630776762962,
            0.1617995649576187,
            0.28020231053233147,
            0.10829473845660686,
            0.0889991968870163,
            -0.0929754227399826,
            0.0
        ],
        [
            -0.11041204445064068,
            0.14959612861275673,
            0.13855714350938797,
            0.2415533922612667,
            0.0828793179243803,
            0.0799104105681181,
            -0.08526320569217205,
            0.0
        ]
    ],
    "retrieved_0_prompt": "pick up the bagel and put it in the toaster",
    "retrieved_1_state": [
        -0.10010117292404175,
        0.33742937445640564,
        -0.10154253989458084,
        -1.9956564903259277,
        -0.0772179588675499,
        2.3613338470458984,
        0.017184190452098846,
        0.0
    ],