{
    "query_state": [
        0.04248800873756409,
        0.12039878219366074,
        0.0724659264087677,
        -2.0245182514190674,
        -0.024603156372904778,
        1.8708446025848389,
        -0.0932820737361908,
        0.05286344654914088
    ],
    "query_prompt": "pick up the bagel and put it in the toaster",
    "inference_time": true,
    "retrieved_0_state": [
        0.0142026636749506,
        -0.6010043621063232,
        0.004332851152867079,
        -2.5162899494171143,
        -0.02389245107769966,
        1.9058747291564941,
        0.028418002650141716,
        0.0
    ],
    "retrieved_0_actions": [
        [
            -0.021507530473172665,
            0.0018719365471042693,
            0.019540865905582905,
            0.00946367799770087,
            0.012314587365835905,
            -0.011335862800478935,
            -0.009256681078113616,
            0.0
        ],
        [
            -0.07117613218724728,
            0.09693200699985027,
            -0.005739257903769612,
            0.029840352945029736,
            -0.09228838607668877,
            0.09690401144325733,
            -0.060581741854548454,
            0.0
        ],
        [
            -0.11292762123048306,
            0.16283856704831123,
            -0.06733275949954987,
            0.06952770054340363,
            -0.13716038316488266,
            0.11325469240546227,
            -0.13640165328979492,
            0.0
        ],
        [
            -0.15911467373371124,
            0.25120414793491364,
            -0.14072139747440815,
            0.13966917991638184,
            -0.1777387037873268,
            0.1284409686923027,
            -0.21392326802015305,
            0.0
        ],
        [
            -0.18140338361263275,
            0.33433105796575546,
            -0.18490919843316078,
            0.21861635148525238,
            -0.19364574924111366,
            0.13070711866021156,
            -0.26987574994564056,
            0.0
        ],
        [
            -0.18590139225125313,
            0.4409753158688545,
            -0.21311188116669655,
            0.2913329191505909,
            -0.20408250391483307,
            0.15967056155204773,
            -0.3244536742568016,
            0.0
        ],
        [
            -0.16804911196231842,
            0.5698273330926895,
            -0.22871438413858414,
            0.3515104576945305,
            -0.1813989132642746,
            0.2277645654976368,
            -0.3567148372530937,
            0.0
        ],
        [
            -0.13276727870106697,
            0.6555885821580887,
            -0.20501060411334038,
            0.37563521414995193,
            -0.14062847942113876,
            0.2805848605930805,
            -0.34255851060152054,
            0.0
        ],
        [
            -0.09421676397323608,
            0.695481151342392,
            -0.16061024740338326,
            0.37646856158971786,
            -0.08852057158946991,
            0.31109025701880455,
            -0.2961459755897522,
            0.0
        ],
        [
            -0.06770966574549675,
            0.7006818801164627,
            -0.1114608533680439,
            0.36461882293224335,
            -0.037420124281197786,
            0.3470240905880928,
            -0.23185988888144493,
            0.0
        ],
        [
            -0.052559515461325645,
            0.6976129859685898,
            -0.08049781434237957,
            0.35299479961395264,
            0.038448311388492584,
            0.35946354269981384,
            -0.18637729808688164,
            0.0
        ],
        [
            -0.06059849634766579,
            0.6819262355566025,
            -0.034966617822647095,
            0.34368112683296204,
            0.052729081362485886,
            0.3419835865497589,
            -0.10281424038112164,
            0.0
        ],
        [
            -0.06099965889006853,
            0.6132584065198898,
            -0.004685594176407903,
            0.3499878942966461,
            0.0695833470672369,
            0.275504644960165,
            -0.06614027079194784,
            0.0
        ],
        [
            -0.06426218897104263,
            0.5834867060184479,
            0.016878385795280337,
            0.3427393361926079,
            0.05507884081453085,
            0.26716943830251694,
            -0.029422699008136988,
            0.0
        ],
        [
            -0.06788196042180061,
            0.5338120087981224,
            0.03301175311207771,
            0.3356092795729637,
            0.06278782151639462,
            0.22548766806721687,
            -0.002314444282092154,
            0.0
        ]
    ],
    "retrieved_0_prompt": "pick up the bagel and put it in the toaster",
    "retrieved_1_state": [
        0.11485978960990906,
        0.30826839804649353,
        0.06804345548152924,
        -1.902452826499939,
        -0.08559376001358032,
        2.1220879554748535,
        0.2262767106294632,
        0.5374449522623775
    ],
    "retrieved_1_actions": [
        [
            0.0423564575612545,
            -0.06589906755834818,
            -0.03915074281394482,
            0.017838181229308248,
            0.011480130488052964,
            -0.09102757088840008,
            0.09114625863730907,
            0.216960356863523
        ],
        [
            0.0,
            0.0,
            0.0,
            0.0,
            0.0,
            0.0,
            0.0,
            0.216960356863523
        ],
        [
            0.0,
            0.0,
            0.0,
            0.0,
            0.0,
            0.0,
            0.0,
            0.216960356863523
        ],
        [
            0.0,
            0.0,
            0.0,
            0.0,
            0.0,
            0.0,
            0.0,
            0.216960356863523
        ],
        [
            0.0,
            0.0,
            0.0,
            0.0,
            0.0,
            0.0,
            0.0,
            0.216960356863523
        ],
        [
            0.0,
            0.0,
            0.0,
            0.0,
            0.0,
            0.0,
            0.0,
            0.216960356863523
        ],
        [
            0.0,
            0.0,
            0.0,
            0.0,
            0.0,
            0.0,
            0.0,
            0.216960356863523
        ],
        [
            0.0,
            0.0,
            0.0,
            0.0,
            0.0,
            0.0,
            0.0,
            0.216960356863523
        ],
        [
            0.0,
            0.0,
            0.0,
            0.0,
            0.0,
            0.0,
            0.0,
            0.216960356863523
        ],
        [
            0.0,
            0.0,
            0.0,
            0.0,
            0.0,
            0.0,
            0.0,
            0.216960356863523
        ],
        [
            0.0,
            0.0,
            0.0,
            0.0,
            0.0,
            0.0,
            0.0,
            0.216960356863523
        ],
        [
            0.0,
            0.0,
            0.0,
            0.0,
            0.0,
            0.0,
            0.0,
            0.216960356863523
        ],
        [
            0.0,
            0.0,
            0.0,
            0.0,
            0.0,
            0.0,
            0.0,
            0.216960356863523
        ],
        [
            0.0,
            0.0,
            0.0,
            0.0,
            0.0,
            0.0,
            0.0,
            0.216960356863523
        ],
        [
            0.0,
            0.0,
            0.0,
            0.0,
            0.0,
            0.0,
            0.0,
            0.216960356863523
        ]
    ],
    "retrieved_1_prompt": "pick up the bagel and put it in the toaster",