{
    "query_state": [
        -0.0031306257005780935,
        -0.1624237298965454,
        0.037856947630643845,
        -2.5999114513397217,
        -0.0918605700135231,
        2.5595858097076416,
        0.06308135390281677,
        0.0
    ],
    "query_prompt": "pick up the poke ball and put it in the tray",
    "inference_time": true,
    "retrieved_0_state": [
        -0.000992695684544742,
        -0.021543096750974655,
        0.015639344230294228,
        -2.5411112308502197,
        -0.05736372992396355,
        2.6951775550842285,
        0.04398875683546066,
        0.0
    ],
    "retrieved_0_actions": [
        [
            0.04942039493471384,
            0.4506434127688408,
            0.02297043800354004,
            0.338347889482975,
            0.1908452995121479,
            0.21492203697562218,
            -0.08355028927326202,
            0.0
        ],
        [
            0.04228540230542421,
            0.4245610907673836,
            0.031375561375170946,
            0.3066989593207836,
            0.17419546842575073,
            0.20541105419397354,
            -0.07007301319390535,
            0.0
        ],
        [
            0.03526574466377497,
            0.42119745165109634,
            0.03345267614349723,
            0.26136087253689766,
            0.1417944487184286,
            0.21372932940721512,
            -0.0555874640122056,
            0.0
        ],
        [
            0.029906148556619883,
            0.40819186717271805,
            0.03708998207002878,
            0.23261887952685356,
            0.13213414698839188,
            0.20924558863043785,
            -0.053492370061576366,
            0.0
        ],
        [
            0.024582657497376204,
            0.39251044392585754,
            0.04902818240225315,
            0.225860346108675,
            0.14069614000618458,
            0.20469218492507935,
            -0.0712544983252883,
            0.0
        ],
        [
            0.024858361575752497,
            0.35857971757650375,
            0.05327108781784773,
            0.24311188608407974,
            0.1317967288196087,
            0.17504680901765823,
            -0.06457884330302477,
            0.0
        ],
        [
            0.03711773315444589,
            0.3405715525150299,
            0.0361685617826879,
            0.26527944952249527,
            0.08792107924818993,
            0.16744358465075493,
            -0.04724184051156044,
            0.0
        ],
        [
            0.07228602655231953,
            0.2937440760433674,
            -0.007462977082468569,
            0.29424188658595085,
            0.01050877501256764,
            0.12088239192962646,
            -0.004294873797334731,
            0.0
        ],
        [
            0.10093480348587036,
            0.2533818781375885,
            -0.04411884117871523,
            0.30425915494561195,
            -0.050481781363487244,
            0.09456108324229717,
            0.018719276413321495,
            0.0
        ],
        [
            0.09369817562401295,
            0.21911939606070518,
            -0.034573094453662634,
            0.27990762144327164,
            -0.04349485971033573,
            0.09683344513177872,
            -0.00397950439946726,
            0.0
        ],
        [
            0.08141746744513512,
            0.2045515738427639,
            -0.017300769686698914,
            0.25512227788567543,
            -0.03219401929527521,
            0.098467618227005,
            -0.02601414918899536,
            0.0
        ],
        [
            0.07584480568766594,
            0.20027529448270798,
            -0.01756787416525185,
            0.23313898593187332,
            -0.028745620511472225,
            0.0908258743584156,
            -0.017721347976475954,
            0.0
        ],
        [
            0.08485626429319382,
            0.1992698386311531,
            -0.03429639618843794,
            0.21731926128268242,
            -0.04827331751585007,
            0.08632396347820759,
            0.0004692175207310356,
            0.0
        ],
        [
            0.13004524633288383,
            0.1964273676276207,
            -0.10475248098373413,
            0.20175907760858536,
            -0.12687405571341515,
            0.09079504758119583,
            0.047249626368284225,
            0.0
        ],
        [
            0.20935656502842903,
            0.19073780626058578,
            -0.2253131940960884,
            0.1892680488526821,
            -0.2429189719259739,
            0.08352560922503471,
            0.1296122744679451,
            0.0
        ]
    ],
    "retrieved_0_prompt": "pick up the poke ball and put it in the tray",
    "retrieved_1_state": [
        0.014762342907488346,
        -0.05908593535423279,
        0.06563877314329147,
        -2.6208581924438477,
        -0.17080332338809967,
        2.8913004398345947,
        0.12588563561439514,
        0.0
    ],