{
    "query_state": [
        -0.002990222070366144,
        -0.598613977432251,
        -0.0018106938805431128,
        -2.5162742137908936,
        -0.030446495860815048,
        1.9082609415054321,
        0.021927498281002045,
        0.0
    ],
    "query_prompt": "pick up the poke ball and put it in the tray",
    "inference_time": true,
    "retrieved_0_state": [
        -0.002837227191776037,
        -0.6142475008964539,
        -0.00011890289897564799,
        -2.5375030040740967,
        -0.027080196887254715,
        1.9176990985870361,
        0.022180212661623955,
        0.0
    ],
    "retrieved_0_actions": [
        [
            -0.009525506757199764,
            0.001799896126613021,
            0.009395780507475138,
            0.009356026421301067,
            0.00642272352706641,
            -0.011439395602792501,
            -0.003806132881436497,
            0.0
        ],
        [
            0.07786218542605639,
            0.1142263226211071,
            0.057485499419271946,
            -0.08182882331311703,
            0.03552469424903393,
            0.34470222890377045,
            -0.05664524622261524,
            0.0
        ],
        [
            0.13351846486330032,
            0.16596460714936256,
            0.06008417811244726,
            -0.04372555762529373,
            0.11865468695759773,
            0.4526630789041519,
            -0.060135433450341225,
            0.0
        ],
        [
            0.17857030034065247,
            0.21744543686509132,
            0.04585603717714548,
            -0.06714593153446913,
            0.20330198109149933,
            0.49449726939201355,
            -0.0984759721904993,
            0.0
        ],
        [
            0.19278442487120628,
            0.2866111509501934,
            0.043137953616678715,
            -0.10930764488875866,
            0.25352947413921356,
            0.5405985191464424,
            -0.10030333884060383,
            0.0
        ],
        [
            0.1885129138827324,
            0.3497627377510071,
            0.026678992435336113,
            -0.14244635589420795,
            0.2950654923915863,
            0.5509393289685249,
            -0.13135011307895184,
            0.0
        ],
        [
            0.15641598030924797,
            0.43100476264953613,
            0.059538460336625576,
            -0.14819331467151642,
            0.25295302271842957,
            0.5691992864012718,
            -0.11329594999551773,
            0.0
        ],
        [
            0.09406873025000095,
            0.48608217388391495,
            0.09978711605072021,
            -0.11926609091460705,
            0.14051305130124092,
            0.5635659024119377,
            -0.0754428468644619,
            0.0
        ],
        [
            0.004305820039007813,
            0.5701712891459465,
            0.14692505821585655,
            -0.05993655417114496,
            -0.04771299660205841,
            0.5354870483279228,
            8.16323790786555e-05,
            0.0
        ],
        [
            -0.02147966530174017,
            -0.0019744540622923523,
            0.023012910969555378,
            0.004459501942619681,
            0.00963277299888432,
            -0.0088837172370404,
            -0.0068403949262574315,
            0.0
        ],
        [
            -0.03204323351383209,
            0.15693698078393936,
            0.01210612477734685,
            0.01156377256847918,
            0.004247983160894364,
            0.24045515805482864,
            -0.03369369311258197,
            0.0
        ],
        [
            -0.036938958801329136,
            0.3522184491157532,
            -0.009693752508610487,
            0.07488111034035683,
            0.03186303423717618,
            0.4070296138525009,
            -0.06372570991516113,
            0.0
        ],
        [
            -0.05873552057892084,
            0.4709082469344139,
            -0.005332673899829388,
            0.13890231028199196,
            -0.009148813551291823,
            0.44320885092020035,
            -0.04300188738852739,
            0.0
        ],
        [
            -0.06175620015710592,
            0.5093474686145782,
            -0.016761095030233264,
            0.1863517053425312,
            -0.0031904419302009046,
            0.3960699588060379,
            -0.05404063034802675,
            0.0
        ],
        [
            -0.036472214851528406,
            0.5256550759077072,
            -0.029757616575807333,
            0.29304903000593185,
            0.08652308955788612,
            0.2370457723736763,
            -0.08674846962094307,
            0.0
        ]
    ],
    "retrieved_0_prompt": "pick up the poke ball and put it in the tray",
    "retrieved_1_state": [
        -0.0018098335713148117,
        -0.5820348262786865,
        0.004589135758578777,
        -2.528890609741211,
        -0.028916237875819206,
        1.9560781717300415,
        0.017669737339019775,
        0.0
    ],