{
    "query_state": [
        0.03281562775373459,
        -0.4238685071468353,
        0.11000384390354156,
        -2.476175308227539,
        -0.0008112333016470075,
        1.99382746219635,
        0.07368572801351547,
        0.0
    ],
    "query_prompt": "move the squeegee to the right and try to drag it",
    "inference_time": true,
    "retrieved_0_state": [
        0.04384806007146835,
        -0.45644086599349976,
        0.06904402375221252,
        -2.4908287525177,
        -0.03348726034164429,
        2.0383169651031494,
        0.013407379388809204,
        0.0
    ],
    "retrieved_0_actions": [
        [
            0.09336761198937893,
            0.6601335853338242,
            0.1475019659847021,
            0.312055516988039,
            -0.0571347214281559,
            0.34425415098667145,
            0.13046445325016975,
            0.0
        ],
        [
            0.07392263505607843,
            0.7202230393886566,
            0.14072886668145657,
            0.34192178398370743,
            -0.09190483950078487,
            0.3853871673345566,
            0.18113499507308006,
            0.0
        ],
        [
            0.0684787193313241,
            0.8075472712516785,
            0.12191903777420521,
            0.40410514920949936,
            -0.10863835923373699,
            0.39225395768880844,
            0.19494794309139252,
            0.0
        ],
        [
            0.07051125168800354,
            0.8918654173612595,
            0.0985365454107523,
            0.4653695970773697,
            -0.12515440583229065,
            0.3882891684770584,
            0.2026175521314144,
            0.0
        ],
        [
            0.07840700447559357,
            0.9333323687314987,
            0.07228882052004337,
            0.5194790661334991,
            -0.15088262036442757,
            0.3669528290629387,
            0.22690556943416595,
            0.0
        ],
        [
            0.09603183716535568,
            0.936206504702568,
            0.033975294791162014,
            0.5418575182557106,
            -0.17980406060814857,
            0.3464285284280777,
            0.253061018884182,
            0.0
        ],
        [
            0.12120680883526802,
            0.8884429931640625,
            -0.011602930026128888,
            0.5418786033987999,
            -0.21205123513936996,
            0.29992803931236267,
            0.2634599804878235,
            0.0
        ],
        [
            0.15646889805793762,
            0.8285506069660187,
            -0.06436937022954226,
            0.5314748734235764,
            -0.2317333221435547,
            0.255214124917984,
            0.28158023953437805,
            0.0
        ],
        [
            0.18880942836403847,
            0.7336168736219406,
            -0.125827481970191,
            0.4983249306678772,
            -0.22267527878284454,
            0.21193664520978928,
            0.25381263345479965,
            0.0
        ],
        [
            0.2138368971645832,
            0.6573984771966934,
            -0.1691887341439724,
            0.4607765004038811,
            -0.19266750663518906,
            0.1776011474430561,
            0.1979827880859375,
            0.0
        ],
        [
            0.23679135367274284,
            0.5787744373083115,
            -0.19948560744524002,
            0.42393893003463745,
            -0.1756887324154377,
            0.15197517350316048,
            0.17584392800927162,
            0.0
        ],
        [
            0.2590010315179825,
            0.49244485795497894,
            -0.2320116013288498,
            0.3774524852633476,
            -0.1708025299012661,
            0.1532396487891674,
            0.20112007856369019,
            0.0
        ],
        [
            0.2556035853922367,
            0.3824010118842125,
            -0.24787228554487228,
            0.31581584364175797,
            -0.13314111158251762,
            0.14166010543704033,
            0.23235587403178215,
            0.0
        ],
        [
            0.22402532398700714,
            0.27817701920866966,
            -0.2294435352087021,
            0.24925760924816132,
            -0.0829418282955885,
            0.10680426843464375,
            0.20924566313624382,
            0.0
        ],
        [
            0.1782781258225441,
            0.20108314231038094,
            -0.18368098884820938,
            0.20418062806129456,
            -0.03121103160083294,
            0.06826693192124367,
            0.15717435628175735,
            0.0
        ]
    ],
    "retrieved_0_prompt": "move the squeegee to the right and try to drag it",
    "retrieved_1_state": [
        0.01751459576189518,
        -0.4220520257949829,
        0.10079223662614822,
        -2.4640109539031982,
        -0.02665557712316513,
        2.077463388442993,
        0.039825305342674255,
        0.0
    ],