{
    "query_state": [
        0.003235291223973036,
        0.23739533126354218,
        -0.22101354598999023,
        -2.2024636268615723,
        -0.3466450572013855,
        2.490631580352783,
        0.28247371315956116,
        0.0
    ],
    "query_prompt": "pick up the poke ball and put it in the tray",
    "inference_time": true,
    "retrieved_0_state": [
        0.022440113127231598,
        0.2796323001384735,
        0.031397562474012375,
        -2.024961233139038,
        -0.009977011010050774,
        2.4724624156951904,
        0.046579282730817795,
        0.0
    ],
    "retrieved_0_actions": [
        [
            0.03190701128914952,
            0.26400865986943245,
            0.012954931007698178,
            0.4494454339146614,
            0.07112937979400158,
            -0.09658236056566238,
            -0.023842216469347477,
            0.0
        ],
        [
            0.05638919770717621,
            0.07334779482334852,
            -0.05709750112146139,
            0.02443289617076516,
            -0.07201109547168016,
            0.03850129200145602,
            0.039843833073973656,
            0.0
        ],
        [
            0.09371848776936531,
            0.18513094633817673,
            -0.06236241199076176,
            0.06367743946611881,
            -0.1246390026062727,
            0.09774434380233288,
            0.06913250777870417,
            0.0
        ],
        [
            0.10563855990767479,
            0.23127775639295578,
            -0.06393597461283207,
            0.09985120967030525,
            -0.12845534831285477,
            0.09219812229275703,
            0.08423064835369587,
            0.0
        ],
        [
            0.10215912014245987,
            0.24752795696258545,
            -0.0645911693572998,
            0.12872428633272648,
            -0.10794817470014095,
            0.08207056671380997,
            0.09303347207605839,
            0.0
        ],
        [
            0.09901737794280052,
            0.23653114214539528,
            -0.07467173039913177,
            0.14745589345693588,
            -0.10262051597237587,
            0.06875521037727594,
            0.10293788276612759,
            0.0
        ],
        [
            0.12441725470125675,
            0.2082686685025692,
            -0.11673379689455032,
            0.1603860966861248,
            -0.1719827577471733,
            0.05165970418602228,
            0.14184050261974335,
            0.0
        ],
        [
            0.13727287761867046,
            0.1796388067305088,
            -0.1430975180119276,
            0.16857372596859932,
            -0.2109423652291298,
            0.04539531655609608,
            0.1518605276942253,
            0.0
        ],
        [
            0.1285675447434187,
            0.16213953495025635,
            -0.1392053533345461,
            0.17407434061169624,
            -0.18253618851304054,
            0.03564008977264166,
            0.1371104083955288,
            0.0
        ],
        [
            0.11843737214803696,
            0.16729194670915604,
            -0.1271406188607216,
            0.172722227871418,
            -0.13984192162752151,
            0.027245795354247093,
            0.12641350738704205,
            0.0
        ],
        [
            0.11325161904096603,
            0.17181135714054108,
            -0.12054222635924816,
            0.1713414303958416,
            -0.1177592296153307,
            0.018760880921036005,
            0.12177134864032269,
            0.0
        ],
        [
            0.11156454682350159,
            0.18325768411159515,
            -0.12314336374402046,
            0.1771705225110054,
            -0.1192305888980627,
            0.009797710226848722,
            0.12211916968226433,
            0.0
        ],
        [
            0.10093679651618004,
            0.19072400406002998,
            -0.12006131000816822,
            0.1894858106970787,
            -0.10619131848216057,
            0.0010978790669469163,
            0.11156544089317322,
            0.0
        ],
        [
            0.0937133189290762,
            0.20068196579813957,
            -0.12012746185064316,
            0.20702023059129715,
            -0.10150969959795475,
            0.02292352495715022,
            0.09447246789932251,
            0.0
        ],
        [
            0.09876195341348648,
            0.20223990082740784,
            -0.12970935553312302,
            0.2282811515033245,
            -0.11702115647494793,
            0.028647633735090494,
            0.09156160987913609,
            0.0
        ]
    ],
    "retrieved_0_prompt": "pick up the poke ball and put it in the tray",
    "retrieved_1_state": [
        0.08069517463445663,
        0.26425209641456604,
        -0.32785874605178833,
        -2.2029848098754883,
        -0.4822697639465332,
        2.730724334716797,
        0.42284685373306274,
        0.8678414164973559
    ],