{
    "query_state": [
        -0.003960554953664541,
        0.13916489481925964,
        0.014398094266653061,
        -2.3708975315093994,
        -0.0863724872469902,
        2.619797945022583,
        0.05736915022134781,
        0.0
    ],
    "query_prompt": "pick up the poke ball and put it in the tray",
    "inference_time": true,
    "retrieved_0_state": [
        0.01460128091275692,
        0.21780362725257874,
        0.021747855469584465,
        -2.4106149673461914,
        -0.03340186923742294,
        2.808505058288574,
        0.04303058981895447,
        0.0
    ],
    "retrieved_0_actions": [
        [
            0.03711773315444589,
            0.3405715525150299,
            0.0361685617826879,
            0.26527944952249527,
            0.08792107924818993,
            0.16744358465075493,
            -0.04724184051156044,
            0.0
        ],
        [
            0.07228602655231953,
            0.2937440760433674,
            -0.007462977082468569,
            0.29424188658595085,
            0.01050877501256764,
            0.12088239192962646,
            -0.004294873797334731,
            0.0
        ],
        [
            0.10093480348587036,
            0.2533818781375885,
            -0.04411884117871523,
            0.30425915494561195,
            -0.050481781363487244,
            0.09456108324229717,
            0.018719276413321495,
            0.0
        ],
        [
            0.09369817562401295,
            0.21911939606070518,
            -0.034573094453662634,
            0.27990762144327164,
            -0.04349485971033573,
            0.09683344513177872,
            -0.00397950439946726,
            0.0
        ],
        [
            0.08141746744513512,
            0.2045515738427639,
            -0.017300769686698914,
            0.25512227788567543,
            -0.03219401929527521,
            0.098467618227005,
            -0.02601414918899536,
            0.0
        ],
        [
            0.07584480568766594,
            0.20027529448270798,
            -0.01756787416525185,
            0.23313898593187332,
            -0.028745620511472225,
            0.0908258743584156,
            -0.017721347976475954,
            0.0
        ],
        [
            0.08485626429319382,
            0.1992698386311531,
            -0.03429639618843794,
            0.21731926128268242,
            -0.04827331751585007,
            0.08632396347820759,
            0.0004692175207310356,
            0.0
        ],
        [
            0.13004524633288383,
            0.1964273676276207,
            -0.10475248098373413,
            0.20175907760858536,
            -0.12687405571341515,
            0.09079504758119583,
            0.047249626368284225,
            0.0
        ],
        [
            0.20935656502842903,
            0.19073780626058578,
            -0.2253131940960884,
            0.1892680488526821,
            -0.2429189719259739,
            0.08352560922503471,
            0.1296122744679451,
            0.0
        ],
        [
            0.20245270803570747,
            0.18311236053705215,
            -0.23555224761366844,
            0.1819184422492981,
            -0.23829583078622818,
            0.0651488034054637,
            0.13935009017586708,
            0.0
        ],
        [
            0.1702393963932991,
            0.16415636986494064,
            -0.2016298845410347,
            0.16970602795481682,
            -0.18502982333302498,
            0.04522065632045269,
            0.1268227957189083,
            0.25
        ],
        [
            0.1601402647793293,
            0.08942445740103722,
            -0.16030378639698029,
            0.2143724076449871,
            -0.14063073322176933,
            -0.07244536653161049,
            0.13399163261055946,
            0.32929512599676714
        ],
        [
            0.14979894272983074,
            0.03125400748103857,
            -0.14318369328975677,
            0.19658101722598076,
            -0.12035910971462727,
            -0.11786234565079212,
            0.1288553699851036,
            0.4658590076685757
        ],
        [
            0.12401469983160496,
            -0.009532020194455981,
            -0.12351027689874172,
            0.16493629664182663,
            -0.10317669250071049,
            -0.14008148573338985,
            0.11535679921507835,
            0.5759912098927581
        ],
        [
            0.07831008173525333,
            -0.08195332251489162,
            -0.10671340860426426,
            0.08029201067984104,
            -0.08000938221812248,
            -0.14570449478924274,
            0.08973619900643826,
            0.6949339427148531
        ]
    ],
    "retrieved_0_prompt": "pick up the poke ball and put it in the tray",
    "retrieved_1_state": [
        0.01627482660114765,
        0.2488306164741516,
        0.024278493598103523,
        -2.394865036010742,
        -0.0333336666226387,
        2.8207144737243652,
        0.043032459914684296,
        0.0
    ],