{
    "query_state": [
        -0.1330922245979309,
        0.39946508407592773,
        -0.1136818379163742,
        -2.0721497535705566,
        -0.1235913559794426,
        2.1906261444091797,
        -0.273222416639328,
        0.6872246736579992
    ],
    "query_prompt": "pick up the bagel and put it in the toaster",
    "inference_time": true,
    "retrieved_0_state": [
        -0.07558703422546387,
        0.19296881556510925,
        -0.11649356782436371,
        -2.0611066818237305,
        -0.09890736639499664,
        2.2214529514312744,
        -0.042226944118738174,
        0.8634361292849275
    ],
    "retrieved_0_actions": [
        [
            0.16047220677137375,
            -0.32541461288928986,
            0.17416344955563545,
            0.0901277456432581,
            -0.04480952396988869,
            -0.4564925655722618,
            0.25669656693935394,
            0.9658590323212319
        ],
        [
            0.1674836128950119,
            -0.18485276028513908,
            0.19396618008613586,
            0.12452743947505951,
            -0.0009249411232303828,
            -0.3474641963839531,
            0.26485079899430275,
            0.9658590323212319
        ],
        [
            0.1715724729001522,
            -0.107876006513834,
            0.20087022334337234,
            0.2324369177222252,
            0.04668782465159893,
            -0.3661268949508667,
            0.2548567205667496,
            0.9658590323212319
        ],
        [
            0.16964908689260483,
            -0.0005533126386580989,
            0.19291380420327187,
            0.31796615570783615,
            0.08842343464493752,
            -0.30988022685050964,
            0.22977469488978386,
            0.9658590323212319
        ],
        [
            0.15347838401794434,
            0.07852385751903057,
            0.16843128949403763,
            0.3716401755809784,
            0.10233481414616108,
            -0.280391164124012,
            0.2138729952275753,
            0.9658590323212319
        ],
        [
            0.13915850780904293,
            0.12953151017427444,
            0.1399991475045681,
            0.37583447992801666,
            0.0807633250951767,
            -0.21854858845472336,
            0.1994842290878296,
            0.9658590323212319
        ],
        [
            0.12394576333463192,
            0.1791536808013916,
            0.11584230698645115,
            0.3790803998708725,
            0.061996555887162685,
            -0.1920020766556263,
            0.19166091457009315,
            0.9658590323212319
        ],
        [
            0.1094130426645279,
            0.21617142483592033,
            0.09196681901812553,
            0.3460890054702759,
            0.06478269584476948,
            -0.1567772962152958,
            0.19905751571059227,
            0.9658590323212319
        ],
        [
            0.11024554260075092,
            0.23736199364066124,
            0.07289954926818609,
            0.27157895267009735,
            0.028577693738043308,
            -0.08462854661047459,
            0.23672467097640038,
            0.9658590323212319
        ],
        [
            0.09154899977147579,
            0.26086704805493355,
            0.042339772917330265,
            0.11893216520547867,
            -0.007720331777818501,
            0.0747290113940835,
            0.24111870676279068,
            0.9658590323212319
        ],
        [
            0.06651975214481354,
            0.2648645453155041,
            0.013675709487870336,
            0.038939418736845255,
            0.002018144296016544,
            0.14935387298464775,
            0.20936556160449982,
            0.9658590323212319
        ],
        [
            0.05039514508098364,
            0.25187961757183075,
            -0.007996351923793554,
            0.014237791765481234,
            0.010217087110504508,
            0.17540276050567627,
            0.18682127818465233,
            0.9658590323212319
        ],
        [
            0.04282287321984768,
            0.2172018215060234,
            -0.025784717872738838,
            0.0018613733118399978,
            0.012553319102153182,
            0.17355620861053467,
            0.17391275614500046,
            0.9658590323212319
        ],
        [
            0.03798903897404671,
            0.16336437314748764,
            -0.0468865130096674,
            -0.0181979953777045,
            0.01076906337402761,
            0.1659897342324257,
            0.14694207347929478,
            0.9658590323212319
        ],
        [
            0.037340468261390924,
            0.11824571527540684,
            -0.061580557376146317,
            -0.03372333711013198,
            -0.0003822077633230947,
            0.15250034630298615,
            0.12581869959831238,
            0.9658590323212319
        ]
    ],
    "retrieved_0_prompt": "pick up the bagel and put it in the toaster",
    "retrieved_1_state": [
        -0.1889989972114563,
        0.3895703852176666,
        -0.08688919991254807,
        -2.0253963470458984,
        0.01261220220476389,
        2.477095127105713,
        -0.25963911414146423,
        0.8634361292849275
    ],