{
    "query_state": [
        -0.026166442781686783,
        -0.5466670393943787,
        -0.017369301989674568,
        -2.518392562866211,
        -0.040915314108133316,
        1.9468717575073242,
        0.014289635233581066,
        0.0
    ],
    "query_prompt": "pick up the bagel and put it in the toaster",
    "inference_time": true,
    "retrieved_0_state": [
        -0.04705158248543739,
        -0.547568678855896,
        -0.03227783739566803,
        -2.5626375675201416,
        -0.11357379704713821,
        2.005873203277588,
        0.014336032792925835,
        0.0
    ],
    "retrieved_0_actions": [
        [
            -0.1700730063021183,
            0.31639937311410904,
            -0.18352139741182327,
            -0.113968001678586,
            -0.1728895865380764,
            0.4225755110383034,
            -0.20886346697807312,
            0.0
        ],
        [
            -0.1596105843782425,
            0.40492091327905655,
            -0.16958847641944885,
            -0.08898367173969746,
            -0.1548493094742298,
            0.4892370104789734,
            -0.1860027201473713,
            0.0
        ],
        [
            -0.14708410948514938,
            0.4925578832626343,
            -0.1633298583328724,
            -0.027938487473875284,
            -0.1043611578643322,
            0.5299811437726021,
            -0.1463252492249012,
            0.0
        ],
        [
            -0.12377162463963032,
            0.548173114657402,
            -0.14750762842595577,
            0.018982271431013942,
            -0.05908879451453686,
            0.5477578565478325,
            -0.13407722115516663,
            0.0
        ],
        [
            -0.10481953620910645,
            0.6054997816681862,
            -0.1286796759814024,
            0.05937383510172367,
            -0.038397531025111675,
            0.5476224422454834,
            -0.13724961318075657,
            0.0
        ],
        [
            -0.07904884405434132,
            0.654010996222496,
            -0.1226364728063345,
            0.07894322276115417,
            -0.0019689169130288064,
            0.5678316205739975,
            -0.18667593598365784,
            0.0
        ],
        [
            -0.0627064285799861,
            0.67603699862957,
            -0.09589379653334618,
            0.11608721688389778,
            0.03119917120784521,
            0.5359428748488426,
            -0.18377754837274551,
            0.0
        ],
        [
            -0.047266059555113316,
            0.6639670580625534,
            -0.06085291504859924,
            0.14680887572467327,
            0.0695141963660717,
            0.48896897584199905,
            -0.16365358605980873,
            0.0
        ],
        [
            -0.0408273097127676,
            0.6115482375025749,
            -0.02880658023059368,
            0.1765034906566143,
            0.0906466692686081,
            0.39961181581020355,
            -0.14330213889479637,
            0.0
        ],
        [
            -0.03698420478031039,
            0.5429300293326378,
            -0.004046251997351646,
            0.18413623794913292,
            0.10828081518411636,
            0.3499424457550049,
            -0.1498583983629942,
            0.0
        ],
        [
            -0.03226727247238159,
            0.49683988094329834,
            0.019130230648443103,
            0.201828945428133,
            0.10719622485339642,
            0.33020444214344025,
            -0.14781192876398563,
            0.0
        ],
        [
            -0.025368172209709883,
            0.43942317366600037,
            0.03998285625129938,
            0.2119746059179306,
            0.11065058410167694,
            0.30349668115377426,
            -0.11583642102777958,
            0.0
        ],
        [
            -0.023890542797744274,
            0.37183206528425217,
            0.058596404269337654,
            0.20194444805383682,
            0.13007191941142082,
            0.2780534513294697,
            -0.11942743323743343,
            0.0
        ],
        [
            -0.019013327546417713,
            0.3169901669025421,
            0.07866103202104568,
            0.18185194581747055,
            0.13827367685735226,
            0.288376621901989,
            -0.12138496153056622,
            0.0
        ],
        [
            -0.018564565107226372,
            0.27094999328255653,
            0.0968285370618105,
            0.16745924949645996,
            0.16093168407678604,
            0.25184255093336105,
            -0.12492762878537178,
            0.0
        ]
    ],
    "retrieved_0_prompt": "pick up the bagel and put it in the toaster",
    "retrieved_1_state": [
        -0.02899298630654812,
        -0.5689418911933899,
        -0.015219280496239662,
        -2.546368360519409,
        -0.09507381916046143,
        1.9707599878311157,
        0.024247359484434128,
        0.0
    ],