{
    "query_state": [
        0.0802166610956192,
        0.19194701313972473,
        0.10637274384498596,
        -2.038428544998169,
        -0.09604338556528091,
        2.181831121444702,
        0.28550785779953003,
        0.0
    ],
    "query_prompt": "push the lever on the toaster",
    "inference_time": true,
    "retrieved_0_state": [
        0.08269654959440231,
        0.21283447742462158,
        0.04701487720012665,
        -2.1434426307678223,
        -0.17227770388126373,
        2.3967928886413574,
        0.37931394577026367,
        0.9911894276295312
    ],
    "retrieved_0_actions": [
        [
            0.1566779613494873,
            0.3394109383225441,
            -0.05266072228550911,
            0.2512078545987606,
            -0.04517875611782074,
            0.00649174558930099,
            0.1955103687942028,
            0.9977973569073828
        ],
        [
            0.13839606195688248,
            0.32168127596378326,
            -0.06213544402271509,
            0.1504281908273697,
            -0.048594605177640915,
            0.09074165485799313,
            0.19037889316678047,
            0.9977973569073828
        ],
        [
            0.12122039683163166,
            0.31221920624375343,
            -0.04976775497198105,
            0.11718640103936195,
            -0.002471947227604687,
            0.11010379530489445,
            0.14194914139807224,
            0.9977973569073828
        ],
        [
            0.11788779869675636,
            0.32006293535232544,
            -0.04401092417538166,
            0.1183695625513792,
            0.03163558663800359,
            0.09088386781513691,
            0.14849398285150528,
            0.9977973569073828
        ],
        [
            0.12579559348523617,
            0.3185557574033737,
            -0.052803014405071735,
            0.1093131210654974,
            0.009968632366508245,
            0.08246222510933876,
            0.19158976152539253,
            0.9977973569073828
        ],
        [
            0.12338261120021343,
            0.3017820790410042,
            -0.05273543298244476,
            0.09390556253492832,
            0.008153444505296648,
            0.08804865181446075,
            0.1712445542216301,
            0.9977973569073828
        ],
        [
            0.1165490597486496,
            0.2823173813521862,
            -0.04660932347178459,
            0.0893858727067709,
            0.04539987538009882,
            0.07972822524607182,
            0.15986137092113495,
            0.9977973569073828
        ],
        [
            0.0,
            0.0,
            0.0,
            0.0,
            0.0,
            0.0,
            0.0,
            0.9977973569073828
        ],
        [
            0.0,
            0.0,
            0.0,
            0.0,
            0.0,
            0.0,
            0.0,
            0.9977973569073828
        ],
        [
            0.0,
            0.0,
            0.0,
            0.0,
            0.0,
            0.0,
            0.0,
            0.9977973569073828
        ],
        [
            0.0,
            0.0,
            0.0,
            0.0,
            0.0,
            0.0,
            0.0,
            0.9977973569073828
        ],
        [
            0.0,
            0.0,
            0.0,
            0.0,
            0.0,
            0.0,
            0.0,
            0.9977973569073828
        ],
        [
            0.0,
            0.0,
            0.0,
            0.0,
            0.0,
            0.0,
            0.0,
            0.9977973569073828
        ],
        [
            0.0,
            0.0,
            0.0,
            0.0,
            0.0,
            0.0,
            0.0,
            0.9977973569073828
        ],
        [
            0.0,
            0.0,
            0.0,
            0.0,
            0.0,
            0.0,
            0.0,
            0.9977973569073828
        ]
    ],
    "retrieved_0_prompt": "push the lever on the toaster",
    "retrieved_1_state": [
        0.08456109464168549,
        0.21304979920387268,
        0.045627448707818985,
        -2.142524003982544,
        -0.17228180170059204,
        2.3951849937438965,
        0.3817174434661865,
        0.9911894276295312
    ],
    "retrieved_1_actions": [
        [
            0.13839606195688248,
            0.32168127596378326,
            -0.06213544402271509,
            0.1504281908273697,
            -0.048594605177640915,
            0.09074165485799313,
            0.19037889316678047,
            0.9977973569073828
        ],
        [
            0.12122039683163166,
            0.31221920624375343,
            -0.04976775497198105,
            0.11718640103936195,
            -0.002471947227604687,
            0.11010379530489445,
            0.14194914139807224,
            0.9977973569073828
        ],
        [
            0.11788779869675636,
            0.32006293535232544,
            -0.04401092417538166,
            0.1183695625513792,
            0.03163558663800359,
            0.09088386781513691,
            0.14849398285150528,
            0.9977973569073828
        ],
        [
            0.12579559348523617,
            0.3185557574033737,
            -0.052803014405071735,
            0.1093131210654974,
            0.009968632366508245,
            0.08246222510933876,
            0.19158976152539253,
            0.9977973569073828
        ],
        [
            0.12338261120021343,
            0.3017820790410042,
            -0.05273543298244476,
            0.09390556253492832,
            0.008153444505296648,
            0.08804865181446075,
            0.1712445542216301,
            0.9977973569073828
        ],
        [
            0.1165490597486496,
            0.2823173813521862,
            -0.04660932347178459,
            0.0893858727067709,
            0.04539987538009882,
            0.07972822524607182,
            0.15986137092113495,
            0.9977973569073828
        ],
        [
            0.0,
            0.0,
            0.0,
            0.0,
            0.0,
            0.0,
            0.0,
            0.9977973569073828
        ],
        [
            0.0,
            0.0,
            0.0,
            0.0,
            0.0,
            0.0,
            0.0,
            0.9977973569073828
        ],
        [
            0.0,
            0.0,
            0.0,
            0.0,
            0.0,
            0.0,
            0.0,
            0.9977973569073828
        ],
        [
            0.0,
            0.0,
            0.0,
            0.0,
            0.0,
            0.0,
            0.0,
            0.9977973569073828
        ],
        [
            0.0,
            0.0,
            0.0,
            0.0,
            0.0,
            0.0,
            0.0,
            0.9977973569073828
        ],
        [
            0.0,
            0.0,
            0.0,
            0.0,
            0.0,
            0.0,
            0.0,
            0.9977973569073828
        ],
        [
            0.0,
            0.0,
            0.0,
            0.0,
            0.0,
            0.0,
            0.0,
            0.9977973569073828
        ],
        [
            0.0,
            0.0,
            0.0,
            0.0,
            0.0,
            0.0,
            0.0,
            0.9977973569073828
        ],
        [
            0.0,
            0.0,
            0.0,
            0.0,
            0.0,
            0.0,
            0.0,
            0.9977973569073828
        ]
    ],
    "retrieved_1_prompt": "push the lever on the toaster",
    "retrieved_2_state": [
        0.07705619931221008,
        0.21179968118667603,
        0.05252214893698692,
        -2.144465208053589,
        -0.1697830855846405,
        2.397002935409546,
        0.36559492349624634,
        0.9911894276295312
    ],