{
    "query_state": [
        0.004104850348085165,
        -0.4284108877182007,
        0.055862657725811005,
        -2.681199312210083,
        -0.03352051228284836,
        2.250513792037964,
        0.039571065455675125,
        0.0
    ],
    "query_prompt": "pick up the poke ball and put it in the tray",
    "inference_time": true,
    "retrieved_0_state": [
        -0.050790805369615555,
        -0.40047094225883484,
        0.11214621365070343,
        -2.7595298290252686,
        -0.34930679202079773,
        2.3802802562713623,
        0.30131202936172485,
        0.0
    ],
    "retrieved_0_actions": [
        [
            -0.17222430557012558,
            0.09450257755815983,
            0.1371543575078249,
            0.0024612361448816955,
            -0.12840204872190952,
            0.12806547805666924,
            0.4222085699439049,
            0.0
        ],
        [
            -0.05948921199887991,
            0.0989091582596302,
            -0.007799494196660817,
            0.0028135592583566904,
            -0.03722656983882189,
            0.21648643538355827,
            -0.057518547400832176,
            0.0
        ],
        [
            -0.09491340257227421,
            0.24649487808346748,
            -0.032773774582892656,
            0.004148703592363745,
            -0.07707089185714722,
            0.4162253439426422,
            -0.04908083472400904,
            0.0
        ],
        [
            -0.14890179969370365,
            0.4521992430090904,
            -0.0032482686219736934,
            0.07677112706005573,
            -0.16941824927926064,
            0.5693539977073669,
            0.03329236526042223,
            0.0
        ],
        [
            -0.22597800940275192,
            0.6025359407067299,
            0.06046269554644823,
            0.1332385465502739,
            -0.33688783645629883,
            0.6063466891646385,
            0.18265239894390106,
            0.0
        ],
        [
            -0.248928964138031,
            0.6447260081768036,
            0.08189592510461807,
            0.18859414383769035,
            -0.43558962643146515,
            0.5337880924344063,
            0.2710040844976902,
            0.0
        ],
        [
            -0.22541310638189316,
            0.6522531062364578,
            0.05339236930012703,
            0.24741100147366524,
            -0.4938255622982979,
            0.4320306330919266,
            0.3238493949174881,
            0.0
        ],
        [
            -0.12946642935276031,
            0.646112784743309,
            -0.03563154488801956,
            0.2811974100768566,
            -0.4196071997284889,
            0.40756121277809143,
            0.25847889482975006,
            0.0
        ],
        [
            -0.10290822945535183,
            0.6495460867881775,
            -0.025937443133443594,
            0.3161955624818802,
            -0.24231605231761932,
            0.3988369181752205,
            0.16530446708202362,
            0.0
        ],
        [
            -0.05198878236114979,
            0.6471442431211472,
            -0.02736681140959263,
            0.34099582582712173,
            -0.1189312245696783,
            0.3763655945658684,
            0.16661861911416054,
            0.0
        ],
        [
            -0.018012896180152893,
            0.5880210548639297,
            -0.02765224315226078,
            0.3544354811310768,
            -0.20285747945308685,
            0.289947222918272,
            0.27581915259361267,
            0.0
        ],
        [
            0.045843045227229595,
            0.4437720775604248,
            -0.10120220482349396,
            0.3564624860882759,
            -0.4951998218894005,
            0.14872223138809204,
            0.44692832976579666,
            0.0
        ],
        [
            0.09275839664041996,
            0.34254521131515503,
            -0.17073750495910645,
            0.3326864168047905,
            -0.5706639587879181,
            0.08181875571608543,
            0.441671647131443,
            0.0
        ],
        [
            0.07857558317482471,
            0.3351777046918869,
            -0.1550454180687666,
            0.2963850274682045,
            -0.4058990627527237,
            0.09803615510463715,
            0.31566306948661804,
            0.0
        ],
        [
            0.06983430124819279,
            0.3570903465151787,
            -0.13278073631227016,
            0.27285605669021606,
            -0.30048882588744164,
            0.12064655311405659,
            0.2609364688396454,
            0.0
        ]
    ],
    "retrieved_0_prompt": "pick up the poke ball and put it in the tray",
    "retrieved_1_state": [
        -0.03536210581660271,
        -0.4141199290752411,
        0.09830497950315475,
        -2.7596230506896973,
        -0.31792211532592773,
        2.3591387271881104,
        0.24512647092342377,
        0.0
    ],