{
    "query_state": [
        -0.002954586874693632,
        -0.6011104583740234,
        -0.0013581811217591166,
        -2.519667625427246,
        -0.02911420166492462,
        1.907547950744629,
        0.02140352502465248,
        0.0
    ],
    "query_prompt": "pick up the poke ball and put it in the tray",
    "inference_time": true,
    "retrieved_0_state": [
        -0.0038812526036053896,
        -0.6012959480285645,
        -0.0008628757786937058,
        -2.522481679916382,
        -0.029477978125214577,
        1.9072991609573364,
        0.021427838131785393,
        0.0
    ],
    "retrieved_0_actions": [
        [
            -0.05358675494790077,
            0.16840049996972084,
            -0.0717064831405878,
            -0.035355486907064915,
            -0.01875893329270184,
            0.03650965867564082,
            -0.0779489241540432,
            0.0
        ],
        [
            -0.013061079662293196,
            0.0014788754924666137,
            0.010459487093612552,
            0.0077511678682640195,
            0.006284492556005716,
            -0.009536007419228554,
            -0.006468058563768864,
            0.0
        ],
        [
            -0.04239003174006939,
            -0.04837069660425186,
            0.0723802950233221,
            -0.23307925090193748,
            -0.17416104674339294,
            0.29106825590133667,
            0.0014631955127697438,
            0.0
        ],
        [
            -0.06634778808802366,
            -0.02523946575820446,
            0.11073143221437931,
            -0.277862548828125,
            -0.2611228823661804,
            0.2872815355658531,
            0.04138950724154711,
            0.0
        ],
        [
            -0.08180727250874043,
            0.001270387729164213,
            0.14846999198198318,
            -0.34912653267383575,
            -0.3349563106894493,
            0.39208535104990005,
            0.08351021446287632,
            0.0
        ],
        [
            -0.07783866487443447,
            0.04803486634045839,
            0.16207901760935783,
            -0.32321665436029434,
            -0.32915573567152023,
            0.45198775827884674,
            0.1192429568618536,
            0.0
        ],
        [
            -0.06639884319156408,
            0.10690029710531235,
            0.15583807602524757,
            -0.2593858167529106,
            -0.27074143290519714,
            0.46234574168920517,
            0.1495010033249855,
            0.0
        ],
        [
            -0.0714749051257968,
            0.15315758995711803,
            0.1659553498029709,
            -0.19264021888375282,
            -0.24784190580248833,
            0.4496821388602257,
            0.19831426441669464,
            0.0
        ],
        [
            -0.0859449990093708,
            0.1952526904642582,
            0.1655987836420536,
            -0.19481897354125977,
            -0.23285092785954475,
            0.5176848918199539,
            0.252176895737648,
            0.0
        ],
        [
            -0.12404361739754677,
            0.3000989742577076,
            0.20874228328466415,
            0.006398066179826856,
            -0.2607383392751217,
            0.42316459119319916,
            0.33072207123041153,
            0.0
        ],
        [
            -0.17253171652555466,
            0.23423057049512863,
            0.22007115185260773,
            0.003309782186988741,
            -0.3055185452103615,
            0.3971485048532486,
            0.39380844682455063,
            0.0
        ],
        [
            -0.23106003180146217,
            0.17922120168805122,
            0.23157890886068344,
            0.003203973174095154,
            -0.35197101533412933,
            0.3500596433877945,
            0.4878394305706024,
            0.0
        ],
        [
            -0.26176320388913155,
            0.13788986951112747,
            0.2321302331984043,
            0.0031608648714609444,
            -0.3542174771428108,
            0.28157128021121025,
            0.5545637384057045,
            0.0
        ],
        [
            -0.24541661143302917,
            0.10954379104077816,
            0.2018366940319538,
            0.002712443529162556,
            -0.2914687432348728,
            0.20806103944778442,
            0.5328558012843132,
            0.0
        ],
        [
            -0.17222430557012558,
            0.09450257755815983,
            0.1371543575078249,
            0.0024612361448816955,
            -0.12840204872190952,
            0.12806547805666924,
            0.4222085699439049,
            0.0
        ]
    ],
    "retrieved_0_prompt": "pick up the poke ball and put it in the tray",
    "retrieved_1_state": [
        -0.002865989226847887,
        -0.6030953526496887,
        -0.0013734366511926055,
        -2.523249864578247,
        -0.02816886268556118,
        1.9063992500305176,
        0.020933110266923904,
        0.0
    ],