{
    "query_state": [
        0.1229177787899971,
        0.03795848414301872,
        0.10968948155641556,
        -2.4784350395202637,
        0.0034468944650143385,
        2.4848744869232178,
        -0.03554261848330498,
        0.0
    ],
    "query_prompt": "pick up the poke ball and put it in the tray",
    "inference_time": true,
    "retrieved_0_state": [
        0.13479459285736084,
        0.05955816060304642,
        0.11040543019771576,
        -2.5319511890411377,
        -0.04301001876592636,
        2.6312947273254395,
        -0.04206712916493416,
        0.0
    ],
    "retrieved_0_actions": [
        [
            0.026031509041786194,
            0.43101493269205093,
            0.015324171399697661,
            0.3845757618546486,
            -0.2319631725549698,
            0.15723761171102524,
            0.07878161035478115,
            0.0
        ],
        [
            0.056971004232764244,
            0.37867605686187744,
            -0.030471172649413347,
            0.3354615718126297,
            -0.3292010724544525,
            0.1459330879151821,
            0.15438872389495373,
            0.0
        ],
        [
            0.07585893385112286,
            0.3340311720967293,
            -0.05772238131612539,
            0.2749791741371155,
            -0.29895978048443794,
            0.14540004543960094,
            0.15185234136879444,
            0.0
        ],
        [
            0.08510559797286987,
            0.29685860499739647,
            -0.0726880831643939,
            0.2256433293223381,
            -0.2380213513970375,
            0.1323242299258709,
            0.14263330958783627,
            0.0
        ],
        [
            0.09907734580338001,
            0.26272643357515335,
            -0.0935569778084755,
            0.16876854002475739,
            -0.21576687693595886,
            0.1487047877162695,
            0.15064616687595844,
            0.0
        ],
        [
            0.11967008002102375,
            0.22380519658327103,
            -0.12712369672954082,
            0.13328226283192635,
            -0.2288844808936119,
            0.14854528941214085,
            0.18396470695734024,
            0.21813149999999998
        ],
        [
            0.13370664790272713,
            0.16155824065208435,
            -0.1515806559473276,
            0.10112878866493702,
            -0.23427259176969528,
            0.1450453419238329,
            0.19167399033904076,
            0.31167397714705347
        ],
        [
            0.13836129568517208,
            0.07223086431622505,
            -0.1632137969136238,
            0.0653991848230362,
            -0.22257111966609955,
            0.11222819797694683,
            0.17686014994978905,
            0.46145378619656363
        ],
        [
            0.11076441034674644,
            -0.04868139512836933,
            -0.1408866699784994,
            -0.003800941922236234,
            -0.1698719896376133,
            0.07184555288404226,
            0.1413439866155386,
            0.5759912098927581
        ],
        [
            0.07972843013703823,
            -0.2098509483039379,
            -0.11865172535181046,
            -0.12533371336758137,
            -0.13505744747817516,
            0.02847866853699088,
            0.10823994874954224,
            0.6773127938651394
        ],
        [
            0.03265448845922947,
            -0.4181894287467003,
            -0.10308879427611828,
            -0.2773463912308216,
            -0.10185825638473034,
            -0.022229552268981934,
            0.051491567865014076,
            0.7786343778375207
        ],
        [
            -0.0011343662481522188,
            -0.6320135295391083,
            -0.17221303656697273,
            -0.422922745347023,
            -0.21280933171510696,
            -0.07725984789431095,
            0.06381302140653133,
            0.8887665143212867
        ],
        [
            -0.10312351398169994,
            -0.8612246811389923,
            -0.2859051711857319,
            -0.5432043969631195,
            -0.3364160284399986,
            -0.153981139883399,
            0.08292298763990402,
            0.9107929503834288
        ],
        [
            -0.18052296712994576,
            -0.8483396470546722,
            -0.3151509165763855,
            -0.49978461116552353,
            -0.452866367995739,
            -0.18377883359789848,
            0.16256418079137802,
            0.9570484661139271
        ],
        [
            -0.2842268906533718,
            -0.7950152456760406,
            -0.2970697171986103,
            -0.44183943420648575,
            -0.611509196460247,
            -0.2003292739391327,
            0.28455037623643875,
            0.9306167428393566
        ]
    ],
    "retrieved_0_prompt": "pick up the poke ball and put it in the tray",
    "retrieved_1_state": [
        0.13464994728565216,
        0.009920995682477951,
        0.10766991227865219,
        -2.556809902191162,
        -0.020954551175236702,
        2.5961685180664062,
        -0.04251708835363388,
        0.0
    ],