{
    "query_state": [
        -0.27414822578430176,
        0.6462435126304626,
        -0.1341078281402588,
        -1.6325390338897705,
        0.127311572432518,
        2.126460313796997,
        0.19982224702835083,
        0.0
    ],
    "query_prompt": "move the idli plate to the right",
    "inference_time": true,
    "retrieved_0_state": [
        -0.24366171658039093,
        0.7860183119773865,
        -0.10024717450141907,
        -1.6856950521469116,
        -0.0776129961013794,
        2.2586684226989746,
        -0.2840917408466339,
        0.0
    ],
    "retrieved_0_actions": [
        [
            -0.1563369296491146,
            0.19739259034395218,
            -0.04642628598958254,
            0.3336529806256294,
            0.023540197871625423,
            -0.034786202013492584,
            0.0004321464439271949,
            0.0
        ],
        [
            -0.21278554573655128,
            0.2106066793203354,
            -0.028274997603148222,
            0.3689592331647873,
            0.08142638951539993,
            -0.09807701222598553,
            -0.030422434210777283,
            0.0
        ],
        [
            -0.2632583864033222,
            0.22637218236923218,
            0.00371033966075629,
            0.3947766125202179,
            0.1402541622519493,
            -0.1365051232278347,
            -0.07984738796949387,
            0.0
        ],
        [
            -0.2752380445599556,
            0.26207422837615013,
            0.02882201923057437,
            0.4227549210190773,
            0.17643924802541733,
            -0.14925150200724602,
            -0.11902367696166039,
            0.0
        ],
        [
            -0.29256779700517654,
            0.3353526070713997,
            0.07095204200595617,
            0.4728962108492851,
            0.22456061094999313,
            -0.14743441715836525,
            -0.17378924414515495,
            0.0
        ],
        [
            -0.2954518795013428,
            0.415472611784935,
            0.09901276789605618,
            0.5336081609129906,
            0.2507731318473816,
            -0.1535764615982771,
            -0.18261892721056938,
            0.0
        ],
        [
            -0.2948652394115925,
            0.48519670963287354,
            0.10962357744574547,
            0.5986322835087776,
            0.25779880583286285,
            -0.17969399690628052,
            -0.17291901633143425,
            0.0
        ],
        [
            -0.2894105203449726,
            0.5198344588279724,
            0.11028184555470943,
            0.6358467042446136,
            0.24217717349529266,
            -0.1912403479218483,
            -0.16646318137645721,
            0.0
        ],
        [
            -0.28708333149552345,
            0.5632536485791206,
            0.10462166741490364,
            0.6969805806875229,
            0.22266656160354614,
            -0.20257271826267242,
            -0.15502235852181911,
            0.0
        ],
        [
            -0.27250004932284355,
            0.6013729050755501,
            0.0858694314956665,
            0.760665237903595,
            0.19610226154327393,
            -0.22208265960216522,
            -0.11853966861963272,
            0.0
        ],
        [
            -0.26292914524674416,
            0.5976901203393936,
            0.05812664516270161,
            0.802701935172081,
            0.18225999549031258,
            -0.26402609422802925,
            -0.0690434081479907,
            0.0
        ],
        [
            -0.2713203430175781,
            0.5653766542673111,
            0.02200595336034894,
            0.8030660450458527,
            0.16991738229990005,
            -0.2827887423336506,
            -0.02863100031390786,
            0.0
        ],
        [
            -0.26299193501472473,
            0.5180500447750092,
            -0.019839147571474314,
            0.771840512752533,
            0.1353912055492401,
            -0.2504583075642586,
            0.006353531498461962,
            0.0
        ],
        [
            -0.25248732417821884,
            0.4833344742655754,
            -0.046797310933470726,
            0.7470995932817459,
            0.1005204115062952,
            -0.21680070087313652,
            0.027480449061840773,
            0.0
        ],
        [
            -0.23708058521151543,
            0.4404822364449501,
            -0.059828879311680794,
            0.7032641768455505,
            0.07653450593352318,
            -0.1841970905661583,
            0.045283264480531216,
            0.0
        ]
    ],
    "retrieved_0_prompt": "move the idli plate to the right",
    "retrieved_1_state": [
        -0.25168439745903015,
        0.7952839136123657,
        -0.10458876192569733,
        -1.6689560413360596,
        -0.0774669423699379,
        2.2587344646453857,
        -0.28345760703086853,
        0.0
    ],