{
    "query_state": [
        0.030461283400654793,
        -0.40256693959236145,
        -0.000342528655892238,
        -2.387223482131958,
        -0.0834553986787796,
        2.0681803226470947,
        0.09581951051950455,
        0.0
    ],
    "query_prompt": "pick up the poke ball and put it in the tray",
    "inference_time": true,
    "retrieved_0_state": [
        0.03142042085528374,
        -0.5230703353881836,
        0.009412422776222229,
        -2.567385196685791,
        -0.050330329686403275,
        2.17386794090271,
        0.013351482339203358,
        0.0
    ],
    "retrieved_0_actions": [
        [
            0.052223457023501396,
            0.3687882423400879,
            0.08504201658070087,
            -0.013053006259724498,
            -0.021193281281739473,
            0.7555358111858368,
            -0.0795192550867796,
            0.0
        ],
        [
            0.05269323941320181,
            0.40569115430116653,
            0.08946380577981472,
            0.05235194228589535,
            -0.018019620329141617,
            0.6680545955896378,
            -0.05844729021191597,
            0.0
        ],
        [
            0.055527789518237114,
            0.41843071579933167,
            0.08640254847705364,
            0.10701905936002731,
            -0.036763541866093874,
            0.51773801445961,
            -0.09073383174836636,
            0.0
        ],
        [
            -0.012001622235402465,
            -0.0025623402325436473,
            0.012905891053378582,
            0.0068394828122109175,
            0.008709531393833458,
            -0.01331383129581809,
            -0.006261434173211455,
            0.0
        ],
        [
            -0.05936023313552141,
            0.1978859305381775,
            0.06414493080228567,
            -0.04543201997876167,
            -0.05492507480084896,
            0.29685454443097115,
            0.15276459977030754,
            0.0
        ],
        [
            -0.20384863018989563,
            0.4702094942331314,
            0.1705682836472988,
            -0.08724479004740715,
            -0.30779384076595306,
            0.635284036397934,
            0.41094880551099777,
            0.0
        ],
        [
            -0.21628772839903831,
            0.593305379152298,
            0.15798930078744888,
            -0.05858424585312605,
            -0.3292587399482727,
            0.7589821517467499,
            0.3818086162209511,
            0.0
        ],
        [
            -0.15049681067466736,
            0.7199252396821976,
            0.0903068296611309,
            0.043940446339547634,
            -0.2273477427661419,
            0.8129791915416718,
            0.2102898806333542,
            0.0
        ],
        [
            -0.15976568683981895,
            0.8072624355554581,
            0.07238191086798906,
            0.18008802086114883,
            -0.31238868832588196,
            0.7593666762113571,
            0.197695754468441,
            0.0
        ],
        [
            -0.16821833327412605,
            0.826324075460434,
            0.036398363299667835,
            0.3029768168926239,
            -0.5101575329899788,
            0.636565163731575,
            0.3168967738747597,
            0.0
        ],
        [
            -0.12025279924273491,
            0.822129100561142,
            -0.08362534455955029,
            0.43527930974960327,
            -0.7309836894273758,
            0.48833828419446945,
            0.4287388175725937,
            0.0
        ],
        [
            0.05480192136019468,
            0.7713111490011215,
            -0.27958473190665245,
            0.5563836917281151,
            -0.7097355276346207,
            0.32248251140117645,
            0.412108413875103,
            0.0
        ],
        [
            0.20578168332576752,
            0.747782364487648,
            -0.3600693494081497,
            0.6663744151592255,
            -0.4968905821442604,
            0.2180296555161476,
            0.31174449250102043,
            0.0
        ],
        [
            0.27115844190120697,
            0.6936542689800262,
            -0.3313545510172844,
            0.6847940385341644,
            -0.3048715926706791,
            0.17054125666618347,
            0.25140589103102684,
            0.0
        ],
        [
            0.24613678455352783,
            0.6286436319351196,
            -0.21828966215252876,
            0.6467781215906143,
            -0.12893851846456528,
            0.1572682335972786,
            0.1931968331336975,
            0.0
        ]
    ],
    "retrieved_0_prompt": "pick up the poke ball and put it in the tray",
    "retrieved_1_state": [
        -0.0032673256937414408,
        -0.47612035274505615,
        0.027129538357257843,
        -2.599773645401001,
        -0.05609811469912529,
        2.2215259075164795,
        0.020908743143081665,
        0.0
    ],