{
    "query_state": [
        0.03359847143292427,
        -0.03134280443191528,
        0.04398062080144882,
        -2.1432502269744873,
        -0.18218527734279633,
        2.1819825172424316,
        0.22547096014022827,
        0.0
    ],
    "query_prompt": "pick up the poke ball and put it in the tray",
    "inference_time": true,
    "retrieved_0_state": [
        0.05317280441522598,
        0.08941174298524857,
        0.05775892361998558,
        -2.3548269271850586,
        -0.027908746153116226,
        2.6617631912231445,
        0.018909554928541183,
        0.0
    ],
    "retrieved_0_actions": [
        [
            0.034510300029069185,
            0.5002516135573387,
            0.05416118539869785,
            0.49680180847644806,
            0.11681893840432167,
            0.18657010048627853,
            -0.13776909559965134,
            0.0
        ],
        [
            0.01601067720912397,
            0.48568569123744965,
            0.06946824956685305,
            0.5007455497980118,
            0.17941715195775032,
            0.15328382141888142,
            -0.1781354658305645,
            0.0
        ],
        [
            0.007363774930126965,
            0.46160340309143066,
            0.07239643950015306,
            0.519644170999527,
            0.17003962770104408,
            0.08552812971174717,
            -0.18283983692526817,
            0.0
        ],
        [
            0.005183529574424028,
            0.4560787230730057,
            0.06423020269721746,
            0.5030857771635056,
            0.1412231381982565,
            0.09594062343239784,
            -0.1801651529967785,
            0.0
        ],
        [
            -0.0019143338431604207,
            0.4726989194750786,
            0.06276764906942844,
            0.5177432298660278,
            0.14838429167866707,
            0.08527706377208233,
            -0.17107941210269928,
            0.0
        ],
        [
            0.012938950676470995,
            0.4786040633916855,
            0.0408262200653553,
            0.5171634629368782,
            0.11888088658452034,
            0.0687292218208313,
            -0.1301662903279066,
            0.0
        ],
        [
            0.0373381283134222,
            0.47746069729328156,
            0.009805612498894334,
            0.5102526023983955,
            0.07780539337545633,
            0.04117952659726143,
            -0.08842493407428265,
            0.0
        ],
        [
            0.044308905489742756,
            0.47078050673007965,
            0.0016133954341057688,
            0.49262724816799164,
            0.06868387572467327,
            0.030612791888415813,
            -0.07493628188967705,
            0.0
        ],
        [
            0.041812360286712646,
            0.47362226992845535,
            0.012092277174815536,
            0.48468902707099915,
            0.08132279850542545,
            0.011636557755991817,
            -0.075933956541121,
            0.0
        ],
        [
            0.044251950457692146,
            0.46800214797258377,
            0.021161853801459074,
            0.48327647149562836,
            0.0881678145378828,
            -0.0257826573215425,
            -0.07339118979871273,
            0.0
        ],
        [
            0.05336643196642399,
            0.45005492866039276,
            0.017400378128513694,
            0.4705571010708809,
            0.07889880798757076,
            -0.05235011223703623,
            -0.06720971316099167,
            0.0
        ],
        [
            0.07466101553291082,
            0.40343549102544785,
            -0.008439820376224816,
            0.4437125474214554,
            0.04519444424659014,
            -0.09056893177330494,
            -0.046980478800833225,
            0.0
        ],
        [
            0.07892866618931293,
            0.32099757343530655,
            -0.016489706467837095,
            0.3971964865922928,
            0.02705326769500971,
            -0.11362778022885323,
            -0.04624925088137388,
            0.25
        ],
        [
            0.07262489758431911,
            0.2086375281214714,
            -0.02508731558918953,
            0.32680120319128036,
            0.021896930411458015,
            -0.13021842576563358,
            -0.03820831188932061,
            0.31167397714705347
        ],
        [
            0.04775367211550474,
            0.09115267544984818,
            -0.014620170695707202,
            0.22394925355911255,
            0.02883761888369918,
            -0.14473192393779755,
            -0.05560276564210653,
            0.43942732822094954
        ]
    ],
    "retrieved_0_prompt": "pick up the poke ball and put it in the tray",
    "retrieved_1_state": [
        0.05680553987622261,
        0.17402587831020355,
        0.07006930559873581,
        -2.274242639541626,
        -0.027421174570918083,
        2.6952672004699707,
        0.015693742781877518,
        0.0
    ],