{
    "query_state": [
        -0.017548181116580963,
        -0.3268412947654724,
        -0.00019709694606717676,
        -2.4922494888305664,
        0.02028578706085682,
        2.176486015319824,
        -0.02490309812128544,
        0.0
    ],
    "query_prompt": "move the idli plate to the right",
    "inference_time": true,
    "retrieved_0_state": [
        -0.028443535789847374,
        -0.10059678554534912,
        -0.002217552624642849,
        -2.631011724472046,
        -0.024975860491394997,
        2.551571846008301,
        -0.014769131317734718,
        0.0
    ],
    "retrieved_0_actions": [
        [
            0.006435204413719475,
            0.5993372574448586,
            -0.020964546129107475,
            0.25214703753590584,
            -0.09790114127099514,
            0.20818166434764862,
            0.11329672299325466,
            0.0
        ],
        [
            0.024052083026617765,
            0.5399474501609802,
            -0.02584609668701887,
            0.2428070269525051,
            -0.13069669716060162,
            0.1681494526565075,
            0.14373506419360638,
            0.0
        ],
        [
            0.04627981688827276,
            0.4830590635538101,
            -0.0319128786213696,
            0.22100312635302544,
            -0.14140588231384754,
            0.13983700424432755,
            0.14950040727853775,
            0.0
        ],
        [
            0.06983043625950813,
            0.4430338740348816,
            -0.036297268234193325,
            0.18480060622096062,
            -0.14896301552653313,
            0.1382066309452057,
            0.1579076237976551,
            0.0
        ],
        [
            0.09208105504512787,
            0.37398941814899445,
            -0.035200645215809345,
            0.14753597788512707,
            -0.14395495876669884,
            0.1148364506661892,
            0.16218692064285278,
            0.0
        ],
        [
            0.10184909217059612,
            0.3037150949239731,
            -0.031067056115716696,
            0.11467033997178078,
            -0.12300662696361542,
            0.09173868224024773,
            0.1518411748111248,
            0.0
        ],
        [
            0.11304514482617378,
            0.22974317893385887,
            -0.030339499935507774,
            0.05840262398123741,
            -0.13013886287808418,
            0.08056357502937317,
            0.1556833367794752,
            0.0
        ],
        [
            0.1048083882778883,
            0.1801449991762638,
            -0.03375024534761906,
            0.04414727911353111,
            -0.12745585292577744,
            0.06588700227439404,
            0.14042620547115803,
            0.0
        ],
        [
            0.08678331971168518,
            0.15369358472526073,
            -0.03546983236446977,
            0.06366644520312548,
            -0.11525288224220276,
            0.061667230911552906,
            0.11927720159292221,
            0.0
        ],
        [
            0.0607404625043273,
            0.13609602116048336,
            -0.03819358767941594,
            0.08277680724859238,
            -0.09968877770006657,
            0.0657584797590971,
            0.08942846208810806,
            0.0
        ],
        [
            0.04771800246089697,
            0.11742986738681793,
            -0.03631764557212591,
            0.08560875430703163,
            -0.0912974588572979,
            0.06802716758102179,
            0.06679828744381666,
            0.0
        ],
        [
            0.0012510604574345052,
            -8.232619620685e-05,
            0.00010308096534572542,
            0.009270242881029844,
            0.002597862621769309,
            -0.014078491367399693,
            -0.0007709580677328631,
            0.0
        ],
        [
            -0.005059628747403622,
            0.05674022249877453,
            -0.012580524198710918,
            0.023520118556916714,
            -0.002021414111368358,
            0.09626507759094238,
            0.006364099681377411,
            0.0
        ],
        [
            -0.0035395415034145117,
            0.13251468539237976,
            -0.03585153724998236,
            0.06571798585355282,
            -0.039246873930096626,
            0.15997467562556267,
            0.009055353584699333,
            0.0
        ],
        [
            -0.0364606105722487,
            0.20245788618922234,
            -0.008846611599437892,
            0.11226333677768707,
            0.00479017267934978,
            0.15987936407327652,
            -0.06901906337589025,
            0.0
        ]
    ],
    "retrieved_0_prompt": "move the idli plate to the right",
    "retrieved_1_state": [
        -0.026704540476202965,
        0.119931660592556,
        -0.002246017102152109,
        -2.572462320327759,
        -0.02689145691692829,
        2.6217291355133057,
        -0.006790131330490112,
        0.0
    ],