{
    "query_state": [
        -0.07882987707853317,
        -0.4940166771411896,
        -0.062064748257398605,
        -2.5236754417419434,
        -0.078895702958107,
        2.0243449211120605,
        0.007746241521090269,
        0.0
    ],
    "query_prompt": "pick up the bagel and put it in the toaster",
    "inference_time": true,
    "retrieved_0_state": [
        -0.08015553653240204,
        -0.41517946124076843,
        -0.10161662101745605,
        -2.7586987018585205,
        -0.08642976731061935,
        2.357654571533203,
        -0.09249308705329895,
        0.0
    ],
    "retrieved_0_actions": [
        [
            -0.019856775179505348,
            0.7281883060932159,
            -0.11278479360044003,
            0.1155636366456747,
            0.038159540854394436,
            0.6265238672494888,
            -0.2116306871175766,
            0.0
        ],
        [
            0.038012799341231585,
            0.7585649937391281,
            -0.05606565624475479,
            0.16637498512864113,
            0.1252374891191721,
            0.5588819086551666,
            -0.17614329233765602,
            0.0
        ],
        [
            0.0898128841072321,
            0.6975643336772919,
            0.017941120313480496,
            0.20591067150235176,
            0.1768050342798233,
            0.4516971483826637,
            -0.12134670279920101,
            0.0
        ],
        [
            0.12049325741827488,
            0.5852193385362625,
            0.07937589660286903,
            0.2324853278696537,
            0.22030549123883247,
            0.3225288912653923,
            -0.10332011617720127,
            0.0
        ],
        [
            0.12484978884458542,
            0.46400371938943863,
            0.14309430494904518,
            0.23965045809745789,
            0.18206007778644562,
            0.2241162583231926,
            -0.03488641697913408,
            0.0
        ],
        [
            0.10292227379977703,
            0.3830534592270851,
            0.15097186900675297,
            0.22303566336631775,
            0.16375979408621788,
            0.16477573662996292,
            -0.009404949378222227,
            0.0
        ],
        [
            0.06203168537467718,
            0.3279564529657364,
            0.12061652727425098,
            0.1825099065899849,
            0.16254907473921776,
            0.13045513071119785,
            -0.016500921919941902,
            0.0
        ],
        [
            0.012090643867850304,
            0.2737879008054733,
            0.08203621953725815,
            0.12024182826280594,
            0.16783472150564194,
            0.11804202571511269,
            -0.02904496854171157,
            0.0
        ],
        [
            -0.011137730907648802,
            0.23034928366541862,
            0.05923914257436991,
            0.07094175554811954,
            0.15228998847305775,
            0.10820319876074791,
            -0.02376035787165165,
            0.0
        ],
        [
            -0.021055149845778942,
            0.17879005521535873,
            0.03327008103951812,
            0.01377674750983715,
            0.06298241671174765,
            0.09794507175683975,
            0.0815312284976244,
            0.0
        ],
        [
            -0.01518045668490231,
            0.11706830933690071,
            0.011271046241745353,
            -0.024134423583745956,
            -0.022513307631015778,
            0.09219175204634666,
            0.16742385923862457,
            0.0
        ],
        [
            -0.004853758146055043,
            0.06838069297373295,
            0.008191688102670014,
            -0.046387454494833946,
            -0.05054721608757973,
            0.09822661057114601,
            0.18016602843999863,
            0.0
        ],
        [
            -0.00453286716947332,
            0.06944648455828428,
            0.01788960420526564,
            -0.032183961011469364,
            -0.0259645888581872,
            0.1086161658167839,
            0.14242835342884064,
            0.0
        ],
        [
            -0.0074801064329221845,
            0.07594444788992405,
            0.02886128146201372,
            -0.008269670070149004,
            0.012350844917818904,
            0.10498110204935074,
            0.11635984294116497,
            0.25
        ],
        [
            -0.0010099660721607506,
            0.06210011895745993,
            0.025953555013984442,
            0.008262881310656667,
            -0.0012341962428763509,
            0.09061869233846664,
            0.13735346496105194,
            0.31167397714705347
        ]
    ],
    "retrieved_0_prompt": "pick up the bagel and put it in the toaster",
    "retrieved_1_state": [
        -0.0714857280254364,
        -0.546013593673706,
        -0.06740355491638184,
        -2.5427939891815186,
        -0.11359640210866928,
        1.9935801029205322,
        -0.004637243691831827,
        0.0
    ],