{
    "query_state": [
        -0.11609070003032684,
        -0.19881756603717804,
        -0.10080555081367493,
        -2.530221700668335,
        -0.08731131255626678,
        2.2993054389953613,
        0.003180202329531312,
        0.0
    ],
    "query_prompt": "pick up the bagel and put it in the toaster",
    "inference_time": true,
    "retrieved_0_state": [
        -0.08804222196340561,
        -0.06376713514328003,
        -0.07962635159492493,
        -2.515760660171509,
        -0.0609290674328804,
        2.398516893386841,
        0.007801381405442953,
        0.0
    ],
    "retrieved_0_actions": [
        [
            0.033373606856912374,
            0.4638351872563362,
            0.02083473838865757,
            0.1320656668394804,
            0.029920064844191074,
            0.3321012482047081,
            0.04607548005878925,
            0.0
        ],
        [
            0.045765130780637264,
            0.45489169657230377,
            0.029721474274992943,
            0.15223517082631588,
            0.030060738790780306,
            0.2966865338385105,
            0.07450825534760952,
            0.0
        ],
        [
            0.05371178034693003,
            0.4322979599237442,
            0.0325774890370667,
            0.18024247139692307,
            0.03663833485916257,
            0.2556642144918442,
            0.0836988165974617,
            0.0
        ],
        [
            0.053802868351340294,
            0.45519836246967316,
            0.019755761604756117,
            0.23353850468993187,
            0.022414608392864466,
            0.2437622845172882,
            0.09307359345257282,
            0.0
        ],
        [
            0.04560758825391531,
            0.4326682910323143,
            0.004846139927394688,
            0.25898873805999756,
            0.03373950952664018,
            0.2072049304842949,
            0.08311837911605835,
            0.0
        ],
        [
            0.037063099443912506,
            0.41154593229293823,
            -0.0073945370968431234,
            0.2731478027999401,
            0.04335088189691305,
            0.17065487802028656,
            0.07762646302580833,
            0.0
        ],
        [
            0.03216485260054469,
            0.3725052624940872,
            -0.01215798663906753,
            0.274432934820652,
            0.0552523834630847,
            0.13258269988000393,
            0.06282087881118059,
            0.0
        ],
        [
            0.03318517003208399,
            0.30424417927861214,
            -0.008907875162549317,
            0.2448740229010582,
            0.06522859446704388,
            0.10116348974406719,
            0.05253688897937536,
            0.0
        ],
        [
            0.024141552858054638,
            0.24526512250304222,
            0.0007229798939079046,
            0.21081112325191498,
            0.0857376866042614,
            0.0847057718783617,
            0.026228760834783316,
            0.0
        ],
        [
            0.015452733496204019,
            0.20185265690088272,
            0.0071800133446231484,
            0.18299609422683716,
            0.10143591091036797,
            0.07895335555076599,
            0.013692029751837254,
            0.25
        ],
        [
            0.01869229134172201,
            0.16714151948690414,
            0.0050603889394551516,
            0.15955407172441483,
            0.09580488316714764,
            0.07015829905867577,
            0.02301490167155862,
            0.3072687556750414
        ],
        [
            0.025825633201748133,
            0.13596288859844208,
            -0.001850446278695017,
            0.13899561949074268,
            0.08137769065797329,
            0.05277229007333517,
            0.03719807602465153,
            0.43942732822094954
        ],
        [
            0.022219009697437286,
            0.09340384975075722,
            -0.0008073019125731662,
            0.11460269801318645,
            0.08783569559454918,
            0.03499618964269757,
            0.035049410071223974,
            0.5671806354679013
        ],
        [
            0.0160455668810755,
            0.033785046543926,
            -5.848365162819391e-05,
            0.08008872158825397,
            0.09766297414898872,
            0.010598209919407964,
            0.03224479267373681,
            0.6729074847392389
        ],
        [
            0.01576930284500122,
            -0.02272889483720064,
            -0.005353488959372044,
            0.05313058849424124,
            0.09398364461958408,
            -0.02008311916142702,
            0.03582431469112635,
            0.8094713664110476
        ]
    ],
    "retrieved_0_prompt": "pick up the bagel and put it in the toaster",
    "retrieved_1_state": [
        -0.14487798511981964,
        0.265353798866272,
        -0.12089807540178299,
        -2.2895147800445557,
        -0.030622608959674835,
        2.5868923664093018,
        0.29017090797424316,
        0.0
    ],