{
    "query_state": [
        -0.11585903912782669,
        -0.09973444789648056,
        -0.10023535043001175,
        -2.5146324634552,
        -0.08725949376821518,
        2.3764891624450684,
        0.009941341355443,
        0.0
    ],
    "query_prompt": "pick up the bagel and put it in the toaster",
    "inference_time": true,
    "retrieved_0_state": [
        -0.13924774527549744,
        0.3245072662830353,
        -0.12384068220853806,
        -2.24284291267395,
        -0.024627795442938805,
        2.587574005126953,
        0.3018399477005005,
        0.0
    ],
    "retrieved_0_actions": [
        [
            0.13020889833569527,
            0.26073675602674484,
            -0.11474572122097015,
            0.22772980853915215,
            0.11110409162938595,
            0.036256376188248396,
            0.11704863980412483,
            0.0
        ],
        [
            0.15645897015929222,
            0.21461565047502518,
            -0.1495514251291752,
            0.2046012505888939,
            0.05830128211528063,
            0.03387599252164364,
            0.14141173101961613,
            0.0
        ],
        [
            0.14492055401206017,
            0.18077686429023743,
            -0.14548574574291706,
            0.19350087270140648,
            0.06632056552916765,
            0.024463592562824488,
            0.10952304117381573,
            0.0
        ],
        [
            0.15842661261558533,
            0.19717885181307793,
            -0.13414787128567696,
            0.10405614040791988,
            0.06763428449630737,
            0.13633578084409237,
            0.11712802574038506,
            0.0
        ],
        [
            0.15400338917970657,
            0.17823902890086174,
            -0.12789578177034855,
            0.08402029983699322,
            0.07752834353595972,
            0.12895021587610245,
            0.10436004027724266,
            0.0
        ],
        [
            0.1418973132967949,
            0.15848156064748764,
            -0.1195624191313982,
            0.0775946257635951,
            0.09297100827097893,
            0.11297731660306454,
            0.09066268801689148,
            0.0
        ],
        [
            0.1344811636954546,
            0.13811117969453335,
            -0.11674979701638222,
            0.08033273741602898,
            0.10077147744596004,
            0.09205158799886703,
            0.08280370384454727,
            0.0
        ],
        [
            0.1339912787079811,
            0.1063708309084177,
            -0.11845800094306469,
            0.07791028823703527,
            0.09304065257310867,
            0.08693322539329529,
            0.06844176910817623,
            0.0858975
        ],
        [
            0.14455393888056278,
            0.07274691015481949,
            -0.12744181789457798,
            0.07931464351713657,
            0.07206212729215622,
            0.07762075401842594,
            0.07487968541681767,
            0.31167397714705347
        ],
        [
            0.15209260396659374,
            0.030397376976907253,
            -0.1318376325070858,
            0.07713074795901775,
            0.05716766696423292,
            0.05374836269766092,
            0.08401029743254185,
            0.3469162748464808
        ],
        [
            0.1536707766354084,
            -0.009172878344543278,
            -0.13408424332737923,
            0.06906213704496622,
            0.04398406948894262,
            0.02592184580862522,
            0.08931160904467106,
            0.4702643167944762
        ],
        [
            0.150630921125412,
            -0.04911391995847225,
            -0.12991169467568398,
            0.04745740443468094,
            0.03758994862437248,
            -0.0008231365791289136,
            0.09253032505512238,
            0.6068281984662849
        ],
        [
            0.15210483223199844,
            -0.11568303219974041,
            -0.1352975144982338,
            0.007541038794443011,
            0.01727291033603251,
            -0.021880061831325293,
            0.09593338705599308,
            0.7257709312883798
        ],
        [
            0.13277830556035042,
            -0.17311390489339828,
            -0.12299066409468651,
            -0.026530318427830935,
            0.02936692675575614,
            -0.056612114422023296,
            0.08226378820836544,
            0.8623348129601884
        ],
        [
            0.14085442759096622,
            -0.2990204095840454,
            -0.1215476356446743,
            -0.08712664246559143,
            0.004826158983632922,
            -0.1915755681693554,
            0.0779979582875967,
            0.9900880982936682
        ]
    ],
    "retrieved_0_prompt": "pick up the bagel and put it in the toaster",
    "retrieved_1_state": [
        -0.08670641481876373,
        -0.013456380926072598,
        -0.07860411703586578,
        -2.5139970779418945,
        -0.060918234288692474,
        2.4428577423095703,
        0.008599524386227131,
        0.0
    ],