{
    "query_state": [
        -0.01946002058684826,
        0.4435153901576996,
        -0.10011430084705353,
        -1.9434229135513306,
        -0.08677373081445694,
        2.1247005462646484,
        0.16949468851089478,
        0.08810574424856821
    ],
    "query_prompt": "pick up the poke ball and put it in the tray",
    "inference_time": true,
    "retrieved_0_state": [
        -0.021214226260781288,
        0.4346804916858673,
        -0.018090901896357536,
        -2.1005148887634277,
        -0.14707189798355103,
        2.9976513385772705,
        0.0454590730369091,
        0.6607929503834288
    ],
    "retrieved_0_actions": [
        [
            -0.059252381324768066,
            -0.8408451080322266,
            -0.18026212230324745,
            -0.5418264493346214,
            0.04714219830930233,
            -0.3427072986960411,
            -0.19879359751939774,
            0.9107929503834288
        ],
        [
            -0.03405018476769328,
            -0.7018722593784332,
            -0.33080432564020157,
            -0.5027987435460091,
            -0.11445236392319202,
            -0.26747146621346474,
            -0.10846780613064766,
            0.9107929503834288
        ],
        [
            -0.05462354514747858,
            -0.5365237221121788,
            -0.3909115493297577,
            -0.4384728893637657,
            -0.3070727176964283,
            -0.21071083843708038,
            -0.003840316494461149,
            0.9107929503834288
        ],
        [
            -0.09466530755162239,
            -0.3940229117870331,
            -0.3740498796105385,
            -0.3690527006983757,
            -0.4563041031360626,
            -0.15045278705656528,
            0.08482838980853558,
            0.9107929503834288
        ],
        [
            -0.10233630426228046,
            -0.28060728684067726,
            -0.32780684530735016,
            -0.2893558144569397,
            -0.4567604139447212,
            -0.11947229504585266,
            0.10172396898269653,
            0.9107929503834288
        ],
        [
            -0.08911717683076859,
            -0.21051118150353432,
            -0.27297837659716606,
            -0.23026151582598686,
            -0.4177624359726906,
            -0.11500338092446327,
            0.1157067995518446,
            0.9107929503834288
        ],
        [
            -0.05973005201667547,
            -0.1824895665049553,
            -0.21248163655400276,
            -0.19209297373890877,
            -0.3641022741794586,
            -0.1223878376185894,
            0.12132757343351841,
            0.9107929503834288
        ],
        [
            -0.11388192884624004,
            -0.17362330108880997,
            -0.08217931725084782,
            -0.15780480578541756,
            -0.30621733516454697,
            -0.1433529146015644,
            0.11929457075893879,
            0.5835129875958572
        ],
        [
            -0.08403695188462734,
            -0.22280754521489143,
            -0.020541518460959196,
            -0.1014963909983635,
            -0.20977981388568878,
            -0.2339337207376957,
            0.05978649482131004,
            0.3667400782591447
        ],
        [
            -0.055687655694782734,
            -0.22728091105818748,
            0.005936999223195016,
            -0.08618817664682865,
            -0.18410902470350266,
            -0.24169174954295158,
            0.05513017065823078,
            0.3359030896856179
        ],
        [
            -0.042959488928318024,
            -0.22205775603652,
            0.03440074389800429,
            -0.08829540573060513,
            -0.16198813915252686,
            -0.22244000807404518,
            0.05880789365619421,
            0.24339208013809344
        ],
        [
            -0.040556290186941624,
            -0.21649641916155815,
            0.05506353918462992,
            -0.08887660689651966,
            -0.16029193997383118,
            -0.20997872576117516,
            0.0647120364010334,
            0.10242293316732853
        ],
        [
            -0.043041459284722805,
            -0.21352771669626236,
            0.06734704598784447,
            -0.08649097755551338,
            -0.15637723729014397,
            -0.20363245159387589,
            0.0580943888053298,
            0.0
        ],
        [
            -0.04300473723560572,
            -0.21243982017040253,
            0.0641908124089241,
            -0.07750671822577715,
            -0.19448809325695038,
            -0.21128440275788307,
            0.08507265709340572,
            0.0
        ],
        [
            -0.036022323183715343,
            -0.21635953336954117,
            0.052712131291627884,
            -0.06305765826255083,
            -0.2885776199400425,
            -0.25201357901096344,
            0.12390188872814178,
            0.0
        ]
    ],
    "retrieved_0_prompt": "pick up the poke ball and put it in the tray",
    "retrieved_1_state": [
        -0.030938604846596718,
        0.3566758334636688,
        -0.023922838270664215,
        -2.13870906829834,
        -0.14709176123142242,
        2.957750082015991,
        0.04001250118017197,
        0.6607929503834288
    ],