{
    "query_state": [
        0.0010490338318049908,
        -0.3975834548473358,
        -0.011261680163443089,
        -2.456073045730591,
        -0.0330018475651741,
        2.0295963287353516,
        0.062496118247509,
        0.0
    ],
    "query_prompt": "pick up the poke ball and put it in the tray",
    "inference_time": true,
    "retrieved_0_state": [
        -0.0057428753934800625,
        -0.43949705362319946,
        0.0002116636314895004,
        -2.5747036933898926,
        -0.10179851949214935,
        2.252744674682617,
        0.01104920543730259,
        0.0
    ],
    "retrieved_0_actions": [
        [
            0.028954013250768185,
            0.8434304594993591,
            0.0626553175970912,
            0.2845682390034199,
            0.028724817093461752,
            0.7290170341730118,
            0.05607264116406441,
            0.0
        ],
        [
            0.07326923310756683,
            0.8384076505899429,
            0.09058289229869843,
            0.41209354996681213,
            0.0808347575366497,
            0.5763741582632065,
            0.0720765208825469,
            0.0
        ],
        [
            0.1100009772926569,
            0.7719433307647705,
            0.08512365631759167,
            0.4456152021884918,
            0.15908664092421532,
            0.4578285664319992,
            0.053198966197669506,
            0.0
        ],
        [
            0.14129833318293095,
            0.6395380198955536,
            0.07805652916431427,
            0.4353658854961395,
            0.27217285707592964,
            0.3086726553738117,
            -0.019062398932874203,
            0.0
        ],
        [
            0.14498738572001457,
            0.4919423907995224,
            0.0985527690500021,
            0.3789735585451126,
            0.3208647295832634,
            0.22326458245515823,
            -0.0671909935772419,
            0.0
        ],
        [
            0.007123586256057024,
            0.11096249334514141,
            0.009344725986011326,
            0.10001278482377529,
            0.01974322833120823,
            0.030004188884049654,
            -0.010958309285342693,
            0.0
        ],
        [
            0.01909090206027031,
            0.26346301659941673,
            0.028889437671750784,
            0.23874910548329353,
            0.08935569785535336,
            0.08967451751232147,
            -0.06782381795346737,
            0.0
        ],
        [
            0.02781515009701252,
            0.39009179919958115,
            0.04811371210962534,
            0.3686198964715004,
            0.14635701663792133,
            0.14014242216944695,
            -0.13683211989700794,
            0.0
        ],
        [
            0.032751928083598614,
            0.46522989869117737,
            0.0631612166762352,
            0.4540002718567848,
            0.1789923571050167,
            0.17458729445934296,
            -0.16843462362885475,
            0.0
        ],
        [
            0.034510300029069185,
            0.5002516135573387,
            0.05416118539869785,
            0.49680180847644806,
            0.11681893840432167,
            0.18657010048627853,
            -0.13776909559965134,
            0.0
        ],
        [
            0.01601067720912397,
            0.48568569123744965,
            0.06946824956685305,
            0.5007455497980118,
            0.17941715195775032,
            0.15328382141888142,
            -0.1781354658305645,
            0.0
        ],
        [
            0.007363774930126965,
            0.46160340309143066,
            0.07239643950015306,
            0.519644170999527,
            0.17003962770104408,
            0.08552812971174717,
            -0.18283983692526817,
            0.0
        ],
        [
            0.005183529574424028,
            0.4560787230730057,
            0.06423020269721746,
            0.5030857771635056,
            0.1412231381982565,
            0.09594062343239784,
            -0.1801651529967785,
            0.0
        ],
        [
            -0.0019143338431604207,
            0.4726989194750786,
            0.06276764906942844,
            0.5177432298660278,
            0.14838429167866707,
            0.08527706377208233,
            -0.17107941210269928,
            0.0
        ],
        [
            0.012938950676470995,
            0.4786040633916855,
            0.0408262200653553,
            0.5171634629368782,
            0.11888088658452034,
            0.0687292218208313,
            -0.1301662903279066,
            0.0
        ]
    ],
    "retrieved_0_prompt": "pick up the poke ball and put it in the tray",
    "retrieved_1_state": [
        -0.0034218637738376856,
        -0.386062353849411,
        0.015283327549695969,
        -2.6183152198791504,
        -0.08461806923151016,
        2.3522889614105225,
        0.02024502120912075,
        0.0
    ],