{
    "query_state": [
        0.049869731068611145,
        -0.46294814348220825,
        0.03481212258338928,
        -2.5017619132995605,
        0.015625156462192535,
        2.0068047046661377,
        0.026579851284623146,
        0.0
    ],
    "query_prompt": "move the squeegee to the right and try to drag it",
    "inference_time": true,
    "retrieved_0_state": [
        -0.0011587132466956973,
        -0.45780467987060547,
        0.01016217190772295,
        -2.4461889266967773,
        -0.07114575803279877,
        1.9135370254516602,
        -0.12468193471431732,
        0.0
    ],
    "retrieved_0_actions": [
        [
            0.17053451389074326,
            0.8286059647798538,
            0.09118818677961826,
            0.6858144700527191,
            -0.1419850904494524,
            0.028526284731924534,
            -0.20570950582623482,
            0.0
        ],
        [
            0.20098017528653145,
            0.9134680032730103,
            0.1406253594905138,
            0.7374435663223267,
            -0.12917537242174149,
            0.07492031902074814,
            -0.2203516848385334,
            0.0
        ],
        [
            0.19312838092446327,
            0.8921416103839874,
            0.15900500118732452,
            0.7114277780056,
            -0.14135628938674927,
            0.06944302003830671,
            -0.22216526791453362,
            0.0
        ],
        [
            0.18154364079236984,
            0.8346262574195862,
            0.15671100467443466,
            0.6383473426103592,
            -0.13357913121581078,
            0.08236289955675602,
            -0.29497725889086723,
            0.0
        ],
        [
            0.13947932980954647,
            0.7504944503307343,
            0.12846758589148521,
            0.536201223731041,
            -0.12066338211297989,
            0.11426451615989208,
            -0.3920113667845726,
            0.0
        ],
        [
            0.08463232778012753,
            0.6223192811012268,
            0.09716960601508617,
            0.3987610340118408,
            -0.12337841093540192,
            0.18929461017251015,
            -0.4393814876675606,
            0.0
        ],
        [
            0.01340872491709888,
            0.4330132156610489,
            0.060878247022628784,
            0.1637505367398262,
            -0.12217363342642784,
            0.40363311767578125,
            -0.5347082018852234,
            0.0
        ],
        [
            -0.05820309277623892,
            0.30638493597507477,
            0.040800003334879875,
            0.027916827239096165,
            -0.04987028427422047,
            0.47154899686574936,
            -0.6325489282608032,
            0.0
        ],
        [
            -0.12282143346965313,
            0.20756851881742477,
            0.047951461747288704,
            -0.0655465479940176,
            0.027881835121661425,
            0.5266355350613594,
            -0.711248517036438,
            0.0
        ],
        [
            -0.20191939547657967,
            0.1332187745720148,
            0.0865590013563633,
            -0.10925254784524441,
            0.20008578896522522,
            0.5163711681962013,
            -0.8560448884963989,
            0.0
        ],
        [
            -0.2550787478685379,
            0.11602494865655899,
            0.14498024247586727,
            -0.1172508206218481,
            0.3516560047864914,
            0.46685662120580673,
            -0.9251116961240768,
            0.0
        ],
        [
            -0.2772432565689087,
            0.11661146767437458,
            0.20231399685144424,
            -0.14754305593669415,
            0.482596680521965,
            0.43584953993558884,
            -0.9468650817871094,
            0.0
        ],
        [
            -0.2738145925104618,
            0.12885373085737228,
            0.2391592599451542,
            -0.15696221962571144,
            0.52839744836092,
            0.3549421951174736,
            -0.9056908637285233,
            0.0
        ],
        [
            -0.2500348724424839,
            0.16001921147108078,
            0.23003734648227692,
            -0.17734907567501068,
            0.4688006266951561,
            0.34852754324674606,
            -0.7920094579458237,
            0.0
        ],
        [
            -0.21887537091970444,
            0.21904157474637032,
            0.19995497539639473,
            -0.12203692458570004,
            0.3553927317261696,
            0.31619537621736526,
            -0.6466025114059448,
            0.0
        ]
    ],
    "retrieved_0_prompt": "move the squeegee to the right and try to drag it",
    "retrieved_1_state": [
        0.012641489505767822,
        -0.38882139325141907,
        0.01797231286764145,
        -2.395707368850708,
        -0.08481119573116302,
        1.9203072786331177,
        -0.1435130536556244,
        0.0
    ],