{
    "query_state": [
        0.20024473965168,
        0.09920734912157059,
        0.1982911229133606,
        -2.4510269165039062,
        -0.030788717791438103,
        2.423936128616333,
        0.20214985311031342,
        0.0
    ],
    "query_prompt": "move the squeegee to the right and try to drag it",
    "inference_time": true,
    "retrieved_0_state": [
        0.0851317048072815,
        -0.12235875427722931,
        0.11546409875154495,
        -2.5045390129089355,
        -0.02973470464348793,
        2.327131509780884,
        -0.006416765972971916,
        0.0
    ],
    "retrieved_0_actions": [
        [
            0.039893039502203465,
            0.4716837406158447,
            0.003967471420764923,
            0.2182329259812832,
            -0.14398211613297462,
            0.4028176888823509,
            -0.031185925472527742,
            0.0
        ],
        [
            0.023669004440307617,
            0.4952222853899002,
            -0.025105341337621212,
            0.23933541029691696,
            -0.13017076067626476,
            0.3361905738711357,
            -0.07347908802330494,
            0.0
        ],
        [
            0.016068987315520644,
            0.5243058875203133,
            -0.04130730405449867,
            0.26984769850969315,
            -0.1527742762118578,
            0.3079613670706749,
            -0.046954210847616196,
            0.0
        ],
        [
            0.021997566800564528,
            0.5034984275698662,
            -0.054102698341012,
            0.2660597115755081,
            -0.1854882761836052,
            0.28780777007341385,
            -0.00985198188573122,
            0.0
        ],
        [
            0.02924086758866906,
            0.474020391702652,
            -0.0694124260917306,
            0.2360927127301693,
            -0.18754184246063232,
            0.2740463800728321,
            -0.02799233654513955,
            0.0
        ],
        [
            0.03444770351052284,
            0.44482432305812836,
            -0.08950276300311089,
            0.23585503920912743,
            -0.19150029867887497,
            0.2331799827516079,
            -0.04001626744866371,
            0.0
        ],
        [
            0.031922205816954374,
            0.4360346123576164,
            -0.09667381644248962,
            0.2512337453663349,
            -0.1614130474627018,
            0.23202752694487572,
            -0.09596938267350197,
            0.0
        ],
        [
            0.04429954569786787,
            0.43253369629383087,
            -0.09898794814944267,
            0.2809431031346321,
            -0.14201348647475243,
            0.21112289279699326,
            -0.08699196390807629,
            0.0
        ],
        [
            0.05865040700882673,
            0.4096592590212822,
            -0.09752432815730572,
            0.2896336279809475,
            -0.1313409674912691,
            0.19572824239730835,
            -0.08544603362679482,
            0.0
        ],
        [
            0.07765597198158503,
            0.3770263120532036,
            -0.11447066441178322,
            0.293937586247921,
            -0.1541421003639698,
            0.17287861555814743,
            -0.07997705601155758,
            0.0
        ],
        [
            0.08898310363292694,
            0.3517794609069824,
            -0.11854943819344044,
            0.2935105934739113,
            -0.14731869101524353,
            0.14042283408343792,
            -0.09439087472856045,
            0.0
        ],
        [
            0.09278225712478161,
            0.31676895916461945,
            -0.10946732014417648,
            0.2742188796401024,
            -0.12512657791376114,
            0.10515662841498852,
            -0.11215884238481522,
            0.0
        ],
        [
            0.10063479654490948,
            0.2930675819516182,
            -0.10425143875181675,
            0.2522684074938297,
            -0.11396595276892185,
            0.09192542172968388,
            -0.11098614893853664,
            0.0
        ],
        [
            0.09301259182393551,
            0.2512345090508461,
            -0.09405748918652534,
            0.22528933361172676,
            -0.09201399050652981,
            0.07676002569496632,
            -0.11697893030941486,
            0.0
        ],
        [
            0.0643024081364274,
            0.21656816825270653,
            -0.0693338830024004,
            0.20320791751146317,
            -0.055128731764853,
            0.06033995654433966,
            -0.14430533163249493,
            0.0
        ]
    ],
    "retrieved_0_prompt": "move the squeegee to the right and try to drag it",
    "retrieved_1_state": [
        0.143172487616539,
        -0.13649117946624756,
        0.12367834895849228,
        -2.47971248626709,
        -0.0543229915201664,
        2.272341012954712,
        -0.16154249012470245,
        0.0
    ],