{
    "query_state": [
        0.29861634969711304,
        0.47700580954551697,
        0.06983291357755661,
        -2.226325511932373,
        -0.11055010557174683,
        2.518800973892212,
        0.315424382686615,
        0.0
    ],
    "query_prompt": "move the squeegee to the right and try to drag it",
    "inference_time": true,
    "retrieved_0_state": [
        0.26027199625968933,
        0.48042649030685425,
        -0.03645521402359009,
        -2.272627592086792,
        -0.10053151100873947,
        2.783210515975952,
        0.2690816819667816,
        0.6784140992331424
    ],
    "retrieved_0_actions": [
        [
            -0.400131456553936,
            -0.10009784251451492,
            -0.055685280822217464,
            0.010161211248487234,
            0.2321067824959755,
            -0.37708770483732224,
            -0.1164816040545702,
            0.9196035248082857
        ],
        [
            -0.39589039981365204,
            -0.10883542709052563,
            -0.09358259849250317,
            -0.009974705753847957,
            0.20033268257975578,
            -0.32549068331718445,
            -0.11709799990057945,
            0.9196035248082857
        ],
        [
            -0.38747165352106094,
            -0.12324083596467972,
            -0.1266653649508953,
            -0.03848781809210777,
            0.1839119754731655,
            -0.26257382705807686,
            -0.11940203607082367,
            0.9196035248082857
        ],
        [
            -0.37866290658712387,
            -0.1253762561827898,
            -0.1252346858382225,
            -0.04998208489269018,
            0.18909182399511337,
            -0.2199091948568821,
            -0.13364136219024658,
            0.9196035248082857
        ],
        [
            -0.3338082879781723,
            -0.11589494533836842,
            -0.12525808066129684,
            -0.041367411613464355,
            0.16576498746871948,
            -0.20402830094099045,
            -0.13012483716011047,
            0.9196035248082857
        ],
        [
            0.012081175809726119,
            0.0014721232582814991,
            -0.011802769731730223,
            0.010069414274767041,
            0.01322075491771102,
            -0.013799457810819149,
            -0.01128664705902338,
            0.42841409923314244
        ],
        [
            0.0,
            0.0,
            0.0,
            0.0,
            0.0,
            0.0,
            0.0,
            0.42841409923314244
        ],
        [
            0.0,
            0.0,
            0.0,
            0.0,
            0.0,
            0.0,
            0.0,
            0.42841409923314244
        ],
        [
            0.0,
            0.0,
            0.0,
            0.0,
            0.0,
            0.0,
            0.0,
            0.42841409923314244
        ],
        [
            0.0,
            0.0,
            0.0,
            0.0,
            0.0,
            0.0,
            0.0,
            0.42841409923314244
        ],
        [
            0.0,
            0.0,
            0.0,
            0.0,
            0.0,
            0.0,
            0.0,
            0.42841409923314244
        ],
        [
            0.0,
            0.0,
            0.0,
            0.0,
            0.0,
            0.0,
            0.0,
            0.42841409923314244
        ],
        [
            0.0,
            0.0,
            0.0,
            0.0,
            0.0,
            0.0,
            0.0,
            0.42841409923314244
        ],
        [
            0.0,
            0.0,
            0.0,
            0.0,
            0.0,
            0.0,
            0.0,
            0.42841409923314244
        ],
        [
            0.0,
            0.0,
            0.0,
            0.0,
            0.0,
            0.0,
            0.0,
            0.42841409923314244
        ]
    ],
    "retrieved_0_prompt": "move the squeegee to the right and try to drag it",
    "retrieved_1_state": [
        0.25807228684425354,
        0.476348340511322,
        0.06355937570333481,
        -2.2503929138183594,
        -0.12816309928894043,
        2.814481735229492,
        0.20210550725460052,
        0.0
    ],