{
    "query_state": [
        0.1466934084892273,
        0.48737841844558716,
        0.026227841153740883,
        -2.1817426681518555,
        -0.023313723504543304,
        2.393955945968628,
        0.2715204954147339,
        0.6607929503834288
    ],
    "query_prompt": "move the squeegee to the right and try to drag it",
    "inference_time": true,
    "retrieved_0_state": [
        0.22789707779884338,
        0.47773557901382446,
        -0.04283425956964493,
        -2.2687582969665527,
        -0.07852663099765778,
        2.748511791229248,
        0.2678045928478241,
        0.6784140992331424
    ],
    "retrieved_0_actions": [
        [
            -0.39589039981365204,
            -0.10883542709052563,
            -0.09358259849250317,
            -0.009974705753847957,
            0.20033268257975578,
            -0.32549068331718445,
            -0.11709799990057945,
            0.9196035248082857
        ],
        [
            -0.38747165352106094,
            -0.12324083596467972,
            -0.1266653649508953,
            -0.03848781809210777,
            0.1839119754731655,
            -0.26257382705807686,
            -0.11940203607082367,
            0.9196035248082857
        ],
        [
            -0.37866290658712387,
            -0.1253762561827898,
            -0.1252346858382225,
            -0.04998208489269018,
            0.18909182399511337,
            -0.2199091948568821,
            -0.13364136219024658,
            0.9196035248082857
        ],
        [
            -0.3338082879781723,
            -0.11589494533836842,
            -0.12525808066129684,
            -0.041367411613464355,
            0.16576498746871948,
            -0.20402830094099045,
            -0.13012483716011047,
            0.9196035248082857
        ],
        [
            0.012081175809726119,
            0.0014721232582814991,
            -0.011802769731730223,
            0.010069414274767041,
            0.01322075491771102,
            -0.013799457810819149,
            -0.01128664705902338,
            0.42841409923314244
        ],
        [
            0.0,
            0.0,
            0.0,
            0.0,
            0.0,
            0.0,
            0.0,
            0.42841409923314244
        ],
        [
            0.0,
            0.0,
            0.0,
            0.0,
            0.0,
            0.0,
            0.0,
            0.42841409923314244
        ],
        [
            0.0,
            0.0,
            0.0,
            0.0,
            0.0,
            0.0,
            0.0,
            0.42841409923314244
        ],
        [
            0.0,
            0.0,
            0.0,
            0.0,
            0.0,
            0.0,
            0.0,
            0.42841409923314244
        ],
        [
            0.0,
            0.0,
            0.0,
            0.0,
            0.0,
            0.0,
            0.0,
            0.42841409923314244
        ],
        [
            0.0,
            0.0,
            0.0,
            0.0,
            0.0,
            0.0,
            0.0,
            0.42841409923314244
        ],
        [
            0.0,
            0.0,
            0.0,
            0.0,
            0.0,
            0.0,
            0.0,
            0.42841409923314244
        ],
        [
            0.0,
            0.0,
            0.0,
            0.0,
            0.0,
            0.0,
            0.0,
            0.42841409923314244
        ],
        [
            0.0,
            0.0,
            0.0,
            0.0,
            0.0,
            0.0,
            0.0,
            0.42841409923314244
        ],
        [
            0.0,
            0.0,
            0.0,
            0.0,
            0.0,
            0.0,
            0.0,
            0.42841409923314244
        ]
    ],
    "retrieved_0_prompt": "move the squeegee to the right and try to drag it",
    "retrieved_1_state": [
        0.09231966733932495,
        0.4799146056175232,
        0.09902127087116241,
        -2.2267303466796875,
        -0.16654108464717865,
        2.671600580215454,
        -0.06771489977836609,
        0.0
    ],