{
    "query_state": [
        0.012300833128392696,
        -0.5974582433700562,
        0.004975991789251566,
        -2.514406681060791,
        -0.03197457641363144,
        1.909161925315857,
        0.029304860159754753,
        0.0
    ],
    "query_prompt": "push the lever on the toaster",
    "inference_time": true,
    "retrieved_0_state": [
        -0.0032177739776670933,
        -0.6092568039894104,
        -0.0008747199317440391,
        -2.5240070819854736,
        -0.02629234828054905,
        1.9042185544967651,
        0.016265250742435455,
        0.0
    ],
    "retrieved_0_actions": [
        [
            -0.007324513280764222,
            0.0019061416969634593,
            0.007458541076630354,
            0.009446803596802056,
            0.005170168587937951,
            -0.011474104830995202,
            -0.0026863973471336067,
            0.0
        ],
        [
            0.0020510319154709578,
            0.07804034277796745,
            0.010645551374182105,
            -0.011316001182422042,
            0.0399444904178381,
            0.10221356526017189,
            0.024529253132641315,
            0.0
        ],
        [
            -0.006583836511708796,
            0.12115416117012501,
            0.022561284713447094,
            -0.035726442001760006,
            0.02422268269583583,
            0.1797482930123806,
            0.04928842652589083,
            0.0
        ],
        [
            -0.0206275493837893,
            0.14411631040275097,
            0.037413001991808414,
            -0.06220954470336437,
            -0.0056489481357857585,
            0.2726963348686695,
            0.07599728181958199,
            0.0
        ],
        [
            -0.03408791730180383,
            0.19514625892043114,
            0.03171368967741728,
            -0.07115023210644722,
            -0.015864343149587512,
            0.3470839560031891,
            0.08240312337875366,
            0.0
        ],
        [
            -0.029532003682106733,
            0.19505899399518967,
            0.03516034921631217,
            -0.056478637270629406,
            -0.008379130158573389,
            0.3003772720694542,
            0.08369644172489643,
            0.0
        ],
        [
            -0.011478863889351487,
            0.10634609498083591,
            0.07022082805633545,
            -0.04984572995454073,
            -0.018860057462006807,
            0.22644486278295517,
            0.10073313489556313,
            0.0
        ],
        [
            0.003057193534914404,
            0.0760131562128663,
            0.10509178973734379,
            -0.07402524817734957,
            -0.03126316471025348,
            0.2193346992135048,
            0.13719577342271805,
            0.0
        ],
        [
            0.016970352735370398,
            0.08163834922015667,
            0.11531906202435493,
            -0.07896465249359608,
            -0.020404313690960407,
            0.2149687521159649,
            0.17117859795689583,
            0.25
        ],
        [
            0.024861237034201622,
            0.10560126043856144,
            0.11864785104990005,
            -0.0685639027506113,
            -0.029762040358036757,
            0.24617772549390793,
            0.18787631765007973,
            0.3072687556750414
        ],
        [
            0.014891658211126924,
            0.15399210155010223,
            0.11426439508795738,
            -0.05562642589211464,
            -0.061655985191464424,
            0.2975618652999401,
            0.2016717568039894,
            0.4438326373468501
        ],
        [
            0.004303803143557161,
            0.24382971227169037,
            0.09395766071975231,
            -0.02316372934728861,
            -0.07918160408735275,
            0.328611321747303,
            0.19294291734695435,
            0.5715859007668576
        ],
        [
            0.011443209368735552,
            0.29681093990802765,
            0.07035624701529741,
            0.011877845972776413,
            -0.07610246073454618,
            0.32749325037002563,
            0.15128828585147858,
            0.6905286335889526
        ],
        [
            0.03794636810198426,
            0.30398236587643623,
            0.05143540911376476,
            0.06247022654861212,
            -0.05254027433693409,
            0.275748111307621,
            0.10411692783236504,
            0.8314977805597175
        ],
        [
            0.04834447521716356,
            0.31256891787052155,
            0.06227525882422924,
            0.09233180433511734,
            -0.05011096131056547,
            0.2412058226764202,
            0.1410558819770813,
            0.9504405352952845
        ]
    ],
    "retrieved_0_prompt": "push the lever on the toaster",
    "retrieved_1_state": [
        -0.002478560898452997,
        -0.6037110686302185,
        0.01979818567633629,
        -2.5215280055999756,
        -0.025770142674446106,
        1.9104751348495483,
        0.01883123256266117,
        0.0
    ],