{
    "query_state": [
        0.13439078629016876,
        0.1973857283592224,
        0.073076531291008,
        -2.059756278991699,
        -0.13446733355522156,
        2.0972487926483154,
        0.6772950291633606,
        0.0
    ],
    "query_prompt": "push the lever on the toaster",
    "inference_time": true,
    "retrieved_0_state": [
        0.04623062536120415,
        0.0002516681852284819,
        0.08590281754732132,
        -2.3110573291778564,
        -0.029958060011267662,
        2.2248644828796387,
        0.19682924449443817,
        0.9911894276295312
    ],
    "retrieved_0_actions": [
        [
            0.02181445248425007,
            0.14840402640402317,
            -0.05637072026729584,
            0.09539848193526268,
            -0.06406170316040516,
            -0.0035716150887310505,
            0.1601257175207138,
            0.9977973569073828
        ],
        [
            0.01374611514620483,
            0.14654030092060566,
            -0.062479800544679165,
            0.08251612074673176,
            -0.07666991092264652,
            0.013748015044257045,
            0.13775251805782318,
            0.9977973569073828
        ],
        [
            0.006997825694270432,
            0.1800088956952095,
            -0.0672684283927083,
            0.06549614481627941,
            -0.09283872321248055,
            0.07455409038811922,
            0.14514151960611343,
            0.9977973569073828
        ],
        [
            0.004035966121591628,
            0.1860807090997696,
            -0.06844933610409498,
            0.07106705568730831,
            -0.08868463337421417,
            0.07978354580700397,
            0.15165130607783794,
            0.9977973569073828
        ],
        [
            0.00802275026217103,
            0.15587656758725643,
            -0.06630103569477797,
            0.04784176126122475,
            -0.09801444597542286,
            0.0841183215379715,
            0.1581430621445179,
            0.9977973569073828
        ],
        [
            0.003654354077298194,
            0.11827764101326466,
            -0.06969855166971684,
            0.023238123394548893,
            -0.09024939499795437,
            0.08046537637710571,
            0.1318815629929304,
            0.9977973569073828
        ],
        [
            -5.293699132380425e-06,
            0.10471517220139503,
            -0.07009356282651424,
            0.029952677432447672,
            -0.08833128958940506,
            0.07145646493881941,
            0.10802555829286575,
            0.9977973569073828
        ],
        [
            0.0016107260307762772,
            0.10633098892867565,
            -0.06265392992645502,
            0.05020194686949253,
            -0.0970932375639677,
            0.07356633897870779,
            0.09452205151319504,
            0.9977973569073828
        ],
        [
            0.01073162886314094,
            0.13795526698231697,
            -0.05298929288983345,
            0.07775972597301006,
            -0.11805715039372444,
            0.08590313605964184,
            0.11119727976620197,
            0.9977973569073828
        ],
        [
            0.01814913935959339,
            0.18321098759770393,
            -0.04693442024290562,
            0.0979431439191103,
            -0.12571662664413452,
            0.09527384303510189,
            0.11753292754292488,
            0.9977973569073828
        ],
        [
            0.023528700694441795,
            0.2117222547531128,
            -0.04393186420202255,
            0.10857093147933483,
            -0.11951004154980183,
            0.10599086061120033,
            0.11382472701370716,
            0.9977973569073828
        ],
        [
            0.031190349254757166,
            0.23065520450472832,
            -0.04155807662755251,
            0.12321251444518566,
            -0.10614014230668545,
            0.11013329029083252,
            0.11137900874018669,
            0.9977973569073828
        ],
        [
            0.04196801222860813,
            0.24529306218028069,
            -0.037710973992943764,
            0.14986487105488777,
            -0.0938634667545557,
            0.10717588476836681,
            0.1092627551406622,
            0.9977973569073828
        ],
        [
            0.04967081360518932,
            0.25364741683006287,
            -0.0387501111254096,
            0.1659553125500679,
            -0.0898430310189724,
            0.10630909353494644,
            0.11504370719194412,
            0.9977973569073828
        ],
        [
            0.05277123302221298,
            0.2742399461567402,
            -0.037911536637693644,
            0.17916610464453697,
            -0.08672867901623249,
            0.10845993645489216,
            0.12361640110611916,
            0.9977973569073828
        ]
    ],
    "retrieved_0_prompt": "push the lever on the toaster",
    "retrieved_1_state": [
        0.04605161398649216,
        0.009415492415428162,
        0.08386538922786713,
        -2.305283784866333,
        -0.0301677156239748,
        2.222548246383667,
        0.20592443645000458,
        0.9911894276295312
    ],