{
    "query_state": [
        -0.07188167423009872,
        0.6174896955490112,
        0.0077738892287015915,
        -2.1047050952911377,
        -0.0013909252593293786,
        2.986269474029541,
        0.013409046456217766,
        0.7621145343558101
    ],
    "query_prompt": "move the squeegee to the right and try to drag it",
    "inference_time": true,
    "retrieved_0_state": [
        -0.08353583514690399,
        0.5977035760879517,
        0.022753294557332993,
        -2.0790834426879883,
        -0.10874691605567932,
        2.703242540359497,
        -0.2193472683429718,
        0.7136563969325698
    ],
    "retrieved_0_actions": [
        [
            -0.43676920235157013,
            0.004903640947304666,
            -0.17432846128940582,
            -0.0856405682861805,
            0.238613560795784,
            0.12131593190133572,
            -0.03949841484427452,
            0.9284140992331424
        ],
        [
            -0.44115789234638214,
            -0.0099425227381289,
            -0.16636135056614876,
            -0.11748508550226688,
            0.2492092177271843,
            0.1390205044299364,
            -0.047726621851325035,
            0.9284140992331424
        ],
        [
            -0.41742362082004547,
            -0.040305876173079014,
            -0.1465202122926712,
            -0.10563673451542854,
            0.2735506743192673,
            0.020957295782864094,
            -0.03543205326423049,
            0.9284140992331424
        ],
        [
            0.027000263798981905,
            -0.0012310525926295668,
            -0.02329923678189516,
            0.005586369661614299,
            0.027004708535969257,
            -0.010775210103020072,
            -0.015541034517809749,
            0.46365639693256977
        ],
        [
            0.0,
            0.0,
            0.0,
            0.0,
            0.0,
            0.0,
            0.0,
            0.46365639693256977
        ],
        [
            0.0,
            0.0,
            0.0,
            0.0,
            0.0,
            0.0,
            0.0,
            0.46365639693256977
        ],
        [
            0.0,
            0.0,
            0.0,
            0.0,
            0.0,
            0.0,
            0.0,
            0.46365639693256977
        ],
        [
            0.0,
            0.0,
            0.0,
            0.0,
            0.0,
            0.0,
            0.0,
            0.46365639693256977
        ],
        [
            0.0,
            0.0,
            0.0,
            0.0,
            0.0,
            0.0,
            0.0,
            0.46365639693256977
        ],
        [
            0.0,
            0.0,
            0.0,
            0.0,
            0.0,
            0.0,
            0.0,
            0.46365639693256977
        ],
        [
            0.0,
            0.0,
            0.0,
            0.0,
            0.0,
            0.0,
            0.0,
            0.46365639693256977
        ],
        [
            0.0,
            0.0,
            0.0,
            0.0,
            0.0,
            0.0,
            0.0,
            0.46365639693256977
        ],
        [
            0.0,
            0.0,
            0.0,
            0.0,
            0.0,
            0.0,
            0.0,
            0.46365639693256977
        ],
        [
            0.0,
            0.0,
            0.0,
            0.0,
            0.0,
            0.0,
            0.0,
            0.46365639693256977
        ],
        [
            0.0,
            0.0,
            0.0,
            0.0,
            0.0,
            0.0,
            0.0,
            0.46365639693256977
        ]
    ],
    "retrieved_0_prompt": "move the squeegee to the right and try to drag it",
    "retrieved_1_state": [
        -0.1562051773071289,
        0.6285082101821899,
        0.09151829779148102,
        -2.0251240730285645,
        0.020600689575076103,
        2.748748540878296,
        -0.21688711643218994,
        0.6916299608704277
    ],
    "retrieved_1_actions": [
        [
            -0.28268465772271156,
            -0.19049402326345444,
            -0.0998157262802124,
            -0.20271962508559227,
            0.20970135927200317,
            -0.04740058910101652,
            -0.005936427623964846,
            0.9229074902176069
        ],
        [
            -0.22832142189145088,
            -0.1693514548242092,
            -0.08078807964920998,
            -0.1818837970495224,
            0.18961139023303986,
            -0.04679684992879629,
            -0.020920406095683575,
            0.9229074902176069
        ],
        [
            -0.1453903131186962,
            -0.19418096169829369,
            -0.06399808451533318,
            -0.1804441213607788,
            0.12873340398073196,
            -0.09441076777875423,
            -0.05681872367858887,
            0.4416299608704277
        ],
        [
            0.0,
            0.0,
            0.0,
            0.0,
            0.0,
            0.0,
            0.0,
            0.4416299608704277
        ],
        [
            0.0,
            0.0,
            0.0,
            0.0,
            0.0,
            0.0,
            0.0,
            0.4416299608704277
        ],
        [
            0.0,
            0.0,
            0.0,
            0.0,
            0.0,
            0.0,
            0.0,
            0.4416299608704277
        ],
        [
            0.0,
            0.0,
            0.0,
            0.0,
            0.0,
            0.0,
            0.0,
            0.4416299608704277
        ],
        [
            0.0,
            0.0,
            0.0,
            0.0,
            0.0,
            0.0,
            0.0,
            0.4416299608704277
        ],
        [
            0.0,
            0.0,
            0.0,
            0.0,
            0.0,
            0.0,
            0.0,
            0.4416299608704277
        ],
        [
            0.0,
            0.0,
            0.0,
            0.0,
            0.0,
            0.0,
            0.0,
            0.4416299608704277
        ],
        [
            0.0,
            0.0,
            0.0,
            0.0,
            0.0,
            0.0,
            0.0,
            0.4416299608704277
        ],
        [
            0.0,
            0.0,
            0.0,
            0.0,
            0.0,
            0.0,
            0.0,
            0.4416299608704277
        ],
        [
            0.0,
            0.0,
            0.0,
            0.0,
            0.0,
            0.0,
            0.0,
            0.4416299608704277
        ],
        [
            0.0,
            0.0,
            0.0,
            0.0,
            0.0,
            0.0,
            0.0,
            0.4416299608704277
        ],
        [
            0.0,
            0.0,
            0.0,
            0.0,
            0.0,
            0.0,
            0.0,
            0.4416299608704277
        ]
    ],
    "retrieved_1_prompt": "move the squeegee to the right and try to drag it",
    "retrieved_2_state": [
        -0.13184359669685364,
        0.6605914235115051,
        0.04460718855261803,
        -1.91782546043396,
        -0.05792152136564255,
        2.5265355110168457,
        -0.2825928032398224,
        0.6916299608704277
    ],