{
    "query_state": [
        0.06063175946474075,
        0.23690097033977509,
        0.11529520153999329,
        -2.063091278076172,
        0.10697964578866959,
        2.3608837127685547,
        -0.3255070149898529,
        0.0
    ],
    "query_prompt": "open the door of the bottom shelf",
    "inference_time": true,
    "retrieved_0_state": [
        0.05872181057929993,
        0.24540545046329498,
        0.09045615792274475,
        -2.0571727752685547,
        -0.030401861295104027,
        2.3940768241882324,
        -0.4307886064052582,
        0.0
    ],
    "retrieved_0_actions": [
        [
            -0.0895457249134779,
            0.21430572494864464,
            0.18613792955875397,
            0.25688836351037025,
            0.18001195043325424,
            0.13057636097073555,
            -0.38524329662323,
            0.0
        ],
        [
            -0.13041412457823753,
            0.17465338110923767,
            0.21114284172654152,
            0.17197469249367714,
            0.268890168517828,
            0.2073516696691513,
            -0.42781680822372437,
            0.0
        ],
        [
            -0.19120365381240845,
            0.15851879492402077,
            0.25172173976898193,
            0.12177031487226486,
            0.40133602917194366,
            0.2008439227938652,
            -0.5232397839426994,
            0.0
        ],
        [
            -0.22113434970378876,
            0.13224372640252113,
            0.26411620900034904,
            0.0555485999211669,
            0.46543341130018234,
            0.24295613169670105,
            -0.5849096924066544,
            0.0
        ],
        [
            -0.2215396799147129,
            0.12349437922239304,
            0.24984382092952728,
            0.027816861402243376,
            0.4585399478673935,
            0.2574705705046654,
            -0.5665694549679756,
            0.0
        ],
        [
            -0.213154386729002,
            0.13543382287025452,
            0.21342430263757706,
            0.01620366587303579,
            0.4102950170636177,
            0.2390560694038868,
            -0.4926620051264763,
            0.179121
        ],
        [
            -0.21053995937108994,
            0.10002400726079941,
            0.17414400354027748,
            -8.666785106470343e-05,
            0.3521028161048889,
            0.17228513956069946,
            -0.42459651827812195,
            0.32929512599676714
        ],
        [
            -0.2070995792746544,
            0.047888970002532005,
            0.13891346752643585,
            -0.02008293755352497,
            0.29569245874881744,
            0.10200676508247852,
            -0.350138284265995,
            0.46145378619656363
        ],
        [
            -0.2159644477069378,
            -0.031244803685694933,
            0.11452813632786274,
            -0.031206742860376835,
            0.272050853818655,
            0.02329588169232011,
            -0.31459663063287735,
            0.5892070496165712
        ],
        [
            -0.2085469849407673,
            -0.08494026958942413,
            0.09381943382322788,
            -0.05209557246416807,
            0.2599918097257614,
            -0.0056625803699716926,
            -0.28356825932860374,
            0.7257709312883798
        ],
        [
            -0.17600109800696373,
            -0.12666309252381325,
            0.040866751223802567,
            -0.08924960158765316,
            0.19249198958277702,
            -0.04976124037057161,
            -0.20731007680296898,
            0.8359030896856179
        ],
        [
            -0.13778621330857277,
            -0.1617562212049961,
            -0.03684771712869406,
            -0.12653366662561893,
            0.0712180370464921,
            -0.1262131705880165,
            -0.09752926416695118,
            0.946035248082856
        ],
        [
            -0.11054720729589462,
            -0.2412419393658638,
            -0.13641005381941795,
            -0.20913342013955116,
            -0.08472694084048271,
            -0.19867485389113426,
            0.019985930994153023,
            0.9614537478479874
        ],
        [
            -0.08315606042742729,
            -0.32219048589468,
            -0.23807233199477196,
            -0.3200893849134445,
            -0.2588026225566864,
            -0.20881736651062965,
            0.1658402755856514,
            0.9416299553920596
        ],
        [
            -0.0611835066229105,
            -0.5065643414855003,
            -0.4175664857029915,
            -0.5325699597597122,
            -0.6031529977917671,
            -0.2628157287836075,
            0.47867365181446075,
            0.9416299553920596
        ]
    ],
    "retrieved_0_prompt": "open the door of the bottom shelf",
    "retrieved_1_state": [
        0.05970723181962967,
        0.23452255129814148,
        0.08366549760103226,
        -2.0680510997772217,
        -0.03710145130753517,
        2.3873305320739746,
        -0.39143282175064087,
        0.0
    ],