{
    "query_state": [
        -0.07255769520998001,
        0.50849848985672,
        -0.037219300866127014,
        -1.9538813829421997,
        0.05396008864045143,
        2.3730223178863525,
        0.0995873510837555,
        0.06167397714705347
    ],
    "query_prompt": "move the idli plate to the right",
    "inference_time": true,
    "retrieved_0_state": [
        -0.05549925938248634,
        0.5816746950149536,
        -0.06295892596244812,
        -1.778179407119751,
        -0.0282063540071249,
        2.3559820652008057,
        0.14986978471279144,
        0.0
    ],
    "retrieved_0_actions": [
        [
            0.01124130329117179,
            0.48753343522548676,
            -0.0570004153996706,
            0.6080427393317223,
            0.08989694528281689,
            -0.15361448749899864,
            0.0798978004604578,
            0.0
        ],
        [
            -0.01371648395434022,
            0.4893181845545769,
            -0.04252261947840452,
            0.617549866437912,
            0.12087318114936352,
            -0.17171034589409828,
            0.05366947501897812,
            0.0
        ],
        [
            -0.018818221287801862,
            0.48706740140914917,
            -0.036936195101588964,
            0.6056369096040726,
            0.12268249876797199,
            -0.17733760178089142,
            0.04522707313299179,
            0.0
        ],
        [
            -0.015933930408209562,
            0.48274923115968704,
            -0.03459824249148369,
            0.5861346796154976,
            0.11837019585072994,
            -0.1745535433292389,
            0.04944747779518366,
            0.0
        ],
        [
            -0.012129010865464807,
            0.46415675431489944,
            -0.029586160089820623,
            0.5597591400146484,
            0.11995751410722733,
            -0.1882978342473507,
            0.05860785488039255,
            0.0
        ],
        [
            -0.008587579941377044,
            0.4229309409856796,
            -0.022086102981120348,
            0.514480322599411,
            0.12542001903057098,
            -0.19776683300733566,
            0.06201471667736769,
            0.0
        ],
        [
            -0.015558224404230714,
            0.37665098905563354,
            -0.00902241503354162,
            0.4669882729649544,
            0.13559836894273758,
            -0.20042886957526207,
            0.0463913194835186,
            0.0
        ],
        [
            -0.06888356059789658,
            0.2955523505806923,
            0.03840430174022913,
            0.3951568529009819,
            0.16934026032686234,
            -0.2064819261431694,
            -0.0385920493863523,
            0.0
        ],
        [
            -0.14247188344597816,
            0.1592237874865532,
            0.07305270992219448,
            0.2850510738790035,
            0.20059602335095406,
            -0.21250201389193535,
            -0.1137885358184576,
            0.0
        ],
        [
            -0.22184208035469055,
            0.03516608849167824,
            0.07517385762184858,
            0.13364429585635662,
            0.2121235989034176,
            -0.1642007939517498,
            -0.18075905740261078,
            0.0
        ],
        [
            -0.2951648086309433,
            -0.03230542177334428,
            0.07128923200070858,
            0.04783847834914923,
            0.21676938980817795,
            -0.11225195601582527,
            -0.2466798946261406,
            0.0
        ],
        [
            -0.3634144738316536,
            -0.060942983254790306,
            0.07825088687241077,
            0.009290006128139794,
            0.23002443835139275,
            -0.055726044811308384,
            -0.3224077820777893,
            0.0
        ],
        [
            -0.38056671619415283,
            -0.07322498597204685,
            0.085689602419734,
            -0.00848310417495668,
            0.2274884656071663,
            -0.019473988795652986,
            -0.36089666187763214,
            0.0
        ],
        [
            -0.3825327754020691,
            -0.07204676046967506,
            0.10381477884948254,
            -0.013566050911322236,
            0.2293950505554676,
            -0.004678725672420114,
            -0.396055169403553,
            0.0
        ],
        [
            -0.37648756057024,
            -0.04630706738680601,
            0.13327892869710922,
            0.00042132684029638767,
            0.2386612631380558,
            0.0022069511760491878,
            -0.4242771118879318,
            0.0
        ]
    ],
    "retrieved_0_prompt": "move the idli plate to the right",
    "retrieved_1_state": [
        -0.033428460359573364,
        0.49830207228660583,
        -0.05790329352021217,
        -2.0538907051086426,
        -0.04507693275809288,
        2.5817079544067383,
        0.08375871181488037,
        0.0
    ],