{
    "query_state": [
        -0.05278271436691284,
        0.5005491971969604,
        -0.028590524569153786,
        -1.9723057746887207,
        0.030246669426560402,
        2.37576961517334,
        0.10703720897436142,
        0.9427312771951667
    ],
    "query_prompt": "move the idli plate to the right",
    "inference_time": true,
    "retrieved_0_state": [
        -0.4234756529331207,
        0.7323093414306641,
        -0.09881008416414261,
        -1.6854568719863892,
        0.10768704116344452,
        2.297481060028076,
        -0.06984604895114899,
        0.0
    ],
    "retrieved_0_actions": [
        [
            0.13115509413182735,
            -0.31601767987012863,
            -0.0018310760788153857,
            -0.13350690715014935,
            0.11934912763535976,
            -0.1592390425503254,
            -0.1151170115917921,
            0.0
        ],
        [
            0.20529642701148987,
            -0.3921499103307724,
            0.009515684796497226,
            -0.27264051139354706,
            0.08198260329663754,
            -0.10090222582221031,
            -0.09356890805065632,
            0.0
        ],
        [
            0.2458154782652855,
            -0.3895092010498047,
            0.029234644025564194,
            -0.33963344991207123,
            0.043515125289559364,
            -0.09749633260071278,
            -0.10816791094839573,
            0.0
        ],
        [
            0.22996891289949417,
            -0.35289324820041656,
            0.05906479433178902,
            -0.3217390552163124,
            0.0038811549893580377,
            -0.20413799211382866,
            -0.21197279915213585,
            0.0
        ],
        [
            0.18174011260271072,
            -0.2820785157382488,
            0.08802010677754879,
            -0.23222580552101135,
            -0.040912250988185406,
            -0.3766768053174019,
            -0.3502263128757477,
            0.0
        ],
        [
            0.17126046121120453,
            -0.19466355443000793,
            0.039388258010149,
            -0.12398202903568745,
            -0.13852610252797604,
            -0.4494180530309677,
            -0.3426589071750641,
            0.0
        ],
        [
            0.1662551425397396,
            -0.13377376832067966,
            -0.018286650301888585,
            -0.04380696453154087,
            -0.22973742336034775,
            -0.46080097556114197,
            -0.2945242263376713,
            0.0
        ],
        [
            0.1341857947409153,
            -0.07948553189635277,
            -0.05081368610262871,
            0.034034226555377245,
            -0.25896843522787094,
            -0.44486187398433685,
            -0.26344478130340576,
            0.0
        ],
        [
            0.0776456156745553,
            -0.05216450896114111,
            -0.04162144847214222,
            0.09183105081319809,
            -0.23408576846122742,
            -0.4637032374739647,
            -0.3351280465722084,
            0.0
        ],
        [
            0.03252303693443537,
            -0.041638570837676525,
            -0.034262919798493385,
            0.13820617459714413,
            -0.2146773785352707,
            -0.470828078687191,
            -0.39950743317604065,
            0.0
        ],
        [
            0.027324995025992393,
            -0.024827115703374147,
            -0.055666486732661724,
            0.16523992642760277,
            -0.22816728800535202,
            -0.4093579947948456,
            -0.3526647016406059,
            0.0
        ],
        [
            0.0191044167149812,
            -0.0028563689556904137,
            -0.06846384610980749,
            0.18690306693315506,
            -0.21834038197994232,
            -0.3540196269750595,
            -0.3051821328699589,
            0.0
        ],
        [
            0.029659613501280546,
            -0.0007428977551171556,
            -0.09241437539458275,
            0.17543286085128784,
            -0.19307909533381462,
            -0.24695459753274918,
            -0.1491512916982174,
            0.0
        ],
        [
            0.014644503826275468,
            0.005482799606397748,
            -0.01817976706661284,
            0.012264571851119399,
            0.010554831242188811,
            -0.01057675457559526,
            -0.007988580618984997,
            0.0
        ],
        [
            0.034254814963787794,
            0.06675006821751595,
            -0.031419117003679276,
            -0.05026272498071194,
            -0.017337878234684467,
            0.31204212456941605,
            0.06678078323602676,
            0.0
        ]
    ],
    "retrieved_0_prompt": "move the idli plate to the right",
    "retrieved_1_state": [
        -0.41689079999923706,
        0.7331261038780212,
        -0.09750817716121674,
        -1.7024898529052734,
        0.10525239259004593,
        2.3128631114959717,
        -0.06945546716451645,
        0.0
    ],