{
    "query_state": [
        -0.07452124357223511,
        -0.21118345856666565,
        -0.11051641404628754,
        -2.392817497253418,
        -0.0740414559841156,
        2.160874605178833,
        -0.13349968194961548,
        0.0
    ],
    "query_prompt": "pick up the bagel and put it in the toaster",
    "inference_time": true,
    "retrieved_0_state": [
        -0.14625246822834015,
        0.20015116035938263,
        -0.11745809018611908,
        -2.351623773574829,
        -0.05005454644560814,
        2.5860512256622314,
        0.2854796350002289,
        0.0
    ],
    "retrieved_0_actions": [
        [
            0.09495077654719353,
            0.368826687335968,
            -0.09308971464633942,
            0.36373160779476166,
            0.13316083699464798,
            0.05074788350611925,
            0.0987187959253788,
            0.0
        ],
        [
            0.11465737596154213,
            0.35527128726243973,
            -0.09897134266793728,
            0.32695669680833817,
            0.111636808142066,
            0.059980195946991444,
            0.11955867521464825,
            0.0
        ],
        [
            0.12038455344736576,
            0.3332323208451271,
            -0.10226162150502205,
            0.28955692425370216,
            0.10816524736583233,
            0.054051484912633896,
            0.1147354207932949,
            0.0
        ],
        [
            0.12065396644175053,
            0.3048389405012131,
            -0.10550042614340782,
            0.2511504106223583,
            0.11607272550463676,
            0.05768095143139362,
            0.10702314786612988,
            0.0
        ],
        [
            0.13020889833569527,
            0.26073675602674484,
            -0.11474572122097015,
            0.22772980853915215,
            0.11110409162938595,
            0.036256376188248396,
            0.11704863980412483,
            0.0
        ],
        [
            0.15645897015929222,
            0.21461565047502518,
            -0.1495514251291752,
            0.2046012505888939,
            0.05830128211528063,
            0.03387599252164364,
            0.14141173101961613,
            0.0
        ],
        [
            0.14492055401206017,
            0.18077686429023743,
            -0.14548574574291706,
            0.19350087270140648,
            0.06632056552916765,
            0.024463592562824488,
            0.10952304117381573,
            0.0
        ],
        [
            0.15842661261558533,
            0.19717885181307793,
            -0.13414787128567696,
            0.10405614040791988,
            0.06763428449630737,
            0.13633578084409237,
            0.11712802574038506,
            0.0
        ],
        [
            0.15400338917970657,
            0.17823902890086174,
            -0.12789578177034855,
            0.08402029983699322,
            0.07752834353595972,
            0.12895021587610245,
            0.10436004027724266,
            0.0
        ],
        [
            0.1418973132967949,
            0.15848156064748764,
            -0.1195624191313982,
            0.0775946257635951,
            0.09297100827097893,
            0.11297731660306454,
            0.09066268801689148,
            0.0
        ],
        [
            0.1344811636954546,
            0.13811117969453335,
            -0.11674979701638222,
            0.08033273741602898,
            0.10077147744596004,
            0.09205158799886703,
            0.08280370384454727,
            0.0
        ],
        [
            0.1339912787079811,
            0.1063708309084177,
            -0.11845800094306469,
            0.07791028823703527,
            0.09304065257310867,
            0.08693322539329529,
            0.06844176910817623,
            0.0858975
        ],
        [
            0.14455393888056278,
            0.07274691015481949,
            -0.12744181789457798,
            0.07931464351713657,
            0.07206212729215622,
            0.07762075401842594,
            0.07487968541681767,
            0.31167397714705347
        ],
        [
            0.15209260396659374,
            0.030397376976907253,
            -0.1318376325070858,
            0.07713074795901775,
            0.05716766696423292,
            0.05374836269766092,
            0.08401029743254185,
            0.3469162748464808
        ],
        [
            0.1536707766354084,
            -0.009172878344543278,
            -0.13408424332737923,
            0.06906213704496622,
            0.04398406948894262,
            0.02592184580862522,
            0.08931160904467106,
            0.4702643167944762
        ]
    ],
    "retrieved_0_prompt": "pick up the bagel and put it in the toaster",
    "retrieved_1_state": [
        -0.14604051411151886,
        0.23411880433559418,
        -0.11963172256946564,
        -2.318448781967163,
        -0.03933984041213989,
        2.5863747596740723,
        0.2875763177871704,
        0.0
    ],