{
    "query_state": [
        0.000609277281910181,
        0.3854287564754486,
        -0.009120557457208633,
        -2.063023090362549,
        -0.056436315178871155,
        2.396087646484375,
        0.04273643344640732,
        0.8722466927530482
    ],
    "query_prompt": "pick up the bagel and put it in the toaster",
    "inference_time": true,
    "retrieved_0_state": [
        0.05580878630280495,
        -0.03971065580844879,
        0.041625380516052246,
        -1.974006175994873,
        -0.023432862013578415,
        2.0515189170837402,
        0.21623149514198303,
        0.8678414164973559
    ],
    "retrieved_0_actions": [
        [
            0.035841737408190966,
            0.1356467604637146,
            0.07448046933859587,
            -0.10237188078463078,
            0.0287973927333951,
            0.12594503350555897,
            0.13070542365312576,
            0.966960354124339
        ],
        [
            0.011569552589207888,
            0.2005488984286785,
            0.0321120023727417,
            -0.07860571146011353,
            0.01655840198509395,
            0.15148412436246872,
            0.11709923855960369,
            0.966960354124339
        ],
        [
            0.005868099979124963,
            0.24452034384012222,
            0.008610760560259223,
            -0.03386839060112834,
            -0.003716606297530234,
            0.15147252939641476,
            0.11599274352192879,
            0.966960354124339
        ],
        [
            0.015379369724541903,
            0.27474816888570786,
            0.0022109842393547297,
            0.017949286848306656,
            -0.004678001860156655,
            0.132209537550807,
            0.1210650335997343,
            0.966960354124339
        ],
        [
            0.042316014878451824,
            0.28348907828330994,
            0.009455116232857108,
            0.06896118633449078,
            -0.004148113075643778,
            0.09593549184501171,
            0.1330315973609686,
            0.966960354124339
        ],
        [
            0.07508013397455215,
            0.28039218857884407,
            0.022050824481993914,
            0.11431682854890823,
            0.0004952720337314531,
            0.06815843284130096,
            0.14526898972690105,
            0.966960354124339
        ],
        [
            0.09700817987322807,
            0.24911193177103996,
            0.031794747337698936,
            0.17047664150595665,
            0.017011355375871062,
            0.015593146672472358,
            0.14841251075267792,
            0.966960354124339
        ],
        [
            0.10591319762170315,
            0.22295502945780754,
            0.039701852947473526,
            0.1942167617380619,
            0.013060065684840083,
            -0.013733169762417674,
            0.15062357299029827,
            0.966960354124339
        ],
        [
            0.10089281015098095,
            0.22171249613165855,
            0.041084205731749535,
            0.19109593704342842,
            0.006028857897035778,
            -0.017218167195096612,
            0.14895733445882797,
            0.966960354124339
        ],
        [
            0.0910918228328228,
            0.2160143107175827,
            0.037178408820182085,
            0.18835674971342087,
            0.003809220506809652,
            -0.02580167492851615,
            0.14207830652594566,
            0.966960354124339
        ],
        [
            0.0815269909799099,
            0.19929630681872368,
            0.0263809016905725,
            0.18502319231629372,
            -0.0023726186191197485,
            -0.037745696026831865,
            0.1334274560213089,
            0.966960354124339
        ],
        [
            0.06188941653817892,
            0.16298437491059303,
            0.008966986206360161,
            0.17585424706339836,
            0.002187249483540654,
            -0.044812094420194626,
            0.11778182350099087,
            0.966960354124339
        ],
        [
            0.04078958183526993,
            0.12590506114065647,
            -0.006695060292258859,
            0.15349132008850574,
            0.010476172901690006,
            -0.048082140274345875,
            0.10407011024653912,
            0.966960354124339
        ],
        [
            0.028668742161244154,
            0.0879926048219204,
            -0.021383129060268402,
            0.12852270156145096,
            0.015006725443527102,
            -0.06995602045208216,
            0.1060424093157053,
            0.6178414164973559
        ],
        [
            0.024613866116851568,
            0.03473771037533879,
            -0.028172829188406467,
            0.0987538043409586,
            0.01418890431523323,
            -0.08098659105598927,
            0.10720325633883476,
            0.5517621192676658
        ]
    ],
    "retrieved_0_prompt": "pick up the bagel and put it in the toaster",
    "retrieved_1_state": [
        0.04105634614825249,
        -0.03172089904546738,
        0.01897207833826542,
        -1.9720174074172974,
        -0.023891715332865715,
        2.0562856197357178,
        0.201657235622406,
        0.8678414164973559
    ],