{
    "query_state": [
        0.10093261301517487,
        -0.019453836604952812,
        0.10671522468328476,
        -2.4409098625183105,
        -0.059311315417289734,
        2.4105825424194336,
        -0.007533460855484009,
        0.0
    ],
    "query_prompt": "move the squeegee to the right and try to drag it",
    "inference_time": true,
    "retrieved_0_state": [
        0.0910281389951706,
        -0.02995891124010086,
        0.12209729850292206,
        -2.4784631729125977,
        -0.050874508917331696,
        2.430155038833618,
        -0.00913210865110159,
        0.0
    ],
    "retrieved_0_actions": [
        [
            0.016068987315520644,
            0.5243058875203133,
            -0.04130730405449867,
            0.26984769850969315,
            -0.1527742762118578,
            0.3079613670706749,
            -0.046954210847616196,
            0.0
        ],
        [
            0.021997566800564528,
            0.5034984275698662,
            -0.054102698341012,
            0.2660597115755081,
            -0.1854882761836052,
            0.28780777007341385,
            -0.00985198188573122,
            0.0
        ],
        [
            0.02924086758866906,
            0.474020391702652,
            -0.0694124260917306,
            0.2360927127301693,
            -0.18754184246063232,
            0.2740463800728321,
            -0.02799233654513955,
            0.0
        ],
        [
            0.03444770351052284,
            0.44482432305812836,
            -0.08950276300311089,
            0.23585503920912743,
            -0.19150029867887497,
            0.2331799827516079,
            -0.04001626744866371,
            0.0
        ],
        [
            0.031922205816954374,
            0.4360346123576164,
            -0.09667381644248962,
            0.2512337453663349,
            -0.1614130474627018,
            0.23202752694487572,
            -0.09596938267350197,
            0.0
        ],
        [
            0.04429954569786787,
            0.43253369629383087,
            -0.09898794814944267,
            0.2809431031346321,
            -0.14201348647475243,
            0.21112289279699326,
            -0.08699196390807629,
            0.0
        ],
        [
            0.05865040700882673,
            0.4096592590212822,
            -0.09752432815730572,
            0.2896336279809475,
            -0.1313409674912691,
            0.19572824239730835,
            -0.08544603362679482,
            0.0
        ],
        [
            0.07765597198158503,
            0.3770263120532036,
            -0.11447066441178322,
            0.293937586247921,
            -0.1541421003639698,
            0.17287861555814743,
            -0.07997705601155758,
            0.0
        ],
        [
            0.08898310363292694,
            0.3517794609069824,
            -0.11854943819344044,
            0.2935105934739113,
            -0.14731869101524353,
            0.14042283408343792,
            -0.09439087472856045,
            0.0
        ],
        [
            0.09278225712478161,
            0.31676895916461945,
            -0.10946732014417648,
            0.2742188796401024,
            -0.12512657791376114,
            0.10515662841498852,
            -0.11215884238481522,
            0.0
        ],
        [
            0.10063479654490948,
            0.2930675819516182,
            -0.10425143875181675,
            0.2522684074938297,
            -0.11396595276892185,
            0.09192542172968388,
            -0.11098614893853664,
            0.0
        ],
        [
            0.09301259182393551,
            0.2512345090508461,
            -0.09405748918652534,
            0.22528933361172676,
            -0.09201399050652981,
            0.07676002569496632,
            -0.11697893030941486,
            0.0
        ],
        [
            0.0643024081364274,
            0.21656816825270653,
            -0.0693338830024004,
            0.20320791751146317,
            -0.055128731764853,
            0.06033995654433966,
            -0.14430533163249493,
            0.0
        ],
        [
            0.06336595397442579,
            0.18965188413858414,
            -0.07390446029603481,
            0.18083835020661354,
            -0.057062129490077496,
            0.06421810016036034,
            -0.13108527287840843,
            0.0
        ],
        [
            0.0669157924130559,
            0.17119260504841805,
            -0.08274550549685955,
            0.15959616750478745,
            -0.06354188546538353,
            0.07173430174589157,
            -0.11253790929913521,
            0.0
        ]
    ],
    "retrieved_0_prompt": "move the squeegee to the right and try to drag it",
    "retrieved_1_state": [
        0.0892353504896164,
        -0.0689501091837883,
        0.11181095242500305,
        -2.476804256439209,
        -0.10656774789094925,
        2.491861581802368,
        -0.08729056268930435,
        0.0
    ],