{
    "query_state": [
        0.023988451808691025,
        0.6737668514251709,
        0.09889944642782211,
        -1.885208010673523,
        -0.10040853172540665,
        2.6708037853240967,
        -0.4055185616016388,
        0.0
    ],
    "query_prompt": "move the squeegee to the right and try to drag it",
    "inference_time": true,
    "retrieved_0_state": [
        -0.06230778992176056,
        0.6908385157585144,
        0.16348636150360107,
        -1.8287277221679688,
        -0.14877231419086456,
        2.5415148735046387,
        -0.6744790077209473,
        0.7092511097201413
    ],
    "retrieved_0_actions": [
        [
            -0.3619880974292755,
            -0.480838306248188,
            -0.1389704830944538,
            -0.41664648801088333,
            -0.05485475994646549,
            -0.19423795863986015,
            -0.4021866247057915,
            0.9273127774300354
        ],
        [
            -0.3376740589737892,
            -0.448378250002861,
            -0.1799958385527134,
            -0.3854749724268913,
            -0.027254018932580948,
            -0.19952518865466118,
            -0.3869049996137619,
            0.9273127774300354
        ],
        [
            -0.3177894651889801,
            -0.41344713419675827,
            -0.2144911326467991,
            -0.3540832921862602,
            -0.013486319221556187,
            -0.18742773681879044,
            -0.3938135877251625,
            0.9273127774300354
        ],
        [
            -0.31190864741802216,
            -0.3787974640727043,
            -0.23180825635790825,
            -0.3174719959497452,
            0.001770638773450628,
            -0.17701882869005203,
            -0.4091345891356468,
            0.9273127774300354
        ],
        [
            -0.31747836619615555,
            -0.36234498023986816,
            -0.230794046074152,
            -0.28709864243865013,
            0.025999953504651785,
            -0.16711100935935974,
            -0.44700149446725845,
            0.9273127774300354
        ],
        [
            -0.25337882339954376,
            -0.34429319202899933,
            -0.22418050095438957,
            -0.25360530242323875,
            0.007418328314088285,
            -0.11197145096957684,
            -0.42412426322698593,
            0.9273127774300354
        ],
        [
            0.0,
            0.0,
            0.0,
            0.0,
            0.0,
            0.0,
            0.0,
            0.9273127774300354
        ],
        [
            0.0,
            0.0,
            0.0,
            0.0,
            0.0,
            0.0,
            0.0,
            0.9273127774300354
        ],
        [
            0.0,
            0.0,
            0.0,
            0.0,
            0.0,
            0.0,
            0.0,
            0.9273127774300354
        ],
        [
            0.0,
            0.0,
            0.0,
            0.0,
            0.0,
            0.0,
            0.0,
            0.9273127774300354
        ],
        [
            0.0,
            0.0,
            0.0,
            0.0,
            0.0,
            0.0,
            0.0,
            0.9273127774300354
        ],
        [
            0.0,
            0.0,
            0.0,
            0.0,
            0.0,
            0.0,
            0.0,
            0.9273127774300354
        ],
        [
            0.0,
            0.0,
            0.0,
            0.0,
            0.0,
            0.0,
            0.0,
            0.9273127774300354
        ],
        [
            0.0,
            0.0,
            0.0,
            0.0,
            0.0,
            0.0,
            0.0,
            0.9273127774300354
        ],
        [
            0.0,
            0.0,
            0.0,
            0.0,
            0.0,
            0.0,
            0.0,
            0.9273127774300354
        ]
    ],
    "retrieved_0_prompt": "move the squeegee to the right and try to drag it",
    "retrieved_1_state": [
        0.017776891589164734,
        0.6820698380470276,
        0.1377125382423401,
        -1.9395760297775269,
        -0.06465241312980652,
        2.7509925365448,
        -0.22261647880077362,
        0.6916299608704277
    ],
    "retrieved_1_actions": [
        [
            -0.3821132704615593,
            -0.22554099559783936,
            -0.0740845687687397,
            -0.3170321509242058,
            0.23837989196181297,
            -0.07291738409548998,
            0.03485142486169934,
            0.9229074902176069
        ],
        [
            -0.3875313326716423,
            -0.23810271173715591,
            -0.09071188978850842,
            -0.30311187729239464,
            0.24083655327558517,
            -0.05520435515791178,
            0.016278164694085717,
            0.9229074902176069
        ],
        [
            -0.3651465103030205,
            -0.23826336488127708,
            -0.10356693528592587,
            -0.2740592882037163,
            0.22894183173775673,
            -0.05234686657786369,
            0.0020983694412279874,
            0.9229074902176069
        ],
        [
            -0.328395776450634,
            -0.2208075299859047,
            -0.11519894935190678,
            -0.24330975487828255,
            0.2168000116944313,
            -0.045569417998194695,
            0.0031489573302678764,
            0.9229074902176069
        ],
        [
            -0.28268465772271156,
            -0.19049402326345444,
            -0.0998157262802124,
            -0.20271962508559227,
            0.20970135927200317,
            -0.04740058910101652,
            -0.005936427623964846,
            0.9229074902176069
        ],
        [
            -0.22832142189145088,
            -0.1693514548242092,
            -0.08078807964920998,
            -0.1818837970495224,
            0.18961139023303986,
            -0.04679684992879629,
            -0.020920406095683575,
            0.9229074902176069
        ],
        [
            -0.1453903131186962,
            -0.19418096169829369,
            -0.06399808451533318,
            -0.1804441213607788,
            0.12873340398073196,
            -0.09441076777875423,
            -0.05681872367858887,
            0.4416299608704277
        ],
        [
            0.0,
            0.0,
            0.0,
            0.0,
            0.0,
            0.0,
            0.0,
            0.4416299608704277
        ],
        [
            0.0,
            0.0,
            0.0,
            0.0,
            0.0,
            0.0,
            0.0,
            0.4416299608704277
        ],
        [
            0.0,
            0.0,
            0.0,
            0.0,
            0.0,
            0.0,
            0.0,
            0.4416299608704277
        ],
        [
            0.0,
            0.0,
            0.0,
            0.0,
            0.0,
            0.0,
            0.0,
            0.4416299608704277
        ],
        [
            0.0,
            0.0,
            0.0,
            0.0,
            0.0,
            0.0,
            0.0,
            0.4416299608704277
        ],
        [
            0.0,
            0.0,
            0.0,
            0.0,
            0.0,
            0.0,
            0.0,
            0.4416299608704277
        ],
        [
            0.0,
            0.0,
            0.0,
            0.0,
            0.0,
            0.0,
            0.0,
            0.4416299608704277
        ],
        [
            0.0,
            0.0,
            0.0,
            0.0,
            0.0,
            0.0,
            0.0,
            0.4416299608704277
        ]
    ],
    "retrieved_1_prompt": "move the squeegee to the right and try to drag it",