{
    "query_state": [
        -0.055700965225696564,
        -0.4149899184703827,
        -0.06999176740646362,
        -2.4304656982421875,
        -0.07874210178852081,
        1.9954241514205933,
        -0.044564276933670044,
        0.0
    ],
    "query_prompt": "pick up the bagel and put it in the toaster",
    "inference_time": true,
    "retrieved_0_state": [
        -0.09995587170124054,
        -0.25565779209136963,
        -0.052542611956596375,
        -2.5156242847442627,
        -0.1093607172369957,
        2.255831241607666,
        0.037101954221725464,
        0.0
    ],
    "retrieved_0_actions": [
        [
            -0.018869716441258788,
            0.7427455484867096,
            -0.07637550588697195,
            0.2419307455420494,
            0.04563337657600641,
            0.5171737819910049,
            0.04689429420977831,
            0.0
        ],
        [
            -0.02962285652756691,
            0.7223611325025558,
            -0.08610126562416553,
            0.2810455672442913,
            0.05185415502637625,
            0.44503964483737946,
            0.029225654434412718,
            0.0
        ],
        [
            -0.03020939650014043,
            0.7002443820238113,
            -0.08276700042188168,
            0.3173976019024849,
            0.05348770413547754,
            0.38890600204467773,
            0.015742875402793288,
            0.0
        ],
        [
            -0.018624039366841316,
            0.6446075439453125,
            -0.06814479362219572,
            0.3511703386902809,
            0.08282430469989777,
            0.3055248036980629,
            0.007905412930995226,
            0.0
        ],
        [
            -0.0020956769003532827,
            0.5613822117447853,
            -0.04763794597238302,
            0.3467527776956558,
            0.10941110551357269,
            0.23773780092597008,
            -0.004293852834962308,
            0.0
        ],
        [
            0.007534719770774245,
            0.49283117055892944,
            -0.03657378954812884,
            0.33844493329524994,
            0.11167583055794239,
            0.18144076690077782,
            0.007708721095696092,
            0.0
        ],
        [
            0.010726037435233593,
            0.4488426446914673,
            -0.01623009447939694,
            0.3228827565908432,
            0.15198682434856892,
            0.16796763986349106,
            -0.01252262038178742,
            0.0
        ],
        [
            0.01636316883377731,
            0.39873845875263214,
            0.015010306378826499,
            0.3104131296277046,
            0.184957142919302,
            0.12732861563563347,
            -0.03336617024615407,
            0.0
        ],
        [
            0.04538185428828001,
            0.3283298388123512,
            0.030240800697356462,
            0.29388343915343285,
            0.16116848215460777,
            0.09573829360306263,
            0.006273139733821154,
            0.0
        ],
        [
            0.06322845350950956,
            0.2689901925623417,
            0.03119435627013445,
            0.2700796537101269,
            0.127922547981143,
            0.07264758925884962,
            0.03304175799712539,
            0.0
        ],
        [
            0.06209952291101217,
            0.23218009620904922,
            0.025525190867483616,
            0.23543229326605797,
            0.11258318088948727,
            0.07103413343429565,
            0.045215263962745667,
            0.0
        ],
        [
            0.05017442163079977,
            0.2121308073401451,
            0.017687648069113493,
            0.17986217513680458,
            0.10988874360918999,
            0.08595128543674946,
            0.051074204966425896,
            0.0
        ],
        [
            0.03906614612787962,
            0.18637115135788918,
            0.011384148383513093,
            0.13336989097297192,
            0.10261548683047295,
            0.09747028350830078,
            0.049223676323890686,
            0.0016484999999999998
        ],
        [
            0.03719366155564785,
            0.1600773073732853,
            0.002524321316741407,
            0.10570135898888111,
            0.09198925457894802,
            0.10804924182593822,
            0.05414476618170738,
            0.25
        ],
        [
            0.029961538966745138,
            0.11862239800393581,
            0.003931768296752125,
            0.0878057349473238,
            0.1080847904086113,
            0.09732524864375591,
            0.05669774953275919,
            0.31167397714705347
        ]
    ],
    "retrieved_0_prompt": "pick up the bagel and put it in the toaster",
    "retrieved_1_state": [
        -0.0874083861708641,
        -0.303652822971344,
        -0.07204645127058029,
        -2.5165908336639404,
        -0.06109285354614258,
        2.173959493637085,
        0.00954456627368927,
        0.0
    ],