{
    "query_state": [
        -0.12894074618816376,
        0.353882372379303,
        -0.13127538561820984,
        -2.1257922649383545,
        -0.04864206537604332,
        2.411736488342285,
        -0.1532021462917328,
        0.0
    ],
    "query_prompt": "pick up the bagel and put it in the toaster",
    "inference_time": true,
    "retrieved_0_state": [
        -0.1889989972114563,
        0.3895703852176666,
        -0.08688919991254807,
        -2.0253963470458984,
        0.01261220220476389,
        2.477095127105713,
        -0.25963911414146423,
        0.8634361292849275
    ],
    "retrieved_0_actions": [
        [
            0.10197264142334461,
            -0.8276250213384628,
            0.03172863740473986,
            -0.34042254090309143,
            -0.045836539939045906,
            -0.3566063195466995,
            0.13525509275496006,
            0.9658590323212319
        ],
        [
            0.136945191770792,
            -0.8251368254423141,
            0.055498965084552765,
            -0.35859089344739914,
            -0.03728823969140649,
            -0.36780834197998047,
            0.1373877376317978,
            0.9658590323212319
        ],
        [
            0.18619820475578308,
            -0.8008278161287308,
            0.09419343434274197,
            -0.37967078387737274,
            -0.02365828026086092,
            -0.3517024964094162,
            0.16038039699196815,
            0.9658590323212319
        ],
        [
            0.2247944101691246,
            -0.7295215129852295,
            0.1266611274331808,
            -0.36504466086626053,
            -0.0008985081512946635,
            -0.3059188835322857,
            0.19162990152835846,
            0.9658590323212319
        ],
        [
            0.263820867985487,
            -0.6313066184520721,
            0.16633599996566772,
            -0.35760756582021713,
            0.03131100907921791,
            -0.2038235031068325,
            0.22629695013165474,
            0.9658590323212319
        ],
        [
            0.27748560532927513,
            -0.5263953655958176,
            0.18696816638112068,
            -0.33900734037160873,
            0.02442918485030532,
            -0.0956809613853693,
            0.26670264080166817,
            0.9658590323212319
        ],
        [
            0.26782024651765823,
            -0.4144858568906784,
            0.19167713820934296,
            -0.30561236664652824,
            0.023708166554570198,
            -0.020636923145502806,
            0.2773496136069298,
            0.9658590323212319
        ],
        [
            0.238749198615551,
            -0.28662320226430893,
            0.1824806071817875,
            -0.2287662774324417,
            0.0029579715919680893,
            0.011359635973349214,
            0.2921176701784134,
            0.9658590323212319
        ],
        [
            0.19364621490240097,
            -0.17467061057686806,
            0.15495427884161472,
            -0.16338177025318146,
            -0.004303914320189506,
            0.04216580651700497,
            0.28381312265992165,
            0.9658590323212319
        ],
        [
            0.14581824652850628,
            -0.07626663893461227,
            0.11984206736087799,
            -0.11920266784727573,
            -0.01634446671232581,
            0.06956932134926319,
            0.2710162475705147,
            0.9658590323212319
        ],
        [
            0.09933099150657654,
            0.008803391247056425,
            0.07604944054037333,
            -0.0828195083886385,
            -0.002378859499003738,
            0.07583113852888346,
            0.239667110145092,
            0.9658590323212319
        ],
        [
            0.06575772538781166,
            0.05022927653044462,
            0.047080907970666885,
            -0.06456488743424416,
            -0.006597757455892861,
            0.09301173500716686,
            0.22354772314429283,
            0.9658590323212319
        ],
        [
            0.047318930737674236,
            0.0774169759824872,
            0.026558029931038618,
            -0.04102013073861599,
            0.003222049563191831,
            0.11182103306055069,
            0.21338198333978653,
            0.9658590323212319
        ],
        [
            0.03444350324571133,
            0.10626809671521187,
            0.018555428832769394,
            -0.01514914445579052,
            -0.013981210067868233,
            0.14048462733626366,
            0.22472945973277092,
            0.9658590323212319
        ],
        [
            0.027587965596467257,
            0.12804172933101654,
            0.012450289214029908,
            0.015934244729578495,
            -0.01957976259291172,
            0.15473276376724243,
            0.22689593955874443,
            0.9658590323212319
        ]
    ],
    "retrieved_0_prompt": "pick up the bagel and put it in the toaster",
    "retrieved_1_state": [
        0.10398891568183899,
        0.07742462307214737,
        0.05716317147016525,
        -2.085659980773926,
        -0.08710144460201263,
        2.1727330684661865,
        0.4343573749065399,
        0.8722466927530482
    ],