{
    "query_state": [
        -0.12172921001911163,
        0.21684852242469788,
        -0.14446412026882172,
        -2.2153570652008057,
        -0.049783769994974136,
        2.3818511962890625,
        -0.15340584516525269,
        0.0
    ],
    "query_prompt": "pick up the bagel and put it in the toaster",
    "inference_time": true,
    "retrieved_0_state": [
        -0.12133694440126419,
        0.3144487142562866,
        -0.15228158235549927,
        -2.181729316711426,
        -0.0875157043337822,
        2.4915099143981934,
        -0.1577458679676056,
        0.0
    ],
    "retrieved_0_actions": [
        [
            -0.10914967395365238,
            0.3221568837761879,
            0.12058796361088753,
            0.19923236221075058,
            0.11492271907627583,
            0.1730673760175705,
            -0.020640508737415075,
            0.0
        ],
        [
            -0.10235635563731194,
            0.30532678589224815,
            0.12447921559214592,
            0.20877322182059288,
            0.09607063606381416,
            0.16008025035262108,
            -0.00854184094350785,
            0.0
        ],
        [
            -0.08954395540058613,
            0.2786652743816376,
            0.11581335216760635,
            0.23232132196426392,
            0.06861213129013777,
            0.1309577189385891,
            0.014928268501535058,
            0.0
        ],
        [
            -0.09307852946221828,
            0.24906866252422333,
            0.10966244153678417,
            0.2371043898165226,
            0.06735955365002155,
            0.10457148775458336,
            0.021051671355962753,
            0.0
        ],
        [
            -0.096998680382967,
            0.2195785939693451,
            0.10505885817110538,
            0.22678744047880173,
            0.07109277881681919,
            0.09045055136084557,
            0.03176373429596424,
            0.0
        ],
        [
            -0.0988396629691124,
            0.1737719029188156,
            0.10557522997260094,
            0.19794022664427757,
            0.08191226050257683,
            0.09020697325468063,
            0.04786993842571974,
            0.25
        ],
        [
            -0.0998173002153635,
            0.1164464745670557,
            0.10591370053589344,
            0.16455980017781258,
            0.08618217892944813,
            0.08318186737596989,
            0.05012843757867813,
            0.3248899045247551
        ],
        [
            -0.10234124027192593,
            0.07771224249154329,
            0.1046993862837553,
            0.1439905632287264,
            0.09203590452671051,
            0.07115163840353489,
            0.04737120121717453,
            0.46145378619656363
        ],
        [
            -0.09813578799366951,
            0.05891030188649893,
            0.09323880076408386,
            0.12836940586566925,
            0.08556744083762169,
            0.05443331319838762,
            0.05459126550704241,
            0.6068281984662849
        ],
        [
            -0.08899018168449402,
            0.03114786697551608,
            0.07418868131935596,
            0.09777920320630074,
            0.06597434636205435,
            0.0301952101290226,
            0.06132932845503092,
            0.7257709312883798
        ],
        [
            -0.09921406395733356,
            -0.015026554465293884,
            0.06509816739708185,
            0.06509576924145222,
            0.06592162419110537,
            0.009510393138043582,
            0.04616552498191595,
            0.8447136641104748
        ],
        [
            -0.10774302296340466,
            -0.03648430574685335,
            0.050918287597596645,
            0.04988926462829113,
            0.06413126830011606,
            0.0006139581091701984,
            0.041275909170508385,
            0.9812775457822833
        ],
        [
            -0.09287352673709393,
            -0.07450955454260111,
            0.02393875503912568,
            0.03859634278342128,
            0.05123146343976259,
            -0.1013396866619587,
            0.07144960574805737,
            1.0
        ],
        [
            -0.00593117147218436,
            -0.212886743247509,
            -0.03894130699336529,
            -0.02100685378536582,
            -0.04358915612101555,
            -0.2527947910130024,
            0.1527219358831644,
            0.9779735721554099
        ],
        [
            0.05941097158938646,
            -0.3632793575525284,
            -0.06217475514858961,
            -0.06814355496317148,
            -0.10089769028127193,
            -0.3943873941898346,
            0.19999390468001366,
            0.9658590323212319
        ]
    ],
    "retrieved_0_prompt": "pick up the bagel and put it in the toaster",
    "retrieved_1_state": [
        -0.09043663740158081,
        -0.019508400931954384,
        -0.07657357305288315,
        -2.120041847229004,
        -0.03493645042181015,
        2.166778087615967,
        -0.10803920030593872,
        0.8898678416027619
    ],