{
    "query_state": [
        -0.018662620335817337,
        -0.4338514506816864,
        -0.026799412444233894,
        -2.4273602962493896,
        -0.049523044377565384,
        1.9808861017227173,
        0.017830701544880867,
        0.0
    ],
    "query_prompt": "move the idli plate to the sink",
    "inference_time": true,
    "retrieved_0_state": [
        -0.018877940252423286,
        -0.47909078001976013,
        0.002123842714354396,
        -2.502626895904541,
        0.01141313835978508,
        2.072657346725464,
        0.022594435140490532,
        0.0
    ],
    "retrieved_0_actions": [
        [
            -0.09824284352362156,
            0.7124772667884827,
            -0.04749726504087448,
            0.24991275742650032,
            -0.13990793377161026,
            0.45824281871318817,
            0.058895787224173546,
            0.0
        ],
        [
            -0.09106854908168316,
            0.8312841504812241,
            -0.06254750303924084,
            0.26057226583361626,
            -0.14404455199837685,
            0.5204102769494057,
            0.07017455995082855,
            0.0
        ],
        [
            -0.0812655407935381,
            0.9169746935367584,
            -0.08415933698415756,
            0.29960228130221367,
            -0.13179649598896503,
            0.5483507364988327,
            0.06487096194177866,
            0.0
        ],
        [
            -0.06372062023729086,
            0.9184334427118301,
            -0.08712873794138432,
            0.3626133129000664,
            -0.12475768104195595,
            0.48189036548137665,
            0.0775667279958725,
            0.0
        ],
        [
            -0.04251391161233187,
            0.8661635220050812,
            -0.08843548595905304,
            0.40838129818439484,
            -0.11196504347026348,
            0.3883245214819908,
            0.08694176562130451,
            0.0
        ],
        [
            -0.019951846916228533,
            0.8025095611810684,
            -0.08601987734436989,
            0.4266752302646637,
            -0.08232833817601204,
            0.30899522826075554,
            0.0819993857294321,
            0.0
        ],
        [
            -0.003500900638755411,
            0.7189930975437164,
            -0.0682709738612175,
            0.43880410492420197,
            -0.03767351619899273,
            0.24050109088420868,
            0.051202550530433655,
            0.0
        ],
        [
            0.01997024053707719,
            0.6277748942375183,
            -0.032051713205873966,
            0.4479922726750374,
            -0.0031401519663631916,
            0.1947915181517601,
            0.042672972194850445,
            0.0
        ],
        [
            0.06272366736084223,
            0.494157113134861,
            0.003211742441635579,
            0.39531800895929337,
            0.008554644882678986,
            0.11806636117398739,
            0.08616157807409763,
            0.0
        ],
        [
            0.12563767842948437,
            0.3031841106712818,
            0.04560244735330343,
            0.22299446165561676,
            0.0011994214582955465,
            0.06316615734249353,
            0.13205625116825104,
            0.0
        ],
        [
            0.16230009496212006,
            0.13077527284622192,
            0.101432204246521,
            0.03925165627151728,
            0.041733160614967346,
            0.012576881563290954,
            0.13423429802060127,
            0.0
        ],
        [
            0.2109721675515175,
            -0.010751464869827032,
            0.16491221264004707,
            -0.14263976365327835,
            0.07493512704968452,
            0.010457546450197697,
            0.15444832853972912,
            0.0
        ],
        [
            0.24796904996037483,
            -0.10107774287462234,
            0.2174895815551281,
            -0.2608591876924038,
            0.10591620579361916,
            0.011952196946367621,
            0.1520982664078474,
            0.0
        ],
        [
            0.3148932382464409,
            -0.20488513633608818,
            0.26891548186540604,
            -0.40612999349832535,
            0.09992578998208046,
            0.05749822128564119,
            0.17658941447734833,
            0.0
        ],
        [
            0.32254673540592194,
            -0.22684648633003235,
            0.2970372885465622,
            -0.4315043240785599,
            0.13869540765881538,
            0.054642907343804836,
            0.15952493995428085,
            0.0
        ]
    ],
    "retrieved_0_prompt": "move the idli plate to the sink",
    "retrieved_1_state": [
        -0.035066552460193634,
        -0.5152559876441956,
        -0.02024608664214611,
        -2.4999473094940186,
        -0.041200488805770874,
        1.9692529439926147,
        0.02358054742217064,
        0.0
    ],