{
    "query_state": [
        -0.0785418227314949,
        0.2965259253978729,
        -0.03808226063847542,
        -2.179230213165283,
        0.04706745594739914,
        2.2840826511383057,
        0.013721161521971226,
        0.0
    ],
    "query_prompt": "move the idli plate to the sink",
    "inference_time": true,
    "retrieved_0_state": [
        -0.09360301494598389,
        0.2719201147556305,
        -0.08630970120429993,
        -2.1358389854431152,
        -0.047794222831726074,
        2.3182003498077393,
        -0.05637896806001663,
        0.0
    ],
    "retrieved_0_actions": [
        [
            -0.05731843411922455,
            0.20379150286316872,
            0.017379196360707283,
            -0.018168934620916843,
            0.07318261545151472,
            0.3166590631008148,
            -0.0919131189584732,
            0.0
        ],
        [
            -0.06561537738889456,
            0.1673896424472332,
            0.0005224744381848723,
            -0.08194754831492901,
            0.05142576526850462,
            0.3814396262168884,
            -0.06955082062631845,
            0.0
        ],
        [
            -0.0749647431075573,
            0.1654370315372944,
            -0.015912491362541914,
            -0.10631291195750237,
            0.0380813330411911,
            0.4087037220597267,
            -0.05220827180892229,
            0.0
        ],
        [
            -0.06844941526651382,
            0.17413796856999397,
            -0.006923153414390981,
            -0.08364779874682426,
            0.045314617455005646,
            0.36743462085723877,
            -0.05261846352368593,
            0.0
        ],
        [
            -0.0375104695558548,
            0.14291619881987572,
            0.0297159468755126,
            -0.07667731493711472,
            0.07108468562364578,
            0.32379381358623505,
            -0.042813136242330074,
            0.0
        ],
        [
            0.05158739164471626,
            0.08426458574831486,
            0.09790739975869656,
            -0.10575052350759506,
            0.08518347516655922,
            0.27782017365098,
            0.01960239838808775,
            0.0
        ],
        [
            0.1742049865424633,
            0.027504859026521444,
            0.1579972542822361,
            -0.18559785559773445,
            0.0770154781639576,
            0.2654211036860943,
            0.13841836713254452,
            0.0
        ],
        [
            0.2602291665971279,
            -0.009915449190884829,
            0.21942637860774994,
            -0.2412567287683487,
            0.10630998760461807,
            0.23253021761775017,
            0.21702231839299202,
            0.0
        ],
        [
            0.3203928843140602,
            -0.02095647854730487,
            0.26529183611273766,
            -0.2606870234012604,
            0.14291449449956417,
            0.20933771505951881,
            0.2583977207541466,
            0.0
        ],
        [
            0.35030633211135864,
            -0.04137263633310795,
            0.2919313870370388,
            -0.19821852445602417,
            0.16977498307824135,
            0.1061070617288351,
            0.2566656656563282,
            0.0
        ],
        [
            0.3654823452234268,
            -0.013040407793596387,
            0.2857014536857605,
            -0.13627085834741592,
            0.1636953093111515,
            0.06596536375582218,
            0.2694396302103996,
            0.0
        ],
        [
            0.37653420120477676,
            0.014490148751065135,
            0.28218064457178116,
            -0.06263718940317631,
            0.17143229022622108,
            0.020726944785565138,
            0.2832316607236862,
            0.0
        ],
        [
            0.3607407957315445,
            0.04564071539789438,
            0.2641419693827629,
            0.012704712571576238,
            0.16724346205592155,
            -0.012563749914988875,
            0.26986345648765564,
            0.0
        ],
        [
            0.33256731927394867,
            0.0769585045054555,
            0.22854328155517578,
            0.10206982493400574,
            0.15609227120876312,
            -0.06096747703850269,
            0.24494271725416183,
            0.0
        ],
        [
            0.26354165747761726,
            0.05006352439522743,
            0.16855672001838684,
            0.163518525660038,
            0.13205486349761486,
            -0.1345822587609291,
            0.19705884158611298,
            0.0
        ]
    ],
    "retrieved_0_prompt": "move the idli plate to the sink",
    "retrieved_1_state": [
        -0.05792732536792755,
        0.2982731759548187,
        -0.04443463310599327,
        -2.262066125869751,
        0.006980249658226967,
        2.552981376647949,
        0.026857152581214905,
        0.0
    ],