{
    "query_state": [
        -0.1707557588815689,
        0.0010963790118694305,
        -0.17483867704868317,
        -2.355086326599121,
        -0.018093015998601913,
        2.209523916244507,
        -0.027642872184515,
        0.0
    ],
    "query_prompt": "move the idli plate to the sink",
    "inference_time": true,
    "retrieved_0_state": [
        -0.12510083615779877,
        -0.05250672623515129,
        -0.17479051649570465,
        -2.4903440475463867,
        -0.04159141704440117,
        2.405533790588379,
        -0.1480250060558319,
        0.0
    ],
    "retrieved_0_actions": [
        [
            -0.06130084861069918,
            0.5490808561444283,
            0.021448249462991953,
            0.2422507107257843,
            0.035149664618074894,
            0.2270413190126419,
            -0.1948055624961853,
            0.0
        ],
        [
            -0.07580250035971403,
            0.487741194665432,
            0.04334087949246168,
            0.2305218018591404,
            0.040527498349547386,
            0.21446866914629936,
            -0.17415212467312813,
            0.0
        ],
        [
            -0.08411728776991367,
            0.41655663400888443,
            0.07089067250490189,
            0.21240178495645523,
            0.05371076986193657,
            0.1880037970840931,
            -0.16820546239614487,
            0.0
        ],
        [
            -0.04059037659317255,
            0.35456735640764236,
            0.15248814597725868,
            0.1632792130112648,
            0.09673124179244041,
            0.1902366243302822,
            -0.13527315109968185,
            0.0
        ],
        [
            0.023774311412125826,
            0.1873716339468956,
            0.2275189757347107,
            0.044291368685662746,
            0.10496756993234158,
            0.16957392916083336,
            -0.11803239583969116,
            0.0
        ],
        [
            0.11843209154903889,
            -0.020226293709129095,
            0.32439805567264557,
            -0.16289401799440384,
            0.157295074313879,
            0.17308583483099937,
            -0.12312275357544422,
            0.0
        ],
        [
            0.20835412666201591,
            -0.16234945505857468,
            0.3873215988278389,
            -0.3497716411948204,
            0.21963266655802727,
            0.20037876442074776,
            -0.10872002691030502,
            0.0
        ],
        [
            0.28027111664414406,
            -0.25205977261066437,
            0.4190558195114136,
            -0.43830469250679016,
            0.2800084464251995,
            0.17301488667726517,
            -0.08489686995744705,
            0.0
        ],
        [
            0.3024320490658283,
            -0.2689032629132271,
            0.41395988315343857,
            -0.42444508522748947,
            0.3422633931040764,
            0.12242322787642479,
            -0.09719016030430794,
            0.0
        ],
        [
            0.32896798104047775,
            -0.3748437389731407,
            0.40392760187387466,
            -0.399455726146698,
            0.39562560617923737,
            -0.002254942082799971,
            -0.06943963468074799,
            0.0
        ],
        [
            0.3541078418493271,
            -0.40959306061267853,
            0.40108729153871536,
            -0.3506595268845558,
            0.48169177025556564,
            -0.08651929907500744,
            -0.03575326642021537,
            0.0
        ],
        [
            0.3834092244505882,
            -0.4538286477327347,
            0.38215670734643936,
            -0.2798222377896309,
            0.5287322402000427,
            -0.19543416798114777,
            0.028518233448266983,
            0.0
        ],
        [
            0.0,
            0.0,
            0.0,
            0.0,
            0.0,
            0.0,
            0.0,
            0.0
        ],
        [
            0.0,
            0.0,
            0.0,
            0.0,
            0.0,
            0.0,
            0.0,
            0.0
        ],
        [
            0.0,
            0.0,
            0.0,
            0.0,
            0.0,
            0.0,
            0.0,
            0.0
        ]
    ],
    "retrieved_0_prompt": "move the idli plate to the sink",
    "retrieved_1_state": [
        -0.14123375713825226,
        -0.08929858356714249,
        -0.14192582666873932,
        -2.50917649269104,
        -0.050020474940538406,
        2.3731689453125,
        -0.04621325805783272,
        0.0
    ],