{
    "query_state": [
        -0.17556996643543243,
        0.09220419824123383,
        -0.16412603855133057,
        -2.2758824825286865,
        0.0057793413288891315,
        2.2184340953826904,
        -0.02768407203257084,
        0.0
    ],
    "query_prompt": "move the idli plate to the sink",
    "inference_time": true,
    "retrieved_0_state": [
        -0.13915766775608063,
        0.04451628774404526,
        -0.13178057968616486,
        -2.377717971801758,
        -0.05127495527267456,
        2.33609676361084,
        -0.03195994719862938,
        0.0
    ],
    "retrieved_0_actions": [
        [
            -0.01980946632102132,
            0.5150807648897171,
            -0.01844230922870338,
            0.24094687774777412,
            0.0069543346762657166,
            0.30549271032214165,
            -0.08916402235627174,
            0.0
        ],
        [
            0.022915848530828953,
            0.42766254395246506,
            0.02861113753169775,
            0.2657889761030674,
            0.002840641827788204,
            0.25955041870474815,
            -0.03943474031984806,
            0.0
        ],
        [
            0.05586455576121807,
            0.3516056761145592,
            0.05629339721053839,
            0.26529252529144287,
            -0.001015408561215736,
            0.2206256054341793,
            0.0024012594076339155,
            0.0
        ],
        [
            0.09322888217866421,
            0.264428798109293,
            0.0719205942004919,
            0.22108152508735657,
            -0.0187752116471529,
            0.16471656039357185,
            0.05607344210147858,
            0.0
        ],
        [
            0.13648233376443386,
            0.17100224271416664,
            0.08064436726272106,
            0.12341137044131756,
            -0.05014394409954548,
            0.15198081731796265,
            0.10884810239076614,
            0.0
        ],
        [
            0.18445324152708054,
            0.09887215681374073,
            0.09452161379158497,
            0.007582623511552811,
            -0.07954739965498447,
            0.16967467963695526,
            0.16607284545898438,
            0.0
        ],
        [
            0.20845482125878334,
            0.06226582918316126,
            0.11512455530464649,
            -0.07457682862877846,
            -0.0789946224540472,
            0.1792825199663639,
            0.19795594736933708,
            0.0
        ],
        [
            0.2490677870810032,
            0.018906473414972425,
            0.1515527255833149,
            -0.1582920178771019,
            -0.07046387065201998,
            0.18550727516412735,
            0.24234332144260406,
            0.0
        ],
        [
            0.2784384414553642,
            -0.023905590642243624,
            0.18193494528532028,
            -0.20012466236948967,
            -0.054885344579815865,
            0.17828421667218208,
            0.27670202776789665,
            0.0
        ],
        [
            0.30255110934376717,
            -0.054834154434502125,
            0.2191687375307083,
            -0.19438272342085838,
            -0.01689087599515915,
            0.1552076917141676,
            0.3064378723502159,
            0.0
        ],
        [
            0.29902737587690353,
            -0.03913240972906351,
            0.2232697233557701,
            -0.1519299764186144,
            0.007650474435649812,
            0.13535640202462673,
            0.3163670003414154,
            0.0
        ],
        [
            0.2944917790591717,
            -0.01745102694258094,
            0.2127351053059101,
            -0.0942582730203867,
            0.004528963763732463,
            0.09564358741044998,
            0.32835543155670166,
            0.0
        ],
        [
            0.26341337710618973,
            0.053500859066843987,
            0.19207797944545746,
            -0.07843073457479477,
            0.011983546428382397,
            0.17002301290631294,
            0.2948279492557049,
            0.0
        ],
        [
            0.21871531382203102,
            0.07673441898077726,
            0.17385615035891533,
            -0.03739908570423722,
            0.04389673937112093,
            0.17039332538843155,
            0.24465080350637436,
            0.0
        ],
        [
            0.18741780892014503,
            0.10904733091592789,
            0.1637956127524376,
            -0.003946194192394614,
            0.0754277128726244,
            0.18099233508110046,
            0.2024468034505844,
            0.0
        ]
    ],
    "retrieved_0_prompt": "move the idli plate to the sink",
    "retrieved_1_state": [
        -0.13055282831192017,
        0.08736467361450195,
        -0.14983603358268738,
        -2.3441097736358643,
        -0.02802923135459423,
        2.502866744995117,
        -0.03575551137328148,
        0.0
    ],