{
    "query_state": [
        -0.0028644034173339605,
        0.4315475523471832,
        0.003623558906838298,
        -2.0723180770874023,
        -0.07140150666236877,
        2.317120313644409,
        -0.02483632229268551,
        0.0
    ],
    "query_prompt": "use the squeegee to clean the counter and push everything into the sink",
    "inference_time": true,
    "retrieved_0_state": [
        -0.04953410103917122,
        0.5130341649055481,
        0.04403239116072655,
        -2.0729832649230957,
        0.9787917137145996,
        1.7074518203735352,
        -0.020116310566663742,
        0.748898672718525
    ],
    "retrieved_0_actions": [
        [
            0.18986664712429047,
            0.12029359117150307,
            0.10198446922004223,
            0.08208983577787876,
            0.09894327260553837,
            -0.2364138886332512,
            -0.1169848907738924,
            0.9372246681796312
        ],
        [
            0.19821587949991226,
            0.10426159016788006,
            0.09464466013014317,
            0.08112938143312931,
            0.058721741661429405,
            -0.23466860875487328,
            -0.10290514677762985,
            0.9372246681796312
        ],
        [
            0.1872374303638935,
            0.08750101551413536,
            0.07766557391732931,
            0.08137360215187073,
            0.03280635690316558,
            -0.22013507783412933,
            -0.08862040936946869,
            0.9372246681796312
        ],
        [
            0.17272856086492538,
            0.058065722696483135,
            0.04084899090230465,
            0.08271859958767891,
            -0.020362655632197857,
            -0.18725816160440445,
            -0.05523047409951687,
            0.9372246681796312
        ],
        [
            0.16169674694538116,
            -0.010073629673570395,
            -0.005729618715122342,
            0.07154885679483414,
            -0.10939334519207478,
            -0.13341286219656467,
            0.015876927645877004,
            0.9372246681796312
        ],
        [
            0.13515528291463852,
            -0.10221530683338642,
            -0.049536111764609814,
            0.04489693325012922,
            -0.18644284456968307,
            -0.09961985982954502,
            0.09794513694941998,
            0.9372246681796312
        ],
        [
            0.13353709131479263,
            -0.2013447880744934,
            -0.09897825308144093,
            -0.0028722285060212016,
            -0.28038084506988525,
            -0.022486860398203135,
            0.19356677308678627,
            0.9372246681796312
        ],
        [
            0.089279655367136,
            -0.2613033540546894,
            -0.10522193275392056,
            -0.04488956183195114,
            -0.2591749280691147,
            -0.03367789322510362,
            0.20694701001048088,
            0.9372246681796312
        ],
        [
            0.062023503705859184,
            -0.3293154761195183,
            -0.09779542684555054,
            -0.10207613930106163,
            -0.21548733115196228,
            -0.049859825521707535,
            0.23523638024926186,
            0.9372246681796312
        ],
        [
            0.05333441775292158,
            -0.34760743379592896,
            -0.07445412687957287,
            -0.13933737762272358,
            -0.16876235604286194,
            -0.07001022342592478,
            0.25915583595633507,
            0.9372246681796312
        ],
        [
            0.10756084695458412,
            -0.39131738245487213,
            -0.05706077441573143,
            -0.19359273836016655,
            -0.2437741495668888,
            -0.0408494658768177,
            0.3035331703722477,
            0.9372246681796312
        ],
        [
            0.0,
            0.0,
            0.0,
            0.0,
            0.0,
            0.0,
            0.0,
            0.9372246681796312
        ],
        [
            0.0,
            0.0,
            0.0,
            0.0,
            0.0,
            0.0,
            0.0,
            0.9372246681796312
        ],
        [
            0.0,
            0.0,
            0.0,
            0.0,
            0.0,
            0.0,
            0.0,
            0.9372246681796312
        ],
        [
            0.0,
            0.0,
            0.0,
            0.0,
            0.0,
            0.0,
            0.0,
            0.9372246681796312
        ]
    ],
    "retrieved_0_prompt": "use the squeegee to clean the counter and push everything into the sink",
    "retrieved_1_state": [
        -0.05151757225394249,
        0.18184536695480347,
        0.01752650737762451,
        -2.3680553436279297,
        0.588553786277771,
        2.3441882133483887,
        0.2159387469291687,
        0.748898672718525
    ],