{
    "query_state": [
        -0.029463529586791992,
        -0.40647125244140625,
        -0.025213070213794708,
        -2.4917397499084473,
        -0.07094719260931015,
        1.9870686531066895,
        -0.006597497500479221,
        0.0
    ],
    "query_prompt": "use the squeegee to clean the counter and push everything into the sink",
    "inference_time": true,
    "retrieved_0_state": [
        -0.03448265790939331,
        -0.16852998733520508,
        -0.027055267244577408,
        -2.4633121490478516,
        -0.0017692568944767118,
        2.272517681121826,
        0.01764388382434845,
        0.0
    ],
    "retrieved_0_actions": [
        [
            -0.0014686043141409755,
            0.48281121999025345,
            0.014095603255555034,
            0.2040625363588333,
            -0.02689708024263382,
            0.3399178758263588,
            0.13999557122588158,
            0.0
        ],
        [
            0.004381202743388712,
            0.46960778534412384,
            0.0107614416629076,
            0.20576370880007744,
            -0.008957559475675225,
            0.29882529750466347,
            0.1571192778646946,
            0.0
        ],
        [
            0.011505763977766037,
            0.43313853442668915,
            0.007999721565283835,
            0.19912010058760643,
            -0.0012741876707877964,
            0.25538286194205284,
            0.16373194754123688,
            0.0
        ],
        [
            0.021274832542985678,
            0.4096977040171623,
            0.006792843923904002,
            0.18676653504371643,
            0.027970261871814728,
            0.24316754192113876,
            0.13689466752111912,
            0.0
        ],
        [
            0.031103852670639753,
            0.35963986068964005,
            0.010026773670688272,
            0.21070953458547592,
            0.04708327353000641,
            0.18304191529750824,
            0.12090656906366348,
            0.0
        ],
        [
            0.04513189662247896,
            0.321439653635025,
            0.022805240005254745,
            0.22871019318699837,
            0.08094829507172108,
            0.146469259634614,
            0.11647173203527927,
            0.0
        ],
        [
            0.05834109149873257,
            0.27458351105451584,
            0.030659374315291643,
            0.2218071185052395,
            0.07267361506819725,
            0.12542732991278172,
            0.13164070434868336,
            0.0
        ],
        [
            0.06845647003501654,
            0.24128908291459084,
            0.024643850047141314,
            0.2006027288734913,
            0.044088070280849934,
            0.1293494552373886,
            0.1597239449620247,
            0.0
        ],
        [
            0.06154262460768223,
            0.21689139306545258,
            0.010028228862211108,
            0.17061499878764153,
            0.0421826122328639,
            0.1344373356550932,
            0.15764059498906136,
            0.0
        ],
        [
            0.04523560404777527,
            0.1949743926525116,
            -0.0003855456452583894,
            0.14337330125272274,
            0.05442648194730282,
            0.12944181449711323,
            0.1371391024440527,
            0.0
        ],
        [
            0.03362609073519707,
            0.1757153682410717,
            -0.00887616304680705,
            0.11921679601073265,
            0.06620995700359344,
            0.1244756206870079,
            0.12740428559482098,
            0.0
        ],
        [
            0.023750399705022573,
            0.13824325054883957,
            -0.008164796745404601,
            0.10028528049588203,
            0.09963956661522388,
            0.10592901147902012,
            0.10644177906215191,
            0.0
        ],
        [
            0.0030164673808030784,
            0.09913835674524307,
            0.010367772774770856,
            0.08828860707581043,
            0.17991041764616966,
            0.07716337218880653,
            0.056524728424847126,
            0.25
        ],
        [
            -0.00718184863217175,
            0.050352965481579304,
            0.01360345515422523,
            0.07021598517894745,
            0.19918115809559822,
            0.06030184216797352,
            0.045783333480358124,
            0.31167397714705347
        ],
        [
            -0.015087851788848639,
            0.009919020812958479,
            0.015592128038406372,
            0.0560059305280447,
            0.19583897665143013,
            0.04839206114411354,
            0.033045271411538124,
            0.4438326373468501
        ]
    ],
    "retrieved_0_prompt": "use the squeegee to clean the counter and push everything into the sink",
    "retrieved_1_state": [
        -0.03446465730667114,
        -0.12082742899656296,
        -0.026834242045879364,
        -2.4539027214050293,
        -0.0017695670248940587,
        2.319740056991577,
        0.023451367393136024,
        0.0
    ],