{
    "query_state": [
        -0.04978220537304878,
        0.2254052609205246,
        -0.06942382454872131,
        -2.3091354370117188,
        -0.07737623900175095,
        2.342569589614868,
        -0.01796172745525837,
        0.0
    ],
    "query_prompt": "use the squeegee to clean the counter and push everything into the sink",
    "inference_time": true,
    "retrieved_0_state": [
        -0.05698537826538086,
        0.21962110698223114,
        -0.08601465821266174,
        -2.311598777770996,
        0.010406535118818283,
        2.561295986175537,
        0.24775420129299164,
        0.7268722585698549
    ],
    "retrieved_0_actions": [
        [
            0.07464674767106771,
            -0.1983015425503254,
            0.03807154018431902,
            -0.030209466349333525,
            0.25304295122623444,
            -0.4349658638238907,
            0.24385986849665642,
            0.9361233518548921
        ],
        [
            0.05952414125204086,
            -0.20464137196540833,
            0.10279558598995209,
            -0.01840346958488226,
            0.3915813937783241,
            -0.5531387031078339,
            0.15067591331899166,
            0.9328193864455708
        ],
        [
            0.06952982861548662,
            -0.20151564851403236,
            0.11208934709429741,
            -0.013407997321337461,
            0.3817988559603691,
            -0.5504878610372543,
            0.16573341563344002,
            0.9328193864455708
        ],
        [
            0.0634537823498249,
            -0.1659761182963848,
            0.113447280600667,
            0.00628829060588032,
            0.39181116968393326,
            -0.5089885368943214,
            0.1383927185088396,
            0.9328193864455708
        ],
        [
            0.029598947148770094,
            -0.08406754583120346,
            0.12425146996974945,
            0.060991826467216015,
            0.5126341804862022,
            -0.537622794508934,
            0.009357769158668816,
            0.9328193864455708
        ],
        [
            0.01811156398616731,
            -0.02563364338129759,
            0.1023560669273138,
            0.09728233329951763,
            0.5220351368188858,
            -0.5151925981044769,
            -0.0023514957865700126,
            0.9328193864455708
        ],
        [
            0.024160121101886034,
            0.01786806620657444,
            0.07769278716295958,
            0.10514176450669765,
            0.4600304365158081,
            -0.43830864131450653,
            0.027791319880634546,
            0.9328193864455708
        ],
        [
            0.023152809590101242,
            0.06562280468642712,
            0.05858868360519409,
            0.11840617284178734,
            0.42646322399377823,
            -0.41263625025749207,
            0.04170456435531378,
            0.9328193864455708
        ],
        [
            0.02393596339970827,
            0.09988072328269482,
            0.046399785205721855,
            0.13112274929881096,
            0.3926458954811096,
            -0.39197348058223724,
            0.048680976033210754,
            0.9328193864455708
        ],
        [
            0.03491358598694205,
            0.1256235782057047,
            0.04654163494706154,
            0.13922477141022682,
            0.3655999153852463,
            -0.3762057051062584,
            0.04832183476537466,
            0.9328193864455708
        ],
        [
            0.0449094595387578,
            0.143637889996171,
            0.053994953632354736,
            0.1475281547755003,
            0.36277540028095245,
            -0.3732086345553398,
            0.03271274035796523,
            0.9328193864455708
        ],
        [
            0.06984523497521877,
            0.16494709998369217,
            0.08081602863967419,
            0.15634110197424889,
            0.37787869572639465,
            -0.38023892790079117,
            7.583129445265513e-05,
            0.9328193864455708
        ],
        [
            0.10274605825543404,
            0.16731815412640572,
            0.11583871208131313,
            0.15671629458665848,
            0.36766208708286285,
            -0.37366434931755066,
            -0.03746778704226017,
            0.9328193864455708
        ],
        [
            0.13200510293245316,
            0.1422787830233574,
            0.14487255364656448,
            0.1495198719203472,
            0.33787496387958527,
            -0.3583215922117233,
            -0.07482408080250025,
            0.9328193864455708
        ],
        [
            0.15640966594219208,
            0.11957261711359024,
            0.1645134575664997,
            0.14192563481628895,
            0.32710887491703033,
            -0.3602936863899231,
            -0.11469674296677113,
            0.9328193864455708
        ]
    ],
    "retrieved_0_prompt": "use the squeegee to clean the counter and push everything into the sink",
    "retrieved_1_state": [
        -0.05106440559029579,
        0.20197878777980804,
        -0.07966545969247818,
        -2.310448169708252,
        0.047765158116817474,
        2.486055612564087,
        0.28736305236816406,
        0.7312775457822833
    ],