{
    "query_state": [
        -0.035029537975788116,
        0.7004363536834717,
        -0.00934774149209261,
        -1.8769640922546387,
        0.0008285120129585266,
        2.4314382076263428,
        -0.05151467025279999,
        0.0
    ],
    "query_prompt": "move the idli plate to the right",
    "inference_time": true,
    "retrieved_0_state": [
        -0.08136869966983795,
        0.6758506894111633,
        -0.07090841978788376,
        -1.9738646745681763,
        -0.24672110378742218,
        2.393082618713379,
        -0.09062658995389938,
        0.0
    ],
    "retrieved_0_actions": [
        [
            -0.33465106040239334,
            0.270084235817194,
            0.018300112569704652,
            0.2616693452000618,
            0.3025839477777481,
            0.1595958136022091,
            -0.2852042391896248,
            0.0
        ],
        [
            -0.4678386077284813,
            0.18956299871206284,
            0.003094295971095562,
            0.22646978497505188,
            0.3738998994231224,
            0.15511824749410152,
            -0.3513120859861374,
            0.0
        ],
        [
            -0.545104630291462,
            0.17608406022191048,
            0.00455977045930922,
            0.24024683982133865,
            0.41625358164310455,
            0.11800243519246578,
            -0.40472012013196945,
            0.0
        ],
        [
            -0.5600700527429581,
            0.20643023774027824,
            0.01238291384652257,
            0.2982735075056553,
            0.43018657714128494,
            0.06272743921726942,
            -0.42005687952041626,
            0.0
        ],
        [
            -0.556936077773571,
            0.2496374398469925,
            0.023732767440378666,
            0.38267832249403,
            0.44563379138708115,
            -0.004644520813599229,
            -0.4210374504327774,
            0.0
        ],
        [
            -0.5053367838263512,
            0.30830614268779755,
            0.030031807254999876,
            0.4669550806283951,
            0.42828693985939026,
            -0.05712183192372322,
            -0.38037940859794617,
            0.0
        ],
        [
            -0.44974226504564285,
            0.366075336933136,
            0.009954010602086782,
            0.546649619936943,
            0.3947187215089798,
            -0.10436144657433033,
            -0.300226304680109,
            0.0
        ],
        [
            -0.39083078503608704,
            0.3498704731464386,
            -0.023892049212008715,
            0.5669499933719635,
            0.3526032343506813,
            -0.14921287074685097,
            -0.2107575349509716,
            0.0
        ],
        [
            -0.3663764148950577,
            0.2981352433562279,
            -0.06389751099050045,
            0.5627588182687759,
            0.3234254941344261,
            -0.18686359748244286,
            -0.14530373737215996,
            0.0
        ],
        [
            -0.3329843282699585,
            0.22252174094319344,
            -0.11117840185761452,
            0.5343856662511826,
            0.284056831151247,
            -0.21380949765443802,
            -0.07173772901296616,
            0.0
        ],
        [
            -0.37689846009016037,
            0.11682439595460892,
            -0.1378963328897953,
            0.5160978436470032,
            0.27284765616059303,
            -0.2664373628795147,
            0.0106064323335886,
            0.0
        ],
        [
            -0.36984164267778397,
            -0.002924137224908918,
            -0.1282634399831295,
            0.44135063886642456,
            0.25917062535881996,
            -0.2958309277892113,
            0.09523906745016575,
            0.0
        ],
        [
            -0.005559736746363342,
            0.02080225618556142,
            0.00372190959751606,
            0.037113374564796686,
            -0.0037859048461541533,
            -0.018993814010173082,
            0.0042313250014558434,
            0.0
        ],
        [
            0.0,
            0.0,
            0.0,
            0.0,
            0.0,
            0.0,
            0.0,
            0.0
        ],
        [
            0.0,
            0.0,
            0.0,
            0.0,
            0.0,
            0.0,
            0.0,
            0.0
        ]
    ],
    "retrieved_0_prompt": "move the idli plate to the right",
    "retrieved_1_state": [
        -0.07891042530536652,
        0.7222477793693542,
        -0.06208356097340584,
        -1.8622872829437256,
        -0.002306293463334441,
        2.5895915031433105,
        0.09065111726522446,
        0.0
    ],