{
    "query_state": [
        -0.44716525077819824,
        0.9043644070625305,
        -0.018238026648759842,
        -1.5429593324661255,
        0.18575210869312286,
        2.31704044342041,
        -0.19732624292373657,
        0.0
    ],
    "query_prompt": "move the idli plate to the right",
    "inference_time": true,
    "retrieved_0_state": [
        -0.44561389088630676,
        0.8765007853507996,
        -0.024393552914261818,
        -1.5901315212249756,
        0.1833418756723404,
        2.4167640209198,
        -0.2083090841770172,
        0.0
    ],
    "retrieved_0_actions": [
        [
            -0.20783144980669022,
            0.3381217271089554,
            -0.06654254160821438,
            0.47942928969860077,
            0.15089679509401321,
            -0.1792500726878643,
            -0.08234944194555283,
            0.0
        ],
        [
            -0.18393086269497871,
            0.3107153996825218,
            -0.09735998697578907,
            0.4610636457800865,
            0.13433821499347687,
            -0.1727082021534443,
            -0.0541162071749568,
            0.0
        ],
        [
            -0.14865869656205177,
            0.28364140540361404,
            -0.11170700192451477,
            0.4384277015924454,
            0.11538159102201462,
            -0.17315056174993515,
            -0.021300369407981634,
            0.0
        ],
        [
            -0.1225616130977869,
            0.2684572711586952,
            -0.10475941002368927,
            0.42336802929639816,
            0.10896524414420128,
            -0.1787337101995945,
            -0.001993967453017831,
            0.0
        ],
        [
            -0.11021897196769714,
            0.23952119052410126,
            -0.08625201880931854,
            0.39853133261203766,
            0.11103527620434761,
            -0.18110474571585655,
            0.011071366025134921,
            0.0
        ],
        [
            -0.09760569781064987,
            0.1649695448577404,
            -0.06830981932580471,
            0.3169417008757591,
            0.1129424199461937,
            -0.15299398452043533,
            0.019451898988336325,
            0.0
        ],
        [
            -0.0422010850161314,
            -0.000620556456851773,
            -0.07258145604282618,
            0.1304356474429369,
            0.08035821840167046,
            -0.10357892140746117,
            0.029836383182555437,
            0.0
        ],
        [
            0.025382558815181255,
            0.02153269713744521,
            -0.03681653877720237,
            0.035696213599294424,
            0.03992715384811163,
            -0.021184957586228848,
            -0.02066432498395443,
            0.0
        ],
        [
            0.0,
            0.0,
            0.0,
            0.0,
            0.0,
            0.0,
            0.0,
            0.0
        ],
        [
            0.0,
            0.0,
            0.0,
            0.0,
            0.0,
            0.0,
            0.0,
            0.0
        ],
        [
            0.0,
            0.0,
            0.0,
            0.0,
            0.0,
            0.0,
            0.0,
            0.0
        ],
        [
            0.0,
            0.0,
            0.0,
            0.0,
            0.0,
            0.0,
            0.0,
            0.0
        ],
        [
            0.0,
            0.0,
            0.0,
            0.0,
            0.0,
            0.0,
            0.0,
            0.0
        ],
        [
            0.0,
            0.0,
            0.0,
            0.0,
            0.0,
            0.0,
            0.0,
            0.0
        ],
        [
            0.0,
            0.0,
            0.0,
            0.0,
            0.0,
            0.0,
            0.0,
            0.0
        ]
    ],
    "retrieved_0_prompt": "move the idli plate to the right",
    "retrieved_1_state": [
        -0.04395708069205284,
        0.4007304012775421,
        -0.022934380918741226,
        -2.157395839691162,
        -0.03753955662250519,
        2.4482991695404053,
        0.0521906316280365,
        0.0
    ],