{
    "query_state": [
        -0.1819726824760437,
        0.613189697265625,
        -0.026638852432370186,
        -2.034137487411499,
        -0.0951680839061737,
        2.5521323680877686,
        0.2801845371723175,
        0.0
    ],
    "query_prompt": "",
    "inference_time": true,
    "retrieved_0_state": [
        -0.2124246507883072,
        0.6066737174987793,
        0.016033604741096497,
        -2.0175487995147705,
        -8.103493746602908e-05,
        2.5374045372009277,
        -0.27788156270980835,
        0.599118929409431
    ],
    "retrieved_0_actions": [
        [
            -0.39342258125543594,
            -0.49330882728099823,
            -0.09966125711798668,
            -0.6884166598320007,
            0.3011877089738846,
            0.1579846814274788,
            -0.1623375341296196,
            0.2742290687116202
        ],
        [
            0.04375808872282505,
            0.0012553970736917108,
            -0.04106193780899048,
            0.009114283020608127,
            0.03711779601871967,
            -0.012352695921435952,
            -0.023284838534891605,
            0.150881070590569
        ],
        [
            0.0,
            0.0,
            0.0,
            0.0,
            0.0,
            0.0,
            0.0,
            0.150881070590569
        ],
        [
            0.0,
            0.0,
            0.0,
            0.0,
            0.0,
            0.0,
            0.0,
            0.150881070590569
        ],
        [
            0.0,
            0.0,
            0.0,
            0.0,
            0.0,
            0.0,
            0.0,
            0.150881070590569
        ],
        [
            0.0,
            0.0,
            0.0,
            0.0,
            0.0,
            0.0,
            0.0,
            0.150881070590569
        ],
        [
            0.0,
            0.0,
            0.0,
            0.0,
            0.0,
            0.0,
            0.0,
            0.150881070590569
        ],
        [
            0.0,
            0.0,
            0.0,
            0.0,
            0.0,
            0.0,
            0.0,
            0.150881070590569
        ],
        [
            0.0,
            0.0,
            0.0,
            0.0,
            0.0,
            0.0,
            0.0,
            0.150881070590569
        ],
        [
            0.0,
            0.0,
            0.0,
            0.0,
            0.0,
            0.0,
            0.0,
            0.150881070590569
        ]
    ],
    "retrieved_0_prompt": "move the squeegee to the right and try to drag it",
    "final_image_shape": [
        672,
        448,
        3
    ]
}