{
    "query_state": [
        0.00738846231251955,
        -0.5347080826759338,
        0.008492441847920418,
        -2.5532424449920654,
        -0.04090407118201256,
        2.037281036376953,
        0.01815466210246086,
        0.0
    ],
    "query_prompt": "pick up the poke ball and put it in the tray",
    "inference_time": true,
    "retrieved_0_state": [
        -0.0025034837890416384,
        -0.5507497787475586,
        0.009623660705983639,
        -2.56268310546875,
        -0.040785614401102066,
        2.0667383670806885,
        0.017122412100434303,
        0.0
    ],
    "retrieved_0_actions": [
        [
            0.06795953959226608,
            0.4696110263466835,
            0.059106568805873394,
            -0.04854640457779169,
            -0.03539181547239423,
            0.7235372811555862,
            -0.041764178313314915,
            0.0
        ],
        [
            0.108386455103755,
            0.5117403715848923,
            0.04586753901094198,
            0.0031619580113328993,
            0.04099964629858732,
            0.6507279723882675,
            -0.05524354986846447,
            0.0
        ],
        [
            0.1564168557524681,
            0.5149180442094803,
            0.04893962759524584,
            0.10065864771604538,
            0.12193295173346996,
            0.5074910819530487,
            -0.08564701303839684,
            0.0
        ],
        [
            0.16517486423254013,
            0.4933805391192436,
            0.06039076950401068,
            0.1418993342667818,
            0.15219907276332378,
            0.42641375213861465,
            -0.09726732037961483,
            0.0
        ],
        [
            0.1489654742181301,
            0.5028780549764633,
            0.09333216585218906,
            0.14879073947668076,
            0.12536116875708103,
            0.42514607310295105,
            -0.07344033103436232,
            0.0
        ],
        [
            0.10194306261837482,
            0.4924202710390091,
            0.1100753154605627,
            0.14150059781968594,
            0.03964560106396675,
            0.4117719829082489,
            -0.05342748947441578,
            0.0
        ],
        [
            -0.010854514548555017,
            -0.003212272422388196,
            0.011482093250378966,
            0.005148185300640762,
            0.005360132781788707,
            -0.01196075463667512,
            -0.004207767196930945,
            0.0
        ],
        [
            -0.007181765395216644,
            0.13620518147945404,
            0.022332044318318367,
            0.0058603775687515736,
            -0.017541944980621338,
            0.16402862966060638,
            -0.005664924392476678,
            0.0
        ],
        [
            -0.0034811621299013495,
            0.26362499222159386,
            0.04537471570074558,
            0.022098124027252197,
            -0.06524828728288412,
            0.30259620398283005,
            0.021152012050151825,
            0.0
        ],
        [
            0.01926884171552956,
            0.3687809407711029,
            0.05956868175417185,
            0.0523196579888463,
            -0.053875138983130455,
            0.40343616157770157,
            0.013709248742088675,
            0.0
        ],
        [
            0.020264112390577793,
            0.4263431578874588,
            0.06562057416886091,
            0.09211402386426926,
            -0.1058697048574686,
            0.4172496497631073,
            0.04564362112432718,
            0.0
        ],
        [
            0.020394648890942335,
            0.4756651073694229,
            0.05321724805980921,
            0.13676761649549007,
            -0.14442721381783485,
            0.39886537939310074,
            0.0693341763690114,
            0.0
        ],
        [
            0.02320690080523491,
            0.5070079118013382,
            0.025719183031469584,
            0.17800798639655113,
            -0.20304935052990913,
            0.3850129246711731,
            0.07599583826959133,
            0.0
        ],
        [
            0.03329886123538017,
            0.520191602408886,
            -0.01724141533486545,
            0.22792138159275055,
            -0.34457266330718994,
            0.33442556858062744,
            0.17563890665769577,
            0.0
        ],
        [
            0.07514168508350849,
            0.4835387319326401,
            -0.10010994970798492,
            0.2564633637666702,
            -0.4772121086716652,
            0.28086479753255844,
            0.2637322433292866,
            0.0
        ]
    ],
    "retrieved_0_prompt": "pick up the poke ball and put it in the tray",
    "retrieved_1_state": [
        -0.006881081964820623,
        -0.4334155321121216,
        0.0044687772169709206,
        -2.627539873123169,
        -0.13164196908473969,
        2.3306174278259277,
        0.023211242631077766,
        0.0
    ],