{
    "query_state": [
        0.00024335485068149865,
        -0.614122211933136,
        0.004996909759938717,
        -2.533646583557129,
        -0.011057082563638687,
        1.911238431930542,
        -0.011972610838711262,
        0.0
    ],
    "query_prompt": "pick up the bagel and put it in the toaster",
    "inference_time": true,
    "retrieved_0_state": [
        -0.033475957810878754,
        -0.5405161380767822,
        -0.028404567390680313,
        -2.465578317642212,
        -0.05943029001355171,
        1.9219441413879395,
        0.00862636137753725,
        0.0
    ],
    "retrieved_0_actions": [
        [
            -0.11036490090191364,
            0.39951078593730927,
            -0.1542658545076847,
            0.2973441407084465,
            -0.09764504618942738,
            0.13582461513578892,
            -0.20198097452521324,
            0.0
        ],
        [
            -0.10473301634192467,
            0.4408355802297592,
            -0.15348154120147228,
            0.29549311846494675,
            -0.08066206239163876,
            0.20441358909010887,
            -0.2098136767745018,
            0.0
        ],
        [
            -0.10285157710313797,
            0.46084024012088776,
            -0.14010763727128506,
            0.27182454243302345,
            -0.07138486485928297,
            0.25596853345632553,
            -0.19741661846637726,
            0.0
        ],
        [
            -0.10218081064522266,
            0.5101867765188217,
            -0.14877348206937313,
            0.22408556193113327,
            -0.04661440849304199,
            0.3493943437933922,
            -0.2100902982056141,
            0.0
        ],
        [
            -0.09620704688131809,
            0.5349195376038551,
            -0.1442294754087925,
            0.19335953518748283,
            -0.01631271792575717,
            0.3978530317544937,
            -0.2162814885377884,
            0.0
        ],
        [
            -0.09317249059677124,
            0.5483534559607506,
            -0.13098297640681267,
            0.1820303499698639,
            0.011112942593172193,
            0.4213577136397362,
            -0.2110625058412552,
            0.0
        ],
        [
            -0.08961489424109459,
            0.5605216324329376,
            -0.12165895663201809,
            0.18878400325775146,
            0.06120889913290739,
            0.4215794801712036,
            -0.2201663888990879,
            0.0
        ],
        [
            -0.08423684164881706,
            0.5761468410491943,
            -0.09884921833872795,
            0.20261216908693314,
            0.10984289459884167,
            0.4042273387312889,
            -0.2306106500327587,
            0.0
        ],
        [
            -0.0763483252376318,
            0.5838329717516899,
            -0.05867635365575552,
            0.22295290604233742,
            0.15757614746689796,
            0.39117511361837387,
            -0.20923422649502754,
            0.0
        ],
        [
            -0.07764528971165419,
            0.5625289678573608,
            -0.02157259499654174,
            0.24118760600686073,
            0.15974534675478935,
            0.36205075681209564,
            -0.16091234982013702,
            0.0
        ],
        [
            -0.08512827567756176,
            0.5159089714288712,
            0.006460830918513238,
            0.24692241102457047,
            0.16334401443600655,
            0.3035731054842472,
            -0.13360301032662392,
            0.0
        ],
        [
            -0.09470571763813496,
            0.5109580233693123,
            0.02360510639846325,
            0.23757917806506157,
            0.14981520362198353,
            0.28637174516916275,
            -0.08647137321531773,
            0.0
        ],
        [
            -0.09857685305178165,
            0.48220034688711166,
            0.04255890380591154,
            0.23918597027659416,
            0.13586491346359253,
            0.2547953836619854,
            -0.0630615558475256,
            0.0
        ],
        [
            -0.09697704575955868,
            0.4614301025867462,
            0.06727940868586302,
            0.2513554319739342,
            0.1265945192426443,
            0.2473612315952778,
            -0.05369812250137329,
            0.0
        ],
        [
            -0.09640730917453766,
            0.43380558490753174,
            0.08994790725409985,
            0.27027545496821404,
            0.11161304078996181,
            0.22417638450860977,
            -0.04561081528663635,
            0.0
        ]
    ],
    "retrieved_0_prompt": "pick up the bagel and put it in the toaster",
    "retrieved_1_state": [
        -0.052424151450395584,
        -0.4803876280784607,
        -0.06135101988911629,
        -2.4266669750213623,
        -0.07518205791711807,
        1.952693223953247,
        -0.017503932118415833,
        0.0
    ],