{
    "query_state": [
        0.0020419498905539513,
        0.286984920501709,
        0.020138029009103775,
        -1.9817090034484863,
        -0.1339196115732193,
        2.038250684738159,
        -0.02025311253964901,
        0.9911894276295312
    ],
    "query_prompt": "pick up the bagel and put it in the toaster",
    "inference_time": true,
    "retrieved_0_state": [
        0.04168396070599556,
        0.08522606641054153,
        0.025230832397937775,
        -1.9580662250518799,
        -0.08520299941301346,
        2.027916431427002,
        0.08873037248849869,
        0.8634361292849275
    ],
    "retrieved_0_actions": [
        [
            0.12394576333463192,
            0.1791536808013916,
            0.11584230698645115,
            0.3790803998708725,
            0.061996555887162685,
            -0.1920020766556263,
            0.19166091457009315,
            0.9658590323212319
        ],
        [
            0.1094130426645279,
            0.21617142483592033,
            0.09196681901812553,
            0.3460890054702759,
            0.06478269584476948,
            -0.1567772962152958,
            0.19905751571059227,
            0.9658590323212319
        ],
        [
            0.11024554260075092,
            0.23736199364066124,
            0.07289954926818609,
            0.27157895267009735,
            0.028577693738043308,
            -0.08462854661047459,
            0.23672467097640038,
            0.9658590323212319
        ],
        [
            0.09154899977147579,
            0.26086704805493355,
            0.042339772917330265,
            0.11893216520547867,
            -0.007720331777818501,
            0.0747290113940835,
            0.24111870676279068,
            0.9658590323212319
        ],
        [
            0.06651975214481354,
            0.2648645453155041,
            0.013675709487870336,
            0.038939418736845255,
            0.002018144296016544,
            0.14935387298464775,
            0.20936556160449982,
            0.9658590323212319
        ],
        [
            0.05039514508098364,
            0.25187961757183075,
            -0.007996351923793554,
            0.014237791765481234,
            0.010217087110504508,
            0.17540276050567627,
            0.18682127818465233,
            0.9658590323212319
        ],
        [
            0.04282287321984768,
            0.2172018215060234,
            -0.025784717872738838,
            0.0018613733118399978,
            0.012553319102153182,
            0.17355620861053467,
            0.17391275614500046,
            0.9658590323212319
        ],
        [
            0.03798903897404671,
            0.16336437314748764,
            -0.0468865130096674,
            -0.0181979953777045,
            0.01076906337402761,
            0.1659897342324257,
            0.14694207347929478,
            0.9658590323212319
        ],
        [
            0.037340468261390924,
            0.11824571527540684,
            -0.061580557376146317,
            -0.03372333711013198,
            -0.0003822077633230947,
            0.15250034630298615,
            0.12581869959831238,
            0.9658590323212319
        ],
        [
            0.026191254146397114,
            0.09338163770735264,
            -0.06754509173333645,
            -0.03036820562556386,
            0.022260737605392933,
            0.11894081719219685,
            0.09771485812962055,
            0.6328920323212319
        ],
        [
            0.030056487303227186,
            0.05181611515581608,
            -0.06780062336474657,
            -0.07212068885564804,
            0.012149534886702895,
            0.13610057532787323,
            0.0891666579991579,
            0.5605726936925226
        ],
        [
            0.02694442169740796,
            0.023178046103566885,
            -0.06556038744747639,
            -0.08426864631474018,
            0.019709556363523006,
            0.12761677615344524,
            0.07480376865714788,
            0.4416299608704277
        ],
        [
            0.04449010360985994,
            -0.03997192718088627,
            -0.047096144407987595,
            0.024436593521386385,
            0.027118222787976265,
            -0.042530433274805546,
            0.08909923024475574,
            0.3359030896856179
        ],
        [
            0.0423564575612545,
            -0.06589906755834818,
            -0.03915074281394482,
            0.017838181229308248,
            0.011480130488052964,
            -0.09102757088840008,
            0.09114625863730907,
            0.216960356863523
        ],
        [
            0.0,
            0.0,
            0.0,
            0.0,
            0.0,
            0.0,
            0.0,
            0.216960356863523
        ]
    ],
    "retrieved_0_prompt": "pick up the bagel and put it in the toaster",
    "retrieved_1_state": [
        -0.11798058450222015,
        0.16603203117847443,
        -0.013651927001774311,
        -2.050719738006592,
        -0.014021513052284718,
        2.2510509490966797,
        -0.27367454767227173,
        0.859030842072499
    ],