{
    "query_state": [
        0.00024230398412328213,
        0.19523672759532928,
        0.005526295397430658,
        -2.159528970718384,
        -0.04777506738901138,
        2.280128002166748,
        0.07659035176038742,
        0.7797356832055238
    ],
    "query_prompt": "pick up the bagel and put it in the toaster",
    "inference_time": true,
    "retrieved_0_state": [
        -0.11798058450222015,
        0.16603203117847443,
        -0.013651927001774311,
        -2.050719738006592,
        -0.014021513052284718,
        2.2510509490966797,
        -0.27367454767227173,
        0.859030842072499
    ],
    "retrieved_0_actions": [
        [
            0.23780440911650658,
            -0.7313860207796097,
            0.09389063343405724,
            -0.30012236908078194,
            0.14673599041998386,
            -0.3710409998893738,
            0.3096570819616318,
            0.9647577105181248
        ],
        [
            0.23669883608818054,
            -0.6105021759867668,
            0.09512852877378464,
            -0.25292985141277313,
            0.1475197821855545,
            -0.3023621067404747,
            0.33050157129764557,
            0.9647577105181248
        ],
        [
            0.2165215089917183,
            -0.4339884966611862,
            0.08808035403490067,
            -0.18163880333304405,
            0.15114085748791695,
            -0.2084694430232048,
            0.31920120120048523,
            0.9647577105181248
        ],
        [
            0.19030863419175148,
            -0.27616117149591446,
            0.08327353745698929,
            -0.11796770617365837,
            0.15802914276719093,
            -0.11694185435771942,
            0.318666473031044,
            0.9647577105181248
        ],
        [
            0.1533715520054102,
            -0.1388619840145111,
            0.07207925897091627,
            -0.06765938363969326,
            0.13198328204452991,
            -0.036079143173992634,
            0.3183302655816078,
            0.9647577105181248
        ],
        [
            0.11362704448401928,
            -0.021842923015356064,
            0.05612929817289114,
            -0.03886191872879863,
            0.13159170746803284,
            0.027498393319547176,
            0.313376784324646,
            0.9647577105181248
        ],
        [
            0.0859517976641655,
            0.07333789952099323,
            0.04190192557871342,
            -0.018318509683012962,
            0.15849443152546883,
            0.09418873116374016,
            0.281631276011467,
            0.9647577105181248
        ],
        [
            0.07742108311504126,
            0.14147418551146984,
            0.038116276264190674,
            0.019118577474728227,
            0.20687123760581017,
            0.10205836966633797,
            0.2547112666070461,
            0.9647577105181248
        ],
        [
            0.07884647697210312,
            0.17653636634349823,
            0.04924061708152294,
            0.04190321546047926,
            0.23059265688061714,
            0.13699659146368504,
            0.26597481220960617,
            0.9647577105181248
        ],
        [
            0.07357488386332989,
            0.17989873886108398,
            0.05807161331176758,
            0.046893409453332424,
            0.19295306876301765,
            0.16938263550400734,
            0.2653439901769161,
            0.9647577105181248
        ],
        [
            0.06655271630734205,
            0.16747938469052315,
            0.058863055892288685,
            0.0387212703935802,
            0.10264542885124683,
            0.2013600803911686,
            0.28849808499217033,
            0.9647577105181248
        ],
        [
            0.05727251060307026,
            0.1331396121531725,
            0.04699098877608776,
            0.0265789614059031,
            0.024565241765230894,
            0.21135324612259865,
            0.2948237955570221,
            0.9647577105181248
        ],
        [
            0.04690558649599552,
            0.09704778902232647,
            0.029127774760127068,
            0.033566656056791544,
            -0.02945143496617675,
            0.15300006605684757,
            0.29516706243157387,
            0.9647577105181248
        ],
        [
            0.03329534316435456,
            0.04362446255981922,
            0.01106766052544117,
            0.03705891314893961,
            -0.046923537738621235,
            0.08661030791699886,
            0.28505660593509674,
            0.609030842072499
        ],
        [
            0.008077206439338624,
            0.00023927666916279122,
            -0.008941441192291677,
            0.006135172443464398,
            -0.0005025066275265999,
            -0.00863230787217617,
            -0.0005720638364437036,
            0.5561674064800942
        ]
    ],
    "retrieved_0_prompt": "pick up the bagel and put it in the toaster",
    "retrieved_1_state": [
        0.05846652761101723,
        -0.19376470148563385,
        0.07499635964632034,
        -2.067701578140259,
        0.04586958512663841,
        2.0416202545166016,
        0.17135702073574066,
        0.8634361292849275
    ],