{
    "query_state": [
        -0.04007995128631592,
        -0.034602440893650055,
        0.02225651778280735,
        -2.2502169609069824,
        -0.06476327031850815,
        2.160778760910034,
        0.2634364366531372,
        0.7092511097201413
    ],
    "query_prompt": "pick up the bagel and put it in the toaster",
    "inference_time": true,
    "retrieved_0_state": [
        0.018128151074051857,
        -0.014707177877426147,
        0.00887327454984188,
        -2.063197374343872,
        -0.0807185247540474,
        2.0790295600891113,
        0.2673107385635376,
        0.8854625543903335
    ],
    "retrieved_0_actions": [
        [
            0.12284757569432259,
            0.35814274102449417,
            0.13674862682819366,
            0.4515838250517845,
            0.11760498397052288,
            -0.1447683945298195,
            0.24288028478622437,
            0.9713656385975834
        ],
        [
            0.12469700537621975,
            0.4052792489528656,
            0.11916972696781158,
            0.4513009265065193,
            0.11241048574447632,
            -0.12130978517234325,
            0.23838357999920845,
            0.9713656385975834
        ],
        [
            0.12418095022439957,
            0.40358707308769226,
            0.09048663079738617,
            0.4392721876502037,
            0.09330474771559238,
            -0.10963481850922108,
            0.23034989833831787,
            0.9713656385975834
        ],
        [
            0.11924966238439083,
            0.38620129227638245,
            0.06182155106216669,
            0.41094884276390076,
            0.10596602223813534,
            -0.08550512604415417,
            0.1929442398250103,
            0.9713656385975834
        ],
        [
            0.10978720150887966,
            0.3675501421093941,
            0.03610301297158003,
            0.38933515548706055,
            0.11252690106630325,
            -0.10342135094106197,
            0.17799632623791695,
            0.9713656385975834
        ],
        [
            0.09682209230959415,
            0.3167795017361641,
            0.015656372997909784,
            0.3481167182326317,
            0.11385825462639332,
            -0.0975674670189619,
            0.156682338565588,
            0.9713656385975834
        ],
        [
            0.08425634354352951,
            0.2705076150596142,
            -0.0016932340804487467,
            0.30655546113848686,
            0.10854252614080906,
            -0.1007984671741724,
            0.14046072028577328,
            0.9713656385975834
        ],
        [
            0.0715783191844821,
            0.21805334836244583,
            -0.017810595454648137,
            0.2688303403556347,
            0.098424032330513,
            -0.10507808066904545,
            0.1319912914186716,
            0.9713656385975834
        ],
        [
            0.05932618398219347,
            0.15948884189128876,
            -0.029899263754487038,
            0.23222774267196655,
            0.10284924879670143,
            -0.10312388651072979,
            0.117037333548069,
            0.9713656385975834
        ],
        [
            0.04821569658815861,
            0.09327580220997334,
            -0.04233449697494507,
            0.18438439816236496,
            0.09968494065105915,
            -0.10041243396699429,
            0.09999477304518223,
            0.9713656385975834
        ],
        [
            0.03983271773904562,
            0.05507481284439564,
            -0.049525066278874874,
            0.1364173274487257,
            0.09356776252388954,
            -0.1014237105846405,
            0.08266524411737919,
            0.9713656385975834
        ],
        [
            0.032668132334947586,
            0.03989207558333874,
            -0.05118890665471554,
            0.1069546677172184,
            0.09563472121953964,
            -0.09931344538927078,
            0.06988652981817722,
            0.9713656385975834
        ],
        [
            0.025916551239788532,
            0.02625240944325924,
            -0.053393696434795856,
            0.154411680996418,
            0.09584857150912285,
            -0.1805182360112667,
            0.059628370217978954,
            0.9713656385975834
        ],
        [
            0.016922858776524663,
            0.014370528515428305,
            -0.054845125414431095,
            0.10781466029584408,
            0.10462320409715176,
            -0.15376863069832325,
            0.05687593948096037,
            0.9713656385975834
        ],
        [
            0.012296863133087754,
            -0.024649635888636112,
            -0.05968931596726179,
            0.10500253178179264,
            0.08983973413705826,
            -0.1771186850965023,
            0.06177051458507776,
            0.9713656385975834
        ]
    ],
    "retrieved_0_prompt": "pick up the bagel and put it in the toaster",
    "retrieved_1_state": [
        0.03181091696023941,
        0.0011172052472829819,
        0.02725934609770775,
        -2.0355966091156006,
        -0.07654675096273422,
        2.076129913330078,
        0.28898710012435913,
        0.8854625543903335
    ],