{
    "query_state": [
        0.07750057429075241,
        0.10867447406053543,
        -0.03737369552254677,
        -2.4236176013946533,
        -0.35862985253334045,
        2.451751470565796,
        0.34130099415779114,
        0.0969162748464808
    ],
    "query_prompt": "move the idli plate to the sink",
    "inference_time": true,
    "retrieved_0_state": [
        0.06962166726589203,
        0.1380033642053604,
        0.05626149848103523,
        -2.5308258533477783,
        -0.025785190984606743,
        2.604320764541626,
        0.11483956128358841,
        0.0
    ],
    "retrieved_0_actions": [
        [
            0.33466748893260956,
            -0.1702265627682209,
            0.3522226959466934,
            -0.17799640074372292,
            0.28678447008132935,
            0.099453991279006,
            0.25097014382481575,
            0.0
        ],
        [
            0.2732355147600174,
            -0.1353639829903841,
            0.3050793334841728,
            -0.11519521474838257,
            0.2979492209851742,
            0.0857693050056696,
            0.16312768682837486,
            0.0
        ],
        [
            0.2259441465139389,
            -0.11466921307146549,
            0.2765815705060959,
            -0.0734855467453599,
            0.32907120883464813,
            0.07480344735085964,
            0.08303098380565643,
            0.0
        ],
        [
            0.19455071538686752,
            -0.1047415379434824,
            0.25926681235432625,
            -0.043426137417554855,
            0.36547206342220306,
            0.06808468606323004,
            0.027956217527389526,
            0.0
        ],
        [
            0.17728954553604126,
            -0.10940761305391788,
            0.24192795157432556,
            -0.020889777224510908,
            0.37021685391664505,
            0.05240953993052244,
            0.004541901289485395,
            0.0
        ],
        [
            0.15225008130073547,
            -0.1251745130866766,
            0.21077336743474007,
            -0.00568315910641104,
            0.35653792321681976,
            0.026315187569707632,
            -0.020154621452093124,
            0.0
        ],
        [
            0.10987390764057636,
            -0.1854342594742775,
            0.15869604423642159,
            -0.002781977236736566,
            0.30502982437610626,
            -0.025565028190612793,
            -0.04906298592686653,
            0.0
        ],
        [
            0.0,
            0.0,
            0.0,
            0.0,
            0.0,
            0.0,
            0.0,
            0.0
        ],
        [
            0.0,
            0.0,
            0.0,
            0.0,
            0.0,
            0.0,
            0.0,
            0.0
        ],
        [
            0.0,
            0.0,
            0.0,
            0.0,
            0.0,
            0.0,
            0.0,
            0.0
        ],
        [
            0.0,
            0.0,
            0.0,
            0.0,
            0.0,
            0.0,
            0.0,
            0.0
        ],
        [
            0.0,
            0.0,
            0.0,
            0.0,
            0.0,
            0.0,
            0.0,
            0.0
        ],
        [
            0.0,
            0.0,
            0.0,
            0.0,
            0.0,
            0.0,
            0.0,
            0.0
        ],
        [
            0.0,
            0.0,
            0.0,
            0.0,
            0.0,
            0.0,
            0.0,
            0.0
        ],
        [
            0.0,
            0.0,
            0.0,
            0.0,
            0.0,
            0.0,
            0.0,
            0.0
        ]
    ],
    "retrieved_0_prompt": "move the idli plate to the sink",
    "retrieved_1_state": [
        0.012129101902246475,
        0.13850803673267365,
        0.05799676477909088,
        -2.496640682220459,
        -0.02938172221183777,
        2.494943141937256,
        -0.10228094458580017,
        0.0
    ],
    "retrieved_1_actions": [
        [
            0.3843618556857109,
            0.14113763347268105,
            0.3826668858528137,
            -0.04849751479923725,
            0.3766503557562828,
            0.22972209379076958,
            0.2113473229110241,
            0.0
        ],
        [
            0.34382808953523636,
            0.1916971243917942,
            0.3206966072320938,
            0.02961319638416171,
            0.2770869992673397,
            0.2192518301308155,
            0.21474897861480713,
            0.0
        ],
        [
            0.27987364679574966,
            0.18653389066457748,
            0.2480361983180046,
            0.08822537027299404,
            0.20964346826076508,
            0.17490625381469727,
            0.18383342772722244,
            0.0
        ],
        [
            0.18707798793911934,
            0.1371134351938963,
            0.15601676888763905,
            0.11433017440140247,
            0.1503870077431202,
            0.10429437272250652,
            0.14045602641999722,
            0.0
        ],
        [
            0.0,
            0.0,
            0.0,
            0.0,
            0.0,
            0.0,
            0.0,
            0.0
        ],
        [
            0.0,
            0.0,
            0.0,
            0.0,
            0.0,
            0.0,
            0.0,
            0.0
        ],
        [
            0.0,
            0.0,
            0.0,
            0.0,
            0.0,
            0.0,
            0.0,
            0.0
        ],
        [
            0.0,
            0.0,
            0.0,
            0.0,
            0.0,
            0.0,
            0.0,
            0.0
        ],
        [
            0.0,
            0.0,
            0.0,
            0.0,
            0.0,
            0.0,
            0.0,
            0.0
        ],
        [
            0.0,
            0.0,
            0.0,
            0.0,
            0.0,
            0.0,
            0.0,
            0.0
        ],
        [
            0.0,
            0.0,
            0.0,
            0.0,
            0.0,
            0.0,
            0.0,
            0.0
        ],
        [
            0.0,
            0.0,
            0.0,
            0.0,
            0.0,
            0.0,
            0.0,
            0.0
        ],
        [
            0.0,
            0.0,
            0.0,
            0.0,
            0.0,
            0.0,
            0.0,
            0.0
        ],
        [
            0.0,
            0.0,
            0.0,
            0.0,
            0.0,
            0.0,
            0.0,
            0.0
        ],
        [
            0.0,
            0.0,
            0.0,
            0.0,
            0.0,
            0.0,
            0.0,
            0.0
        ]
    ],
    "retrieved_1_prompt": "move the idli plate to the sink",
    "retrieved_2_state": [
        0.014263220131397247,
        0.11241241544485092,
        0.1022624596953392,
        -2.5483267307281494,
        0.07872162759304047,
        2.55668306350708,
        -0.19408901035785675,
        0.0
    ],