{
    "query_state": [
        0.12804032862186432,
        0.2710825800895691,
        0.003345821751281619,
        -2.2957217693328857,
        -0.31261247396469116,
        2.4840292930603027,
        0.33648911118507385,
        0.0
    ],
    "query_prompt": "move the idli plate to the sink",
    "inference_time": true,
    "retrieved_0_state": [
        0.11927355080842972,
        0.2592680752277374,
        0.05725933611392975,
        -2.3381309509277344,
        -0.05104031413793564,
        2.5343680381774902,
        0.13755641877651215,
        0.0
    ],
    "retrieved_0_actions": [
        [
            0.18741780892014503,
            0.10904733091592789,
            0.1637956127524376,
            -0.003946194192394614,
            0.0754277128726244,
            0.18099233508110046,
            0.2024468034505844,
            0.0
        ],
        [
            0.16126438975334167,
            0.14164969325065613,
            0.14671840704977512,
            0.019786320626735687,
            0.09087475016713142,
            0.18933432176709175,
            0.16135543584823608,
            0.0
        ],
        [
            0.132659450173378,
            0.16052072867751122,
            0.12631507590413094,
            0.03819950623437762,
            0.10848586447536945,
            0.1929667964577675,
            0.12195819057524204,
            0.0
        ],
        [
            0.1117042638361454,
            0.18177706748247147,
            0.10597079992294312,
            0.05731787532567978,
            0.11913669295608997,
            0.1864166557788849,
            0.08871607482433319,
            0.0
        ],
        [
            0.08800379931926727,
            0.18222248181700706,
            0.07741293869912624,
            0.0645164679735899,
            0.1059133280068636,
            0.17224954441189766,
            0.0589800113812089,
            0.0
        ],
        [
            0.05128398071974516,
            0.1479860208928585,
            0.043056998401880264,
            0.07768125738948584,
            0.09548632428050041,
            0.12324166484177113,
            0.014548691688105464,
            0.0
        ],
        [
            0.04066798835992813,
            0.12607134878635406,
            0.03128029638901353,
            0.08650635369122028,
            0.09702355600893497,
            0.09907997213304043,
            0.010546769481152296,
            0.0
        ],
        [
            0.042534549720585346,
            0.09540438652038574,
            0.0253207772038877,
            0.08710989728569984,
            0.09280105121433735,
            0.06051533855497837,
            0.008851808961480856,
            0.0
        ],
        [
            0.0,
            0.0,
            0.0,
            0.0,
            0.0,
            0.0,
            0.0,
            0.0
        ],
        [
            0.0,
            0.0,
            0.0,
            0.0,
            0.0,
            0.0,
            0.0,
            0.0
        ],
        [
            0.0,
            0.0,
            0.0,
            0.0,
            0.0,
            0.0,
            0.0,
            0.0
        ],
        [
            0.0,
            0.0,
            0.0,
            0.0,
            0.0,
            0.0,
            0.0,
            0.0
        ],
        [
            0.0,
            0.0,
            0.0,
            0.0,
            0.0,
            0.0,
            0.0,
            0.0
        ],
        [
            0.0,
            0.0,
            0.0,
            0.0,
            0.0,
            0.0,
            0.0,
            0.0
        ],
        [
            0.0,
            0.0,
            0.0,
            0.0,
            0.0,
            0.0,
            0.0,
            0.0
        ]
    ],
    "retrieved_0_prompt": "move the idli plate to the sink",
    "retrieved_1_state": [
        0.12580396234989166,
        0.2535361051559448,
        0.06453368067741394,
        -2.3756580352783203,
        -0.029121624305844307,
        2.6150448322296143,
        0.2588803768157959,
        0.0
    ],
    "retrieved_1_actions": [
        [
            0.37066735327243805,
            0.16755321994423866,
            0.2908392809331417,
            0.08214355446398258,
            0.19336244091391563,
            0.08646995760500431,
            0.3123314306139946,
            0.0
        ],
        [
            0.30904022976756096,
            0.1318632997572422,
            0.26152294129133224,
            0.12827393598854542,
            0.22322669625282288,
            0.038266307674348354,
            0.23561077192425728,
            0.0
        ],
        [
            0.0,
            0.0,
            0.0,
            0.0,
            0.0,
            0.0,
            0.0,
            0.0
        ],
        [
            0.0,
            0.0,
            0.0,
            0.0,
            0.0,
            0.0,
            0.0,
            0.0
        ],
        [
            0.0,
            0.0,
            0.0,
            0.0,
            0.0,
            0.0,
            0.0,
            0.0
        ],
        [
            0.0,
            0.0,
            0.0,
            0.0,
            0.0,
            0.0,
            0.0,
            0.0
        ],
        [
            0.0,
            0.0,
            0.0,
            0.0,
            0.0,
            0.0,
            0.0,
            0.0
        ],
        [
            0.0,
            0.0,
            0.0,
            0.0,
            0.0,
            0.0,
            0.0,
            0.0
        ],
        [
            0.0,
            0.0,
            0.0,
            0.0,
            0.0,
            0.0,
            0.0,
            0.0
        ],
        [
            0.0,
            0.0,
            0.0,
            0.0,
            0.0,
            0.0,
            0.0,
            0.0
        ],
        [
            0.0,
            0.0,
            0.0,
            0.0,
            0.0,
            0.0,
            0.0,
            0.0
        ],
        [
            0.0,
            0.0,
            0.0,
            0.0,
            0.0,
            0.0,
            0.0,
            0.0
        ],
        [
            0.0,
            0.0,
            0.0,
            0.0,
            0.0,
            0.0,
            0.0,
            0.0
        ],
        [
            0.0,
            0.0,
            0.0,
            0.0,
            0.0,
            0.0,
            0.0,
            0.0
        ],
        [
            0.0,
            0.0,
            0.0,
            0.0,
            0.0,
            0.0,
            0.0,
            0.0
        ]
    ],
    "retrieved_1_prompt": "move the idli plate to the sink",
    "retrieved_2_state": [
        0.06632108986377716,
        0.25382959842681885,
        0.07525476813316345,
        -2.343764305114746,
        0.01715276762843132,
        2.551945447921753,
        0.07282034307718277,
        0.0
    ],