{
    "query_state": [
        0.10083700716495514,
        0.2181134670972824,
        -0.02420026622712612,
        -2.3567581176757812,
        -0.3094334006309509,
        2.4887583255767822,
        0.34032392501831055,
        0.0
    ],
    "query_prompt": "move the idli plate to the sink",
    "inference_time": true,
    "retrieved_0_state": [
        0.0558711439371109,
        0.2405405044555664,
        0.0711255744099617,
        -2.370900869369507,
        0.023612288758158684,
        2.6100759506225586,
        -0.040882647037506104,
        0.0
    ],
    "retrieved_0_actions": [
        [
            0.2018195390701294,
            0.16479402780532837,
            0.19496651366353035,
            -0.01671875361353159,
            0.04378375597298145,
            0.02092237351462245,
            0.0965071190148592,
            0.0
        ],
        [
            0.20229389891028404,
            0.1673329435288906,
            0.1925879903137684,
            -0.012805218575522304,
            0.05896842107176781,
            0.015211021527647972,
            0.09180051274597645,
            0.0
        ],
        [
            0.19128350540995598,
            0.172844547778368,
            0.18889304250478745,
            0.012305155396461487,
            0.08745898492634296,
            0.005821528029628098,
            0.08997812867164612,
            0.0
        ],
        [
            0.15213915146887302,
            0.15736110508441925,
            0.1754315383732319,
            0.04268357064574957,
            0.12532156892120838,
            -0.028858014848083258,
            0.06262123119086027,
            0.0
        ],
        [
            0.01257559284567833,
            -0.003689550212584436,
            -0.01187045592814684,
            0.005601637531071901,
            0.009005580213852227,
            -0.012952284887433052,
            -0.007522926316596568,
            0.0
        ],
        [
            0.0,
            0.0,
            0.0,
            0.0,
            0.0,
            0.0,
            0.0,
            0.0
        ],
        [
            0.0,
            0.0,
            0.0,
            0.0,
            0.0,
            0.0,
            0.0,
            0.0
        ],
        [
            0.0,
            0.0,
            0.0,
            0.0,
            0.0,
            0.0,
            0.0,
            0.0
        ],
        [
            0.0,
            0.0,
            0.0,
            0.0,
            0.0,
            0.0,
            0.0,
            0.0
        ],
        [
            0.0,
            0.0,
            0.0,
            0.0,
            0.0,
            0.0,
            0.0,
            0.0
        ],
        [
            0.0,
            0.0,
            0.0,
            0.0,
            0.0,
            0.0,
            0.0,
            0.0
        ],
        [
            0.0,
            0.0,
            0.0,
            0.0,
            0.0,
            0.0,
            0.0,
            0.0
        ],
        [
            0.0,
            0.0,
            0.0,
            0.0,
            0.0,
            0.0,
            0.0,
            0.0
        ],
        [
            0.0,
            0.0,
            0.0,
            0.0,
            0.0,
            0.0,
            0.0,
            0.0
        ],
        [
            0.0,
            0.0,
            0.0,
            0.0,
            0.0,
            0.0,
            0.0,
            0.0
        ]
    ],
    "retrieved_0_prompt": "move the idli plate to the sink",
    "retrieved_1_state": [
        0.08827702701091766,
        0.2581213712692261,
        0.03525855764746666,
        -2.338106155395508,
        -0.05118642747402191,
        2.5313713550567627,
        0.11063527315855026,
        0.0
    ],
    "retrieved_1_actions": [
        [
            0.21871531382203102,
            0.07673441898077726,
            0.17385615035891533,
            -0.03739908570423722,
            0.04389673937112093,
            0.17039332538843155,
            0.24465080350637436,
            0.0
        ],
        [
            0.18741780892014503,
            0.10904733091592789,
            0.1637956127524376,
            -0.003946194192394614,
            0.0754277128726244,
            0.18099233508110046,
            0.2024468034505844,
            0.0
        ],
        [
            0.16126438975334167,
            0.14164969325065613,
            0.14671840704977512,
            0.019786320626735687,
            0.09087475016713142,
            0.18933432176709175,
            0.16135543584823608,
            0.0
        ],
        [
            0.132659450173378,
            0.16052072867751122,
            0.12631507590413094,
            0.03819950623437762,
            0.10848586447536945,
            0.1929667964577675,
            0.12195819057524204,
            0.0
        ],
        [
            0.1117042638361454,
            0.18177706748247147,
            0.10597079992294312,
            0.05731787532567978,
            0.11913669295608997,
            0.1864166557788849,
            0.08871607482433319,
            0.0
        ],
        [
            0.08800379931926727,
            0.18222248181700706,
            0.07741293869912624,
            0.0645164679735899,
            0.1059133280068636,
            0.17224954441189766,
            0.0589800113812089,
            0.0
        ],
        [
            0.05128398071974516,
            0.1479860208928585,
            0.043056998401880264,
            0.07768125738948584,
            0.09548632428050041,
            0.12324166484177113,
            0.014548691688105464,
            0.0
        ],
        [
            0.04066798835992813,
            0.12607134878635406,
            0.03128029638901353,
            0.08650635369122028,
            0.09702355600893497,
            0.09907997213304043,
            0.010546769481152296,
            0.0
        ],
        [
            0.042534549720585346,
            0.09540438652038574,
            0.0253207772038877,
            0.08710989728569984,
            0.09280105121433735,
            0.06051533855497837,
            0.008851808961480856,
            0.0
        ],
        [
            0.0,
            0.0,
            0.0,
            0.0,
            0.0,
            0.0,
            0.0,
            0.0
        ],
        [
            0.0,
            0.0,
            0.0,
            0.0,
            0.0,
            0.0,
            0.0,
            0.0
        ],
        [
            0.0,
            0.0,
            0.0,
            0.0,
            0.0,
            0.0,
            0.0,
            0.0
        ],
        [
            0.0,
            0.0,
            0.0,
            0.0,
            0.0,
            0.0,
            0.0,
            0.0
        ],
        [
            0.0,
            0.0,
            0.0,
            0.0,
            0.0,
            0.0,
            0.0,
            0.0
        ],
        [
            0.0,
            0.0,
            0.0,
            0.0,
            0.0,
            0.0,
            0.0,
            0.0
        ]
    ],
    "retrieved_1_prompt": "move the idli plate to the sink",
    "retrieved_2_state": [
        0.02892155759036541,
        0.22101126611232758,
        0.11638440191745758,
        -2.3970749378204346,
        0.1188911646604538,
        2.6098880767822266,
        -0.14254415035247803,
        0.0
    ],