{
    "query_state": [
        0.03402833640575409,
        0.10029512643814087,
        0.03033250942826271,
        -2.0129621028900146,
        -0.06745897233486176,
        1.9175686836242676,
        -0.18481303751468658,
        0.0
    ],
    "query_prompt": "move the squeegee to the right and try to drag it",
    "inference_time": true,
    "retrieved_0_state": [
        0.06817019730806351,
        0.1215786561369896,
        0.12102428823709488,
        -2.233858585357666,
        -0.11517861485481262,
        2.4162187576293945,
        -0.03191043436527252,
        0.0
    ],
    "retrieved_0_actions": [
        [
            0.056316377595067024,
            0.965522825717926,
            -0.05985894240438938,
            0.7458409667015076,
            -0.11183858849108219,
            0.2890271693468094,
            -0.3088497556746006,
            0.0
        ],
        [
            0.06525267381221056,
            0.8871991187334061,
            -0.07667005993425846,
            0.7405636459589005,
            -0.12377310544252396,
            0.25734974071383476,
            -0.24515340104699135,
            0.0
        ],
        [
            0.0753047363832593,
            0.7711408287286758,
            -0.07840403355658054,
            0.6819037348031998,
            -0.08440283127129078,
            0.22668709978461266,
            -0.16356883570551872,
            0.0
        ],
        [
            0.0629595946520567,
            0.6569171696901321,
            -0.0481924694031477,
            0.6158548220992088,
            -0.02733101136982441,
            0.1279211137443781,
            -0.17030524089932442,
            0.0
        ],
        [
            0.04236288368701935,
            0.5222829058766365,
            0.0017246551578864455,
            0.5328742787241936,
            0.00926967361010611,
            0.0036146194906905293,
            -0.22622482851147652,
            0.0
        ],
        [
            0.009244359680451453,
            0.3981827571988106,
            0.05889189429581165,
            0.4594056308269501,
            0.004708492488134652,
            -0.12583456933498383,
            -0.3378916159272194,
            0.0
        ],
        [
            0.02687498927116394,
            0.3134714812040329,
            0.0276313372887671,
            0.4171517491340637,
            -0.03848871681839228,
            -0.16130728647112846,
            -0.2764466218650341,
            0.0
        ],
        [
            -0.001100225344998762,
            0.2719792351126671,
            0.036401599645614624,
            0.4060020297765732,
            -0.038850700948387384,
            -0.22008053958415985,
            -0.28391409665346146,
            0.0
        ],
        [
            -0.011676682624965906,
            0.23806996643543243,
            0.03131977980956435,
            0.3855077177286148,
            -0.04417066927999258,
            -0.23670753464102745,
            -0.25882644578814507,
            0.0
        ],
        [
            -0.006569846300408244,
            0.20055493339896202,
            0.017392683075740933,
            0.3515523672103882,
            -0.055939480662345886,
            -0.22304469719529152,
            -0.20929276943206787,
            0.0
        ],
        [
            3.529637751853443e-05,
            0.1623835414648056,
            0.008639220613986254,
            0.30511409044265747,
            -0.05412505939602852,
            -0.18129659816622734,
            -0.15095263719558716,
            0.0
        ],
        [
            0.01023476361297071,
            0.1296389102935791,
            0.00044854685256723315,
            0.26085657998919487,
            -0.05805764812976122,
            -0.1512551959604025,
            -0.10897252708673477,
            0.25
        ],
        [
            0.0332125648856163,
            0.09821423329412937,
            -0.01657024840824306,
            0.22293005138635635,
            -0.07355787791311741,
            -0.13795805163681507,
            -0.06810201331973076,
            0.31167397714705347
        ],
        [
            0.03707626136019826,
            0.07513149175792933,
            -0.016706439200788736,
            0.2009841986000538,
            -0.06850496865808964,
            -0.14342732727527618,
            -0.05030433181673288,
            0.4438326373468501
        ],
        [
            0.03767604706808925,
            0.048808325082063675,
            -0.02156403148546815,
            0.17532037571072578,
            -0.06255669053643942,
            -0.14954973943531513,
            -0.030710669234395027,
            0.5671806354679013
        ]
    ],
    "retrieved_0_prompt": "move the squeegee to the right and try to drag it",
    "retrieved_1_state": [
        0.11177884042263031,
        0.10833531618118286,
        0.11527618765830994,
        -2.2239668369293213,
        -0.1599046140909195,
        2.1263368129730225,
        -0.14254869520664215,
        0.0
    ],