{
    "query_state": [
        0.0700094997882843,
        0.280669242143631,
        0.07073446363210678,
        -1.9333523511886597,
        -0.08311880379915237,
        2.072125196456909,
        -0.28031012415885925,
        0.0
    ],
    "query_prompt": "move the squeegee to the right and try to drag it",
    "inference_time": true,
    "retrieved_0_state": [
        0.08580055832862854,
        0.2312430441379547,
        0.10671842098236084,
        -2.0644474029541016,
        -0.12188784778118134,
        2.2266013622283936,
        -0.37979403138160706,
        0.0
    ],
    "retrieved_0_actions": [
        [
            -0.0778683228418231,
            0.15057138167321682,
            0.10215891525149345,
            -0.24462131783366203,
            0.07865843363106251,
            0.6573480367660522,
            -0.3664195165038109,
            0.0
        ],
        [
            -0.10027163662016392,
            0.1460951752960682,
            0.1264004409313202,
            -0.2465290203690529,
            0.09904374368488789,
            0.618695467710495,
            -0.3655599057674408,
            0.0
        ],
        [
            -0.11698286980390549,
            0.17691336572170258,
            0.15219330787658691,
            -0.21423252299427986,
            0.11195858009159565,
            0.5561688542366028,
            -0.33945832401514053,
            0.0
        ],
        [
            -0.13559354469180107,
            0.22966193035244942,
            0.1538952998816967,
            -0.14382361434400082,
            0.08692854084074497,
            0.45660432428121567,
            -0.2809286117553711,
            0.0
        ],
        [
            -0.1522025652229786,
            0.2703391760587692,
            0.13473409228026867,
            -0.06483383942395449,
            0.044858199544250965,
            0.35228319466114044,
            -0.21714549511671066,
            0.0
        ],
        [
            -0.1629941165447235,
            0.27974389493465424,
            0.1103725004941225,
            0.0004905490277451463,
            -0.0018285475380253047,
            0.28969019651412964,
            -0.161027479916811,
            0.0
        ],
        [
            -0.1775355078279972,
            0.2719849906861782,
            0.10336539708077908,
            0.05535034462809563,
            -0.020696129649877548,
            0.2255556918680668,
            -0.1337991002947092,
            0.0
        ],
        [
            -0.17630526795983315,
            0.24966120719909668,
            0.09707418270409107,
            0.09042184799909592,
            -0.04405053332448006,
            0.1533007249236107,
            -0.10403377003967762,
            0.0
        ],
        [
            -0.17042938619852066,
            0.22534465417265892,
            0.09177790954709053,
            0.11224862188100815,
            -0.0608755461871624,
            0.09592503309249878,
            -0.08637097664177418,
            0.0
        ],
        [
            -0.1674221083521843,
            0.20275142043828964,
            0.09310868568718433,
            0.12837025336921215,
            -0.0626712990924716,
            0.05797978024929762,
            -0.07892454043030739,
            0.0
        ],
        [
            -0.16545381397008896,
            0.18400046974420547,
            0.09471128694713116,
            0.1362538430839777,
            -0.06158518139272928,
            0.04375941585749388,
            -0.07622796576470137,
            0.0
        ],
        [
            -0.1619584858417511,
            0.165613554418087,
            0.09758507832884789,
            0.1394817139953375,
            -0.056363590992987156,
            0.03196769626811147,
            -0.06929914932698011,
            0.044139
        ],
        [
            -0.15563787892460823,
            0.12541413307189941,
            0.1018663588911295,
            0.12714961543679237,
            -0.051835631020367146,
            0.021684388630092144,
            -0.06106469314545393,
            0.28964760682532775
        ],
        [
            -0.15256688930094242,
            0.08450840599834919,
            0.10761242359876633,
            0.11472183279693127,
            -0.04557599313557148,
            0.0035436684265732765,
            -0.05731787998229265,
            0.29845813742324034
        ],
        [
            -0.15437303110957146,
            0.05157020874321461,
            0.11113150976598263,
            0.10825482197105885,
            -0.035349109675735235,
            -0.013407674850896,
            -0.052543506026268005,
            0.40859033964742275
        ]
    ],
    "retrieved_0_prompt": "move the squeegee to the right and try to drag it",
    "retrieved_1_state": [
        0.08441676199436188,
        0.20327521860599518,
        0.09785971790552139,
        -2.0463786125183105,
        -0.12190308421850204,
        2.1571719646453857,
        -0.3556385040283203,
        0.0
    ],