{
    "query_state": [
        -0.009886087849736214,
        -0.5969190001487732,
        0.0029860897921025753,
        -2.515747547149658,
        0.02520121820271015,
        1.9071362018585205,
        0.007620117627084255,
        0.0
    ],
    "query_prompt": "move the squeegee to the right and try to drag it",
    "inference_time": true,
    "retrieved_0_state": [
        -0.01265961304306984,
        -0.594928503036499,
        0.0029559654649347067,
        -2.518068790435791,
        -0.022578228265047073,
        1.909001350402832,
        -0.015268933959305286,
        0.0
    ],
    "retrieved_0_actions": [
        [
            0.07485452108085155,
            0.33347029238939285,
            0.08723543025553226,
            0.2231411263346672,
            -0.04421349614858627,
            0.0835914071649313,
            0.04074349068105221,
            0.0
        ],
        [
            0.1206036377698183,
            0.5202667787671089,
            0.1422217395156622,
            0.3634730726480484,
            -0.06656444165855646,
            0.11808292008936405,
            0.053847203962504864,
            0.0
        ],
        [
            0.15444760210812092,
            0.7192683219909668,
            0.17831645905971527,
            0.5140519514679909,
            -0.07833456620573997,
            0.1259064581245184,
            0.07342151831835508,
            0.0
        ],
        [
            0.1646830141544342,
            0.9234244376420975,
            0.20274637266993523,
            0.6913123279809952,
            -0.11157980188727379,
            0.12920567765831947,
            0.10606537573039532,
            0.0
        ],
        [
            0.1562519557774067,
            0.9789954125881195,
            0.19948715344071388,
            0.7545303553342819,
            -0.17902908846735954,
            0.12642193585634232,
            0.11344162747263908,
            0.0
        ],
        [
            0.15553340315818787,
            0.9712014347314835,
            0.15952203422784805,
            0.769256055355072,
            -0.22335190325975418,
            0.13465657830238342,
            0.049907718785107136,
            0.0
        ],
        [
            0.16426542773842812,
            0.9613411128520966,
            0.11324199847877026,
            0.771857351064682,
            -0.2221067249774933,
            0.1632986217737198,
            -0.03800202161073685,
            0.0
        ],
        [
            0.16349982470273972,
            0.953349769115448,
            0.08128400892019272,
            0.7879745960235596,
            -0.22765317931771278,
            0.1707383431494236,
            -0.09558726102113724,
            0.0
        ],
        [
            0.16163548454642296,
            0.947805643081665,
            0.048828632570803165,
            0.8074565976858139,
            -0.211601871997118,
            0.17731351777911186,
            -0.1440563891083002,
            0.0
        ],
        [
            0.1383677590638399,
            0.9490316361188889,
            0.012017841218039393,
            0.7677765190601349,
            -0.1278283540159464,
            0.2844092436134815,
            -0.2554892934858799,
            0.0
        ],
        [
            0.11033762246370316,
            0.9480102360248566,
            -0.01207022462040186,
            0.7480026036500931,
            -0.1036167424172163,
            0.3412463515996933,
            -0.2855406142771244,
            0.0
        ],
        [
            0.08696748875081539,
            0.9392887353897095,
            -0.03562538418918848,
            0.7169293612241745,
            -0.09897562675178051,
            0.4130379855632782,
            -0.2733958885073662,
            0.0
        ],
        [
            0.07354822009801865,
            0.9379007667303085,
            -0.04688213113695383,
            0.7405685633420944,
            -0.0869898684322834,
            0.42010195553302765,
            -0.2897895872592926,
            0.0
        ],
        [
            0.06141370162367821,
            0.8819352090358734,
            -0.05355302710086107,
            0.7338137179613113,
            -0.07486985996365547,
            0.395934134721756,
            -0.29708676040172577,
            0.0
        ],
        [
            0.0267872866243124,
            0.742528885602951,
            -0.030483799055218697,
            0.6300149112939835,
            -0.03988716285675764,
            0.33910393714904785,
            -0.3386891260743141,
            0.0
        ]
    ],
    "retrieved_0_prompt": "move the squeegee to the right and try to drag it",
    "retrieved_1_state": [
        -0.02668077126145363,
        -0.5868066549301147,
        0.028063490986824036,
        -2.520275831222534,
        -0.01735951565206051,
        1.9121898412704468,
        -0.017622582614421844,
        0.0
    ],