{
    "query_state": [
        -0.00991002470254898,
        -0.43245750665664673,
        4.8385129048256204e-05,
        -2.4128222465515137,
        0.006755907088518143,
        1.9127238988876343,
        -0.032677702605724335,
        0.0
    ],
    "query_prompt": "move the squeegee to the right and try to drag it",
    "inference_time": true,
    "retrieved_0_state": [
        -0.0026003560051321983,
        -0.4220961332321167,
        0.0035628462210297585,
        -2.4190592765808105,
        -0.019921813160181046,
        1.9310252666473389,
        -0.08444644510746002,
        0.0
    ],
    "retrieved_0_actions": [
        [
            0.15438390895724297,
            0.8811892569065094,
            0.13595279306173325,
            0.5714540556073189,
            -0.2225230075418949,
            0.11653042398393154,
            -0.17961060628294945,
            0.0
        ],
        [
            0.16901416704058647,
            0.8379773795604706,
            0.1786591112613678,
            0.46913743019104004,
            -0.2190219983458519,
            0.22260723635554314,
            -0.09370128624141216,
            0.0
        ],
        [
            0.16070405021309853,
            0.7811383903026581,
            0.16718629747629166,
            0.40028877556324005,
            -0.21230094134807587,
            0.22979946807026863,
            -0.1044856570661068,
            0.0
        ],
        [
            0.15289181843400002,
            0.7432099431753159,
            0.14908757992088795,
            0.3508603572845459,
            -0.20243315026164055,
            0.19935782998800278,
            -0.13993525877594948,
            0.0
        ],
        [
            0.13364674523472786,
            0.6769626587629318,
            0.1279453095048666,
            0.3105405904352665,
            -0.2277497760951519,
            0.1878836378455162,
            -0.13870786875486374,
            0.0
        ],
        [
            0.1143511850386858,
            0.6098706275224686,
            0.09936532936990261,
            0.3072033263742924,
            -0.23635009303689003,
            0.13740316964685917,
            -0.15942921862006187,
            0.0
        ],
        [
            0.09702229872345924,
            0.5559220165014267,
            0.07102206349372864,
            0.284409299492836,
            -0.27021992951631546,
            0.15605817548930645,
            -0.16018932685256004,
            0.0
        ],
        [
            0.07597163785248995,
            0.5162642523646355,
            0.03677012398838997,
            0.2735128812491894,
            -0.28784437105059624,
            0.19857190549373627,
            -0.15499458648264408,
            0.0
        ],
        [
            0.05526615306735039,
            0.48137735575437546,
            0.0012114747369196266,
            0.2725827693939209,
            -0.3000580333173275,
            0.2570466138422489,
            -0.12891393154859543,
            0.0
        ],
        [
            0.029935913626104593,
            0.43301403522491455,
            -0.013830126263201237,
            0.28444118797779083,
            -0.23111049085855484,
            0.25058725848793983,
            -0.15281148254871368,
            0.0
        ],
        [
            0.01384980627335608,
            0.4061483219265938,
            -0.010439609177410603,
            0.3078531101346016,
            -0.14843065291643143,
            0.22167230024933815,
            -0.18943306058645248,
            0.0
        ],
        [
            0.02303041284903884,
            0.3781624138355255,
            -0.013827005168423057,
            0.3111061826348305,
            -0.11872814036905766,
            0.20974541082978249,
            -0.141479829326272,
            0.0
        ],
        [
            0.02947010798379779,
            0.34757524728775024,
            -0.01043590484187007,
            0.2947855554521084,
            -0.08053365163505077,
            0.2419697307050228,
            -0.09510357864201069,
            0.0
        ],
        [
            0.03994395490735769,
            0.33682387322187424,
            -0.008697350858710706,
            0.3067641891539097,
            -0.05498714279383421,
            0.2152244746685028,
            -0.06784237921237946,
            0.0
        ],
        [
            0.03984381444752216,
            0.3433200716972351,
            -0.0051658484153449535,
            0.33321134746074677,
            -0.018151053227484226,
            0.1710662618279457,
            -0.06580081768333912,
            0.0
        ]
    ],
    "retrieved_0_prompt": "move the squeegee to the right and try to drag it",
    "retrieved_1_state": [
        -0.015534321777522564,
        -0.4379860460758209,
        -0.005095379427075386,
        -2.395259141921997,
        -0.012818915769457817,
        1.9184026718139648,
        -0.08914746344089508,
        0.0
    ],