{
    "query_state": [
        0.08751239627599716,
        0.18127289414405823,
        0.06450226157903671,
        -1.9316900968551636,
        -0.25723400712013245,
        2.076533794403076,
        0.14233146607875824,
        0.0
    ],
    "query_prompt": "open the door of the bottom shelf",
    "inference_time": true,
    "retrieved_0_state": [
        0.04625378176569939,
        0.224046990275383,
        0.060716383159160614,
        -2.0888254642486572,
        -0.06468477845191956,
        2.496206045150757,
        -0.17052949965000153,
        0.0
    ],
    "retrieved_0_actions": [
        [
            0.04771358799189329,
            0.25355445221066475,
            0.07106767036020756,
            0.2974644675850868,
            0.02024187007918954,
            0.15981651842594147,
            -0.045176465064287186,
            0.0
        ],
        [
            0.0673110131174326,
            0.18385319039225578,
            0.01382283284328878,
            0.18122054636478424,
            -0.07528356276452541,
            0.27773046866059303,
            0.0639943778514862,
            0.0
        ],
        [
            0.04675122443586588,
            0.15235907398164272,
            0.0035077924258075655,
            0.11171397753059864,
            -0.05977627355605364,
            0.3093818575143814,
            0.07259387988597155,
            0.0
        ],
        [
            0.019732504151761532,
            0.15381033532321453,
            0.006565368385054171,
            0.0784888956695795,
            -0.012877644039690495,
            0.26469890028238297,
            0.07942116819322109,
            0.0
        ],
        [
            0.011839012149721384,
            0.1321457140147686,
            0.0013466623204294592,
            0.04525777418166399,
            -0.005627479404211044,
            0.2243957668542862,
            0.09063455276191235,
            0.0
        ],
        [
            0.0018957900465466082,
            0.08015722036361694,
            -0.0020155549282208085,
            -0.014814977766945958,
            -0.002101577410940081,
            0.21043989807367325,
            0.08341604843735695,
            0.25
        ],
        [
            -0.018326748395338655,
            0.01873144181445241,
            0.006747188162989914,
            -0.06747525185346603,
            0.025464105419814587,
            0.21089768037199974,
            0.061559733003377914,
            0.32929512599676714
        ],
        [
            -0.04253424238413572,
            -0.038479273207485676,
            0.02663903869688511,
            -0.11044120416045189,
            0.07150342222303152,
            0.21255770698189735,
            0.034946741070598364,
            0.4790749350462773
        ],
        [
            -0.06902030669152737,
            -0.08521032519638538,
            0.060774474404752254,
            -0.14515026472508907,
            0.12695182114839554,
            0.19251316785812378,
            -0.009850483620539308,
            0.6024229331673285
        ],
        [
            -0.08102327585220337,
            -0.14312643557786942,
            0.0719305919483304,
            -0.19136620685458183,
            0.14493539929389954,
            0.16838159412145615,
            -0.041051930747926235,
            0.7081497824386661
        ],
        [
            -0.1129228062927723,
            -0.20308787003159523,
            0.08412172086536884,
            -0.2546199783682823,
            0.17615174874663353,
            0.1700330525636673,
            -0.10288359597325325,
            0.8314977805597175
        ],
        [
            -0.14155849814414978,
            -0.2529120445251465,
            0.08802583441138268,
            -0.2968155965209007,
            0.20442254841327667,
            0.15640372410416603,
            -0.14371711760759354,
            0.9724669713574265
        ],
        [
            -0.15923870727419853,
            -0.2904742397367954,
            0.08368865586817265,
            -0.32039545476436615,
            0.2235947549343109,
            0.11953805573284626,
            -0.1708817481994629,
            0.946035242604488
        ],
        [
            -0.14860326424241066,
            -0.3323514759540558,
            0.10583875700831413,
            -0.3764616325497627,
            0.25415297597646713,
            -0.027040904387831688,
            -0.18586628139019012,
            0.946035242604488
        ],
        [
            -0.10509304702281952,
            -0.49453847110271454,
            0.08047654293477535,
            -0.5538763850927353,
            0.17186112701892853,
            -0.22145237773656845,
            -0.1635417900979519,
            0.946035242604488
        ]
    ],
    "retrieved_0_prompt": "open the door of the bottom shelf",
    "retrieved_1_state": [
        0.042062729597091675,
        0.11384595185518265,
        0.034761764109134674,
        -2.1818931102752686,
        -0.08929868787527084,
        2.477827548980713,
        -0.12850871682167053,
        0.0
    ],