{
    "query_state": [
        0.06080853193998337,
        0.32548075914382935,
        -0.010831310413777828,
        -1.8154716491699219,
        -0.39349788427352905,
        2.007026433944702,
        0.3478245735168457,
        0.0
    ],
    "query_prompt": "open the door of the bottom shelf",
    "inference_time": true,
    "retrieved_0_state": [
        0.05626264959573746,
        0.21628090739250183,
        0.06913164258003235,
        -2.1249518394470215,
        -0.03985355421900749,
        2.539454936981201,
        -0.27359795570373535,
        0.0
    ],
    "retrieved_0_actions": [
        [
            -0.09986906312406063,
            0.29798276722431183,
            0.15309536829590797,
            0.15322613529860973,
            0.2355726808309555,
            0.2988189458847046,
            -0.2389802783727646,
            0.0
        ],
        [
            -0.10585080832242966,
            0.24507354944944382,
            0.17109408974647522,
            0.09897535666823387,
            0.2245529368519783,
            0.26191646233201027,
            -0.20258955657482147,
            0.0
        ],
        [
            -0.11455056257545948,
            0.19392067566514015,
            0.18004868179559708,
            0.014477565418928862,
            0.22231882438063622,
            0.25959547609090805,
            -0.17700977623462677,
            0.25
        ],
        [
            -0.1277447771281004,
            0.13450195081532001,
            0.1879550889134407,
            -0.03856258234009147,
            0.23228658363223076,
            0.21856306120753288,
            -0.16381323337554932,
            0.31167397714705347
        ],
        [
            -0.14370419085025787,
            0.05364454351365566,
            0.18788402900099754,
            -0.07202059961855412,
            0.23003820329904556,
            0.14001653529703617,
            -0.15524026937782764,
            0.46145378619656363
        ],
        [
            -0.162605382502079,
            -0.042149610817432404,
            0.17726263031363487,
            -0.11086204089224339,
            0.2247432805597782,
            0.06962200161069632,
            -0.15712078660726547,
            0.5892070496165712
        ],
        [
            -0.19659679383039474,
            -0.15025912784039974,
            0.17105821520090103,
            -0.14702738262712955,
            0.2627980522811413,
            0.016129917930811644,
            -0.19304614514112473,
            0.7081497824386661
        ],
        [
            -0.20938914269208908,
            -0.21012891083955765,
            0.15059664845466614,
            -0.16159666702151299,
            0.26828583329916,
            0.008567486656829715,
            -0.21350635215640068,
            0.8314977805597175
        ],
        [
            -0.2163354866206646,
            -0.24865129962563515,
            0.12118917889893055,
            -0.1700856350362301,
            0.26180896908044815,
            -0.004422105848789215,
            -0.22584250196814537,
            0.9504405352952845
        ],
        [
            -0.21237781271338463,
            -0.24769509211182594,
            0.10502600111067295,
            -0.16896415501832962,
            0.254355538636446,
            -0.063436608761549,
            -0.25036968290805817,
            0.9647576968222047
        ],
        [
            -0.1358264498412609,
            -0.3042973205447197,
            0.024185359943658113,
            -0.24881768971681595,
            0.07146559655666351,
            -0.24530116468667984,
            -0.13626370579004288,
            0.9383259899827383
        ],
        [
            -0.06564611569046974,
            -0.41153881698846817,
            -0.060604438185691833,
            -0.38205862045288086,
            -0.10963013395667076,
            -0.3562784194946289,
            0.003900944138877094,
            0.9383259899827383
        ],
        [
            -0.027450898196548223,
            -0.5603963136672974,
            -0.11551525443792343,
            -0.5515288189053535,
            -0.21453039720654488,
            -0.49121424555778503,
            0.09180473163723946,
            0.9383259899827383
        ],
        [
            -0.004261551657691598,
            -0.6496603041887283,
            -0.1633775606751442,
            -0.6474781036376953,
            -0.31248055398464203,
            -0.540711022913456,
            0.18448444083333015,
            0.9383259899827383
        ],
        [
            -0.035393338184803724,
            -0.7431114464998245,
            -0.20709361881017685,
            -0.7209070026874542,
            -0.3498965874314308,
            -0.6125233694911003,
            0.2261626534163952,
            0.9383259899827383
        ]
    ],
    "retrieved_0_prompt": "open the door of the bottom shelf",
    "retrieved_1_state": [
        0.04625378176569939,
        0.224046990275383,
        0.060716383159160614,
        -2.0888254642486572,
        -0.06468477845191956,
        2.496206045150757,
        -0.17052949965000153,
        0.0
    ],