{
    "query_state": [
        -0.046478163450956345,
        0.22700165212154388,
        -0.1525679975748062,
        -2.289332389831543,
        -0.09294125437736511,
        2.3873167037963867,
        0.13837435841560364,
        0.0
    ],
    "query_prompt": "move the idli plate to the sink",
    "inference_time": true,
    "retrieved_0_state": [
        -0.07638324797153473,
        0.26512157917022705,
        -0.0834318995475769,
        -2.30458402633667,
        -0.05122029036283493,
        2.514212131500244,
        -0.01720641553401947,
        0.0
    ],
    "retrieved_0_actions": [
        [
            0.2784384414553642,
            -0.023905590642243624,
            0.18193494528532028,
            -0.20012466236948967,
            -0.054885344579815865,
            0.17828421667218208,
            0.27670202776789665,
            0.0
        ],
        [
            0.30255110934376717,
            -0.054834154434502125,
            0.2191687375307083,
            -0.19438272342085838,
            -0.01689087599515915,
            0.1552076917141676,
            0.3064378723502159,
            0.0
        ],
        [
            0.29902737587690353,
            -0.03913240972906351,
            0.2232697233557701,
            -0.1519299764186144,
            0.007650474435649812,
            0.13535640202462673,
            0.3163670003414154,
            0.0
        ],
        [
            0.2944917790591717,
            -0.01745102694258094,
            0.2127351053059101,
            -0.0942582730203867,
            0.004528963763732463,
            0.09564358741044998,
            0.32835543155670166,
            0.0
        ],
        [
            0.26341337710618973,
            0.053500859066843987,
            0.19207797944545746,
            -0.07843073457479477,
            0.011983546428382397,
            0.17002301290631294,
            0.2948279492557049,
            0.0
        ],
        [
            0.21871531382203102,
            0.07673441898077726,
            0.17385615035891533,
            -0.03739908570423722,
            0.04389673937112093,
            0.17039332538843155,
            0.24465080350637436,
            0.0
        ],
        [
            0.18741780892014503,
            0.10904733091592789,
            0.1637956127524376,
            -0.003946194192394614,
            0.0754277128726244,
            0.18099233508110046,
            0.2024468034505844,
            0.0
        ],
        [
            0.16126438975334167,
            0.14164969325065613,
            0.14671840704977512,
            0.019786320626735687,
            0.09087475016713142,
            0.18933432176709175,
            0.16135543584823608,
            0.0
        ],
        [
            0.132659450173378,
            0.16052072867751122,
            0.12631507590413094,
            0.03819950623437762,
            0.10848586447536945,
            0.1929667964577675,
            0.12195819057524204,
            0.0
        ],
        [
            0.1117042638361454,
            0.18177706748247147,
            0.10597079992294312,
            0.05731787532567978,
            0.11913669295608997,
            0.1864166557788849,
            0.08871607482433319,
            0.0
        ],
        [
            0.08800379931926727,
            0.18222248181700706,
            0.07741293869912624,
            0.0645164679735899,
            0.1059133280068636,
            0.17224954441189766,
            0.0589800113812089,
            0.0
        ],
        [
            0.05128398071974516,
            0.1479860208928585,
            0.043056998401880264,
            0.07768125738948584,
            0.09548632428050041,
            0.12324166484177113,
            0.014548691688105464,
            0.0
        ],
        [
            0.04066798835992813,
            0.12607134878635406,
            0.03128029638901353,
            0.08650635369122028,
            0.09702355600893497,
            0.09907997213304043,
            0.010546769481152296,
            0.0
        ],
        [
            0.042534549720585346,
            0.09540438652038574,
            0.0253207772038877,
            0.08710989728569984,
            0.09280105121433735,
            0.06051533855497837,
            0.008851808961480856,
            0.0
        ],
        [
            0.0,
            0.0,
            0.0,
            0.0,
            0.0,
            0.0,
            0.0,
            0.0
        ]
    ],
    "retrieved_0_prompt": "move the idli plate to the sink",
    "retrieved_1_state": [
        -0.07164517790079117,
        0.2232840359210968,
        -0.04993245750665665,
        -2.31071400642395,
        0.006935912650078535,
        2.540557622909546,
        0.022654768079519272,
        0.0
    ],