{
    "query_state": [
        0.07560303807258606,
        0.3204898536205292,
        -0.11571089923381805,
        -2.2557225227355957,
        -0.09156728535890579,
        2.509748935699463,
        0.3095191717147827,
        0.0
    ],
    "query_prompt": "move the idli plate to the sink",
    "inference_time": true,
    "retrieved_0_state": [
        -0.0027510717045515776,
        0.2897597551345825,
        0.006548766978085041,
        -2.2822957038879395,
        0.00976585317403078,
        2.5519602298736572,
        0.04508485645055771,
        0.0
    ],
    "retrieved_0_actions": [
        [
            0.32254673540592194,
            -0.22684648633003235,
            0.2970372885465622,
            -0.4315043240785599,
            0.13869540765881538,
            0.054642907343804836,
            0.15952493995428085,
            0.0
        ],
        [
            0.3299354016780853,
            -0.24485602974891663,
            0.3198915719985962,
            -0.37233922630548477,
            0.18301093950867653,
            -0.008245785720646381,
            0.1637580618262291,
            0.0
        ],
        [
            0.3406449407339096,
            -0.19529955461621284,
            0.3306978568434715,
            -0.3347477316856384,
            0.22261504083871841,
            0.034529631957411766,
            0.20924773067235947,
            0.0
        ],
        [
            0.35355400294065475,
            -0.2168850600719452,
            0.333002433180809,
            -0.2654140070080757,
            0.2419821359217167,
            0.008218215662054718,
            0.2756543271243572,
            0.0
        ],
        [
            0.0,
            0.0,
            0.0,
            0.0,
            0.0,
            0.0,
            0.0,
            0.0
        ],
        [
            0.0,
            0.0,
            0.0,
            0.0,
            0.0,
            0.0,
            0.0,
            0.0
        ],
        [
            0.0,
            0.0,
            0.0,
            0.0,
            0.0,
            0.0,
            0.0,
            0.0
        ],
        [
            0.0,
            0.0,
            0.0,
            0.0,
            0.0,
            0.0,
            0.0,
            0.0
        ],
        [
            0.0,
            0.0,
            0.0,
            0.0,
            0.0,
            0.0,
            0.0,
            0.0
        ],
        [
            0.0,
            0.0,
            0.0,
            0.0,
            0.0,
            0.0,
            0.0,
            0.0
        ],
        [
            0.0,
            0.0,
            0.0,
            0.0,
            0.0,
            0.0,
            0.0,
            0.0
        ],
        [
            0.0,
            0.0,
            0.0,
            0.0,
            0.0,
            0.0,
            0.0,
            0.0
        ],
        [
            0.0,
            0.0,
            0.0,
            0.0,
            0.0,
            0.0,
            0.0,
            0.0
        ],
        [
            0.0,
            0.0,
            0.0,
            0.0,
            0.0,
            0.0,
            0.0,
            0.0
        ],
        [
            0.0,
            0.0,
            0.0,
            0.0,
            0.0,
            0.0,
            0.0,
            0.0
        ]
    ],
    "retrieved_0_prompt": "move the idli plate to the sink",
    "retrieved_1_state": [
        0.026052486151456833,
        0.3340440094470978,
        -0.01852795109152794,
        -2.279474973678589,
        0.051430340856313705,
        2.702601909637451,
        0.12434816360473633,
        0.0
    ],
    "retrieved_1_actions": [
        [
            0.39077330380678177,
            -0.26544924825429916,
            0.17132410779595375,
            -0.45600220561027527,
            0.009094651904888451,
            0.18118923529982567,
            0.5042581632733345,
            0.0
        ],
        [
            0.3927697241306305,
            -0.27594875544309616,
            0.1820010133087635,
            -0.3892969712615013,
            0.004615210054907948,
            0.10424161329865456,
            0.5157575011253357,
            0.0
        ],
        [
            0.36079443991184235,
            -0.277974009513855,
            0.2052917331457138,
            -0.30972495675086975,
            0.03136690938845277,
            0.02688234206289053,
            0.4891500249505043,
            0.0
        ],
        [
            0.3050016053020954,
            -0.23921841755509377,
            0.19367368891835213,
            -0.24243781343102455,
            0.04044243134558201,
            0.011279517784714699,
            0.4349585622549057,
            0.0
        ],
        [
            -0.018904583994299173,
            -0.0037802616134285927,
            0.015215468592941761,
            0.0012001782306469977,
            -0.00353924318915233,
            -0.007861509220674634,
            -0.002572452067397535,
            0.0
        ],
        [
            0.0,
            0.0,
            0.0,
            0.0,
            0.0,
            0.0,
            0.0,
            0.0
        ],
        [
            0.0,
            0.0,
            0.0,
            0.0,
            0.0,
            0.0,
            0.0,
            0.0
        ],
        [
            0.0,
            0.0,
            0.0,
            0.0,
            0.0,
            0.0,
            0.0,
            0.0
        ],
        [
            0.0,
            0.0,
            0.0,
            0.0,
            0.0,
            0.0,
            0.0,
            0.0
        ],
        [
            0.0,
            0.0,
            0.0,
            0.0,
            0.0,
            0.0,
            0.0,
            0.0
        ],
        [
            0.0,
            0.0,
            0.0,
            0.0,
            0.0,
            0.0,
            0.0,
            0.0
        ],
        [
            0.0,
            0.0,
            0.0,
            0.0,
            0.0,
            0.0,
            0.0,
            0.0
        ],
        [
            0.0,
            0.0,
            0.0,
            0.0,
            0.0,
            0.0,
            0.0,
            0.0
        ],
        [
            0.0,
            0.0,
            0.0,
            0.0,
            0.0,
            0.0,
            0.0,
            0.0
        ],
        [
            0.0,
            0.0,
            0.0,
            0.0,
            0.0,
            0.0,
            0.0,
            0.0
        ]
    ],
    "retrieved_1_prompt": "move the idli plate to the sink",
    "retrieved_2_state": [
        -0.027763644233345985,
        0.2979677617549896,
        -0.01813426800072193,
        -2.267113208770752,
        0.008032999001443386,
        2.551771640777588,
        0.035819508135318756,
        0.0
    ],