{
    "query_state": [
        0.1066126674413681,
        0.29641422629356384,
        -0.13474997878074646,
        -2.2555556297302246,
        -0.05005946382880211,
        2.55721116065979,
        0.3536068797111511,
        0.0
    ],
    "query_prompt": "move the idli plate to the sink",
    "inference_time": true,
    "retrieved_0_state": [
        -0.0027510717045515776,
        0.2897597551345825,
        0.006548766978085041,
        -2.2822957038879395,
        0.00976585317403078,
        2.5519602298736572,
        0.04508485645055771,
        0.0
    ],
    "retrieved_0_actions": [
        [
            0.32254673540592194,
            -0.22684648633003235,
            0.2970372885465622,
            -0.4315043240785599,
            0.13869540765881538,
            0.054642907343804836,
            0.15952493995428085,
            0.0
        ],
        [
            0.3299354016780853,
            -0.24485602974891663,
            0.3198915719985962,
            -0.37233922630548477,
            0.18301093950867653,
            -0.008245785720646381,
            0.1637580618262291,
            0.0
        ],
        [
            0.3406449407339096,
            -0.19529955461621284,
            0.3306978568434715,
            -0.3347477316856384,
            0.22261504083871841,
            0.034529631957411766,
            0.20924773067235947,
            0.0
        ],
        [
            0.35355400294065475,
            -0.2168850600719452,
            0.333002433180809,
            -0.2654140070080757,
            0.2419821359217167,
            0.008218215662054718,
            0.2756543271243572,
            0.0
        ],
        [
            0.0,
            0.0,
            0.0,
            0.0,
            0.0,
            0.0,
            0.0,
            0.0
        ],
        [
            0.0,
            0.0,
            0.0,
            0.0,
            0.0,
            0.0,
            0.0,
            0.0
        ],
        [
            0.0,
            0.0,
            0.0,
            0.0,
            0.0,
            0.0,
            0.0,
            0.0
        ],
        [
            0.0,
            0.0,
            0.0,
            0.0,
            0.0,
            0.0,
            0.0,
            0.0
        ],
        [
            0.0,
            0.0,
            0.0,
            0.0,
            0.0,
            0.0,
            0.0,
            0.0
        ],
        [
            0.0,
            0.0,
            0.0,
            0.0,
            0.0,
            0.0,
            0.0,
            0.0
        ],
        [
            0.0,
            0.0,
            0.0,
            0.0,
            0.0,
            0.0,
            0.0,
            0.0
        ],
        [
            0.0,
            0.0,
            0.0,
            0.0,
            0.0,
            0.0,
            0.0,
            0.0
        ],
        [
            0.0,
            0.0,
            0.0,
            0.0,
            0.0,
            0.0,
            0.0,
            0.0
        ],
        [
            0.0,
            0.0,
            0.0,
            0.0,
            0.0,
            0.0,
            0.0,
            0.0
        ],
        [
            0.0,
            0.0,
            0.0,
            0.0,
            0.0,
            0.0,
            0.0,
            0.0
        ]
    ],
    "retrieved_0_prompt": "move the idli plate to the sink",
    "retrieved_1_state": [
        0.05057366564869881,
        0.25779831409454346,
        0.008254439570009708,
        -2.338019609451294,
        -0.05118810757994652,
        2.5303280353546143,
        0.0764906108379364,
        0.0
    ],
    "retrieved_1_actions": [
        [
            0.26341337710618973,
            0.053500859066843987,
            0.19207797944545746,
            -0.07843073457479477,
            0.011983546428382397,
            0.17002301290631294,
            0.2948279492557049,
            0.0
        ],
        [
            0.21871531382203102,
            0.07673441898077726,
            0.17385615035891533,
            -0.03739908570423722,
            0.04389673937112093,
            0.17039332538843155,
            0.24465080350637436,
            0.0
        ],
        [
            0.18741780892014503,
            0.10904733091592789,
            0.1637956127524376,
            -0.003946194192394614,
            0.0754277128726244,
            0.18099233508110046,
            0.2024468034505844,
            0.0
        ],
        [
            0.16126438975334167,
            0.14164969325065613,
            0.14671840704977512,
            0.019786320626735687,
            0.09087475016713142,
            0.18933432176709175,
            0.16135543584823608,
            0.0
        ],
        [
            0.132659450173378,
            0.16052072867751122,
            0.12631507590413094,
            0.03819950623437762,
            0.10848586447536945,
            0.1929667964577675,
            0.12195819057524204,
            0.0
        ],
        [
            0.1117042638361454,
            0.18177706748247147,
            0.10597079992294312,
            0.05731787532567978,
            0.11913669295608997,
            0.1864166557788849,
            0.08871607482433319,
            0.0
        ],
        [
            0.08800379931926727,
            0.18222248181700706,
            0.07741293869912624,
            0.0645164679735899,
            0.1059133280068636,
            0.17224954441189766,
            0.0589800113812089,
            0.0
        ],
        [
            0.05128398071974516,
            0.1479860208928585,
            0.043056998401880264,
            0.07768125738948584,
            0.09548632428050041,
            0.12324166484177113,
            0.014548691688105464,
            0.0
        ],
        [
            0.04066798835992813,
            0.12607134878635406,
            0.03128029638901353,
            0.08650635369122028,
            0.09702355600893497,
            0.09907997213304043,
            0.010546769481152296,
            0.0
        ],
        [
            0.042534549720585346,
            0.09540438652038574,
            0.0253207772038877,
            0.08710989728569984,
            0.09280105121433735,
            0.06051533855497837,
            0.008851808961480856,
            0.0
        ],
        [
            0.0,
            0.0,
            0.0,
            0.0,
            0.0,
            0.0,
            0.0,
            0.0
        ],
        [
            0.0,
            0.0,
            0.0,
            0.0,
            0.0,
            0.0,
            0.0,
            0.0
        ],
        [
            0.0,
            0.0,
            0.0,
            0.0,
            0.0,
            0.0,
            0.0,
            0.0
        ],
        [
            0.0,
            0.0,
            0.0,
            0.0,
            0.0,
            0.0,
            0.0,
            0.0
        ],
        [
            0.0,
            0.0,
            0.0,
            0.0,
            0.0,
            0.0,
            0.0,
            0.0
        ]
    ],
    "retrieved_1_prompt": "move the idli plate to the sink",
    "retrieved_2_state": [
        0.018730511888861656,
        0.25897544622421265,
        -0.016039235517382622,
        -2.3357067108154297,
        -0.05122818797826767,
        2.5293796062469482,
        0.04833957180380821,
        0.0
    ],