{
    "query_state": [
        0.17316798865795135,
        0.2934236228466034,
        -0.04820528253912926,
        -2.132645845413208,
        -0.04612245410680771,
        2.3811190128326416,
        0.27231359481811523,
        0.0
    ],
    "query_prompt": "move the idli plate to the sink",
    "inference_time": true,
    "retrieved_0_state": [
        0.07261349260807037,
        0.24381116032600403,
        0.0917472094297409,
        -2.3723623752593994,
        0.024019816890358925,
        2.6098289489746094,
        -0.03638627007603645,
        0.0
    ],
    "retrieved_0_actions": [
        [
            0.20229389891028404,
            0.1673329435288906,
            0.1925879903137684,
            -0.012805218575522304,
            0.05896842107176781,
            0.015211021527647972,
            0.09180051274597645,
            0.0
        ],
        [
            0.19128350540995598,
            0.172844547778368,
            0.18889304250478745,
            0.012305155396461487,
            0.08745898492634296,
            0.005821528029628098,
            0.08997812867164612,
            0.0
        ],
        [
            0.15213915146887302,
            0.15736110508441925,
            0.1754315383732319,
            0.04268357064574957,
            0.12532156892120838,
            -0.028858014848083258,
            0.06262123119086027,
            0.0
        ],
        [
            0.01257559284567833,
            -0.003689550212584436,
            -0.01187045592814684,
            0.005601637531071901,
            0.009005580213852227,
            -0.012952284887433052,
            -0.007522926316596568,
            0.0
        ],
        [
            0.0,
            0.0,
            0.0,
            0.0,
            0.0,
            0.0,
            0.0,
            0.0
        ],
        [
            0.0,
            0.0,
            0.0,
            0.0,
            0.0,
            0.0,
            0.0,
            0.0
        ],
        [
            0.0,
            0.0,
            0.0,
            0.0,
            0.0,
            0.0,
            0.0,
            0.0
        ],
        [
            0.0,
            0.0,
            0.0,
            0.0,
            0.0,
            0.0,
            0.0,
            0.0
        ],
        [
            0.0,
            0.0,
            0.0,
            0.0,
            0.0,
            0.0,
            0.0,
            0.0
        ],
        [
            0.0,
            0.0,
            0.0,
            0.0,
            0.0,
            0.0,
            0.0,
            0.0
        ],
        [
            0.0,
            0.0,
            0.0,
            0.0,
            0.0,
            0.0,
            0.0,
            0.0
        ],
        [
            0.0,
            0.0,
            0.0,
            0.0,
            0.0,
            0.0,
            0.0,
            0.0
        ],
        [
            0.0,
            0.0,
            0.0,
            0.0,
            0.0,
            0.0,
            0.0,
            0.0
        ],
        [
            0.0,
            0.0,
            0.0,
            0.0,
            0.0,
            0.0,
            0.0,
            0.0
        ],
        [
            0.0,
            0.0,
            0.0,
            0.0,
            0.0,
            0.0,
            0.0,
            0.0
        ]
    ],
    "retrieved_0_prompt": "move the idli plate to the sink",
    "retrieved_1_state": [
        0.04860968142747879,
        0.3545304536819458,
        0.14145305752754211,
        -2.1495420932769775,
        0.13104689121246338,
        2.4105796813964844,
        -0.04671690613031387,
        0.0
    ],
    "retrieved_1_actions": [
        [
            0.3787781670689583,
            -0.17795249819755554,
            0.2527040056884289,
            -0.2977689914405346,
            0.18497083336114883,
            0.21377971395850182,
            0.32436344772577286,
            0.0
        ],
        [
            0.3643670305609703,
            -0.12967516668140888,
            0.24582698941230774,
            -0.21031195297837257,
            0.17802827060222626,
            0.20178819075226784,
            0.3034554608166218,
            0.0
        ],
        [
            0.30425354838371277,
            -0.14319357462227345,
            0.20450273528695107,
            -0.12909320183098316,
            0.15768954530358315,
            0.1375134475529194,
            0.2452290803194046,
            0.0
        ],
        [
            0.2115674689412117,
            -0.2502613328397274,
            0.173406470566988,
            -0.1109972596168518,
            0.169676523655653,
            0.05070401821285486,
            0.15511265024542809,
            0.0
        ],
        [
            0.10396462865173817,
            -0.4082872346043587,
            0.13980473391711712,
            -0.14874170534312725,
            0.21142318844795227,
            -0.015495374100282788,
            0.05203408654779196,
            0.0
        ],
        [
            0.02801199210807681,
            -0.5185852572321892,
            0.0931527279317379,
            -0.18712781369686127,
            0.2087419107556343,
            -0.03999820910394192,
            -0.012371252523735166,
            0.0
        ],
        [
            -0.031250836327672005,
            -0.6104902923107147,
            0.03189156297594309,
            -0.20653536543250084,
            0.19005082547664642,
            -0.14402221888303757,
            -0.05166254471987486,
            0.0
        ],
        [
            0.0,
            0.0,
            0.0,
            0.0,
            0.0,
            0.0,
            0.0,
            0.0
        ],
        [
            0.0,
            0.0,
            0.0,
            0.0,
            0.0,
            0.0,
            0.0,
            0.0
        ],
        [
            0.0,
            0.0,
            0.0,
            0.0,
            0.0,
            0.0,
            0.0,
            0.0
        ],
        [
            0.0,
            0.0,
            0.0,
            0.0,
            0.0,
            0.0,
            0.0,
            0.0
        ],
        [
            0.0,
            0.0,
            0.0,
            0.0,
            0.0,
            0.0,
            0.0,
            0.0
        ],
        [
            0.0,
            0.0,
            0.0,
            0.0,
            0.0,
            0.0,
            0.0,
            0.0
        ],
        [
            0.0,
            0.0,
            0.0,
            0.0,
            0.0,
            0.0,
            0.0,
            0.0
        ],
        [
            0.0,
            0.0,
            0.0,
            0.0,
            0.0,
            0.0,
            0.0,
            0.0
        ]
    ],
    "retrieved_1_prompt": "move the idli plate to the sink",
    "retrieved_2_state": [
        0.0918874740600586,
        0.3423880636692047,
        0.1725563108921051,
        -2.1752521991729736,
        0.14165087044239044,
        2.423746347427368,
        -0.009986970573663712,
        0.0
    ],