{
    "query_state": [
        -0.04430808499455452,
        0.16622240841388702,
        -0.029340140521526337,
        -2.182095527648926,
        -0.012784452177584171,
        2.3479411602020264,
        -0.010731893591582775,
        0.0
    ],
    "query_prompt": "move the idli plate to the right",
    "inference_time": true,
    "retrieved_0_state": [
        -0.04510895907878876,
        0.0927935466170311,
        -0.029644550755620003,
        -2.3383846282958984,
        -0.036340292543172836,
        2.4841763973236084,
        0.027489909902215004,
        0.0
    ],
    "retrieved_0_actions": [
        [
            0.006892852834425867,
            0.571773573756218,
            -0.09934550151228905,
            0.41589532047510147,
            -0.1819397509098053,
            0.2951476164162159,
            0.20927276462316513,
            0.0
        ],
        [
            0.024830955080688,
            0.563485249876976,
            -0.10280289687216282,
            0.4479743167757988,
            -0.15302852727472782,
            0.2160111628472805,
            0.1989811472594738,
            0.0
        ],
        [
            0.04176623187959194,
            0.5587216466665268,
            -0.09409667924046516,
            0.4766162484884262,
            -0.11222155764698982,
            0.11661798693239689,
            0.17782533541321754,
            0.0
        ],
        [
            0.06002087611705065,
            0.5441498011350632,
            -0.08182668127119541,
            0.48813942819833755,
            -0.08530073799192905,
            0.037178697530180216,
            0.15227751806378365,
            0.0
        ],
        [
            0.084831602871418,
            0.5252986773848534,
            -0.07873881608247757,
            0.48189904540777206,
            -0.08450760506093502,
            0.0120106665417552,
            0.1496567204594612,
            0.0
        ],
        [
            0.0992833822965622,
            0.4505004361271858,
            -0.07527973968535662,
            0.4440268874168396,
            -0.0748012401163578,
            -0.021682374645024538,
            0.13440568931400776,
            0.0
        ],
        [
            0.10735486634075642,
            0.4732116684317589,
            -0.0729714659973979,
            0.4468321427702904,
            -0.07122559007257223,
            0.001648322504479438,
            0.11813393794000149,
            0.0
        ],
        [
            0.10997464880347252,
            0.44735435396432877,
            -0.07293470669537783,
            0.43663281947374344,
            -0.06485309451818466,
            0.010051263961941004,
            0.11095674708485603,
            0.0
        ],
        [
            0.10490083135664463,
            0.4312554746866226,
            -0.0722945062443614,
            0.4478152096271515,
            -0.04482567310333252,
            -0.009077261784113944,
            0.11501241475343704,
            0.0
        ],
        [
            0.10048308409750462,
            0.4191751778125763,
            -0.07067624479532242,
            0.45228492468595505,
            -0.03033891087397933,
            -0.02673867391422391,
            0.11061396449804306,
            0.0
        ],
        [
            0.09605339728295803,
            0.3924066573381424,
            -0.05569043103605509,
            0.44430214911699295,
            -0.006996525335125625,
            -0.052703884430229664,
            0.09908726438879967,
            0.0
        ],
        [
            0.07783642504364252,
            0.35207420587539673,
            -0.031069274991750717,
            0.4089716821908951,
            0.024616545997560024,
            -0.07214476820081472,
            0.0763735082000494,
            0.0
        ],
        [
            0.054619964212179184,
            0.29745809733867645,
            -0.010808006627485156,
            0.34891579300165176,
            0.04860101267695427,
            -0.09827639907598495,
            0.04984394647181034,
            0.0
        ],
        [
            0.057244254276156425,
            0.18348582088947296,
            -0.00557374965865165,
            0.23335473611950874,
            0.054155122488737106,
            -0.1405471470206976,
            0.053275562822818756,
            0.0
        ],
        [
            0.05414282437413931,
            0.09327180683612823,
            -0.014555292436853051,
            0.11320431716740131,
            0.0463061174377799,
            -0.12191918678581715,
            0.05405325908213854,
            0.0
        ]
    ],
    "retrieved_0_prompt": "move the idli plate to the right",
    "retrieved_1_state": [
        -0.045250579714775085,
        0.14854413270950317,
        -0.03743278980255127,
        -2.3107614517211914,
        -0.03946729749441147,
        2.526442766189575,
        0.03912725672125816,
        0.0
    ],