{
    "query_state": [
        0.06181085854768753,
        -0.31070777773857117,
        0.02837442420423031,
        -2.3357036113739014,
        -0.022067075595259666,
        1.9919081926345825,
        -0.13346414268016815,
        0.0
    ],
    "query_prompt": "open the door of the bottom shelf",
    "inference_time": true,
    "retrieved_0_state": [
        0.1260608434677124,
        0.2401624619960785,
        0.11898192018270493,
        -1.9879695177078247,
        -0.08641663938760757,
        2.2061986923217773,
        -0.20695306360721588,
        0.0
    ],
    "retrieved_0_actions": [
        [
            0.039365836419165134,
            0.24379052221775055,
            0.07825980894267559,
            0.20746730268001556,
            -0.03299645148217678,
            0.2193228155374527,
            -0.06273314822465181,
            0.0
        ],
        [
            0.039444658905267715,
            0.22938676178455353,
            0.09838113561272621,
            0.1790800876915455,
            0.03816043259575963,
            0.21058497950434685,
            -0.06135025527328253,
            0.0
        ],
        [
            0.04337171092629433,
            0.18681444227695465,
            0.11562713421881199,
            0.12804361060261726,
            0.08774549700319767,
            0.21747855469584465,
            -0.07254211697727442,
            0.0
        ],
        [
            0.0416101049631834,
            0.12686015106737614,
            0.13392137363553047,
            0.0686488626524806,
            0.14224860817193985,
            0.2075340785086155,
            -0.10955225676298141,
            0.0
        ],
        [
            0.022484250366687775,
            0.10387282818555832,
            0.15334230847656727,
            0.03395766718313098,
            0.207754485309124,
            0.16117151826620102,
            -0.1851854845881462,
            0.0
        ],
        [
            0.010249207261949778,
            0.10144357569515705,
            0.15214686281979084,
            -0.018215366872027516,
            0.22293789312243462,
            0.15842556953430176,
            -0.19532468169927597,
            0.0
        ],
        [
            0.012636685278266668,
            0.0873885490000248,
            0.1282699592411518,
            -0.06483799777925014,
            0.16897352412343025,
            0.19009113311767578,
            -0.15177033841609955,
            0.0
        ],
        [
            0.005727105308324099,
            0.05538477096706629,
            0.10961856693029404,
            -0.13217411004006863,
            0.13190089724957943,
            0.25361601263284683,
            -0.13867533765733242,
            0.0
        ],
        [
            -0.009623149526305497,
            0.015059662982821465,
            0.09901590645313263,
            -0.17558088526129723,
            0.12734385207295418,
            0.28556253761053085,
            -0.13925463892519474,
            0.14212425
        ],
        [
            -0.027296545449644327,
            -0.04642999731004238,
            0.08503865450620651,
            -0.21304849535226822,
            0.11611768044531345,
            0.3096415661275387,
            -0.14665614813566208,
            0.31167397714705347
        ],
        [
            -0.03868443192914128,
            -0.0917844008654356,
            0.07042309734970331,
            -0.22639095783233643,
            0.10267868638038635,
            0.30969249084591866,
            -0.13843098655343056,
            0.4438326373468501
        ],
        [
            -0.04867866635322571,
            -0.1341936644166708,
            0.0578733254224062,
            -0.24198655039072037,
            0.07794457953423262,
            0.293173436075449,
            -0.13687392696738243,
            0.5495594866181877
        ],
        [
            -0.05518508143723011,
            -0.16604317352175713,
            0.05067947320640087,
            -0.24903001263737679,
            0.0557769974693656,
            0.23519203066825867,
            -0.13245263136923313,
            0.6949339427148531
        ],
        [
            -0.06888020318001509,
            -0.18863094970583916,
            0.05161321721971035,
            -0.2527204714715481,
            0.06334743462502956,
            0.18802743405103683,
            -0.14026081189513206,
            0.813876675536948
        ],
        [
            -0.08929428644478321,
            -0.21969711408019066,
            0.04846899304538965,
            -0.26242053136229515,
            0.08559718728065491,
            0.1639336720108986,
            -0.15218992717564106,
            0.9328193864455708
        ]
    ],
    "retrieved_0_prompt": "open the door of the bottom shelf",
    "retrieved_1_state": [
        0.10653794556856155,
        -0.2429383397102356,
        0.06533080339431763,
        -2.5043704509735107,
        -0.016784340143203735,
        2.2926790714263916,
        -0.12596797943115234,
        0.0
    ],