{
    "query_state": [
        0.10555747896432877,
        0.09458059072494507,
        0.08795827627182007,
        -2.069753885269165,
        -0.03178103640675545,
        2.0967068672180176,
        -0.26715222001075745,
        0.0
    ],
    "query_prompt": "open the door of the bottom shelf",
    "inference_time": true,
    "retrieved_0_state": [
        0.12664340436458588,
        0.2715848982334137,
        0.17142370343208313,
        -2.013401508331299,
        -0.005655704531818628,
        2.373847484588623,
        -0.284548819065094,
        0.0
    ],
    "retrieved_0_actions": [
        [
            -0.009623149526305497,
            0.015059662982821465,
            0.09901590645313263,
            -0.17558088526129723,
            0.12734385207295418,
            0.28556253761053085,
            -0.13925463892519474,
            0.14212425
        ],
        [
            -0.027296545449644327,
            -0.04642999731004238,
            0.08503865450620651,
            -0.21304849535226822,
            0.11611768044531345,
            0.3096415661275387,
            -0.14665614813566208,
            0.31167397714705347
        ],
        [
            -0.03868443192914128,
            -0.0917844008654356,
            0.07042309734970331,
            -0.22639095783233643,
            0.10267868638038635,
            0.30969249084591866,
            -0.13843098655343056,
            0.4438326373468501
        ],
        [
            -0.04867866635322571,
            -0.1341936644166708,
            0.0578733254224062,
            -0.24198655039072037,
            0.07794457953423262,
            0.293173436075449,
            -0.13687392696738243,
            0.5495594866181877
        ],
        [
            -0.05518508143723011,
            -0.16604317352175713,
            0.05067947320640087,
            -0.24903001263737679,
            0.0557769974693656,
            0.23519203066825867,
            -0.13245263136923313,
            0.6949339427148531
        ],
        [
            -0.06888020318001509,
            -0.18863094970583916,
            0.05161321721971035,
            -0.2527204714715481,
            0.06334743462502956,
            0.18802743405103683,
            -0.14026081189513206,
            0.813876675536948
        ],
        [
            -0.08929428644478321,
            -0.21969711408019066,
            0.04846899304538965,
            -0.26242053136229515,
            0.08559718728065491,
            0.1639336720108986,
            -0.15218992717564106,
            0.9328193864455708
        ],
        [
            -0.10478636249899864,
            -0.23259373381733894,
            0.04829736892133951,
            -0.2552380971610546,
            0.11587957851588726,
            0.12124846689403057,
            -0.17270006239414215,
            1.0
        ],
        [
            -0.10897291824221611,
            -0.27712658047676086,
            0.028142735827714205,
            -0.2788273058831692,
            0.10797275230288506,
            0.07757315412163734,
            -0.16699371859431267,
            1.0
        ],
        [
            -0.09071230888366699,
            -0.32035671174526215,
            -0.008285035146400332,
            -0.2779189310967922,
            0.05028718616813421,
            -0.07361305877566338,
            -0.12718851678073406,
            0.7411894276295312
        ],
        [
            -0.06931350566446781,
            -0.306362546980381,
            -0.025131646543741226,
            -0.269908607006073,
            0.0038184761069715023,
            -0.05906269885599613,
            -0.130069674924016,
            0.6707048466113927
        ],
        [
            -0.03176289377734065,
            -0.2772054076194763,
            -0.016191673930734396,
            -0.2193307876586914,
            0.005091441562399268,
            0.03200231119990349,
            -0.08959904313087463,
            0.5473568320552373
        ],
        [
            0.010998958023265004,
            -0.22855006158351898,
            0.006363172433339059,
            -0.14032731764018536,
            0.01334087923169136,
            0.0640761898830533,
            -0.05489760544151068,
            0.42841409923314244
        ],
        [
            0.04192463122308254,
            -0.1729639433324337,
            0.02386715728789568,
            -0.08135336451232433,
            0.029417218174785376,
            0.0793309323489666,
            -0.023756432346999645,
            0.30947136641104755
        ],
        [
            0.07432930637151003,
            -0.13266731053590775,
            0.017529074102640152,
            -0.06155496463179588,
            -0.03133659716695547,
            0.12286785989999771,
            0.04782561678439379,
            0.1861233682899962
        ]
    ],
    "retrieved_0_prompt": "open the door of the bottom shelf",
    "retrieved_1_state": [
        0.08125193417072296,
        0.2846558392047882,
        0.2498265504837036,
        -2.155989170074463,
        0.02840142697095871,
        2.7409982681274414,
        -0.4036303162574768,
        0.748898672718525
    ],