{
    "query_state": [
        0.13539955019950867,
        0.48751989006996155,
        0.001656146952882409,
        -2.216057062149048,
        -0.07130572199821472,
        2.473059892654419,
        0.2342333346605301,
        0.6696035248082857
    ],
    "query_prompt": "move the squeegee to the right and try to drag it",
    "inference_time": true,
    "retrieved_0_state": [
        0.18389776349067688,
        0.4737774431705475,
        -0.05248139798641205,
        -2.2680864334106445,
        -0.05924471095204353,
        2.7160632610321045,
        0.2631991505622864,
        0.6784140992331424
    ],
    "retrieved_0_actions": [
        [
            -0.38747165352106094,
            -0.12324083596467972,
            -0.1266653649508953,
            -0.03848781809210777,
            0.1839119754731655,
            -0.26257382705807686,
            -0.11940203607082367,
            0.9196035248082857
        ],
        [
            -0.37866290658712387,
            -0.1253762561827898,
            -0.1252346858382225,
            -0.04998208489269018,
            0.18909182399511337,
            -0.2199091948568821,
            -0.13364136219024658,
            0.9196035248082857
        ],
        [
            -0.3338082879781723,
            -0.11589494533836842,
            -0.12525808066129684,
            -0.041367411613464355,
            0.16576498746871948,
            -0.20402830094099045,
            -0.13012483716011047,
            0.9196035248082857
        ],
        [
            0.012081175809726119,
            0.0014721232582814991,
            -0.011802769731730223,
            0.010069414274767041,
            0.01322075491771102,
            -0.013799457810819149,
            -0.01128664705902338,
            0.42841409923314244
        ],
        [
            0.0,
            0.0,
            0.0,
            0.0,
            0.0,
            0.0,
            0.0,
            0.42841409923314244
        ],
        [
            0.0,
            0.0,
            0.0,
            0.0,
            0.0,
            0.0,
            0.0,
            0.42841409923314244
        ],
        [
            0.0,
            0.0,
            0.0,
            0.0,
            0.0,
            0.0,
            0.0,
            0.42841409923314244
        ],
        [
            0.0,
            0.0,
            0.0,
            0.0,
            0.0,
            0.0,
            0.0,
            0.42841409923314244
        ],
        [
            0.0,
            0.0,
            0.0,
            0.0,
            0.0,
            0.0,
            0.0,
            0.42841409923314244
        ],
        [
            0.0,
            0.0,
            0.0,
            0.0,
            0.0,
            0.0,
            0.0,
            0.42841409923314244
        ],
        [
            0.0,
            0.0,
            0.0,
            0.0,
            0.0,
            0.0,
            0.0,
            0.42841409923314244
        ],
        [
            0.0,
            0.0,
            0.0,
            0.0,
            0.0,
            0.0,
            0.0,
            0.42841409923314244
        ],
        [
            0.0,
            0.0,
            0.0,
            0.0,
            0.0,
            0.0,
            0.0,
            0.42841409923314244
        ],
        [
            0.0,
            0.0,
            0.0,
            0.0,
            0.0,
            0.0,
            0.0,
            0.42841409923314244
        ],
        [
            0.0,
            0.0,
            0.0,
            0.0,
            0.0,
            0.0,
            0.0,
            0.42841409923314244
        ]
    ],
    "retrieved_0_prompt": "move the squeegee to the right and try to drag it",
    "retrieved_1_state": [
        0.09231008589267731,
        0.4951973855495453,
        0.09876448661088943,
        -2.215147018432617,
        -0.16654439270496368,
        2.6716294288635254,
        -0.07540727406740189,
        0.0
    ],