{
    "query_state": [
        0.016668828204274178,
        0.08273033797740936,
        0.01232623215764761,
        -2.55952787399292,
        -0.2849021255970001,
        2.6885361671447754,
        0.1686028242111206,
        0.0
    ],
    "query_prompt": "",
    "inference_time": true,
    "retrieved_0_state": [
        -0.014450926333665848,
        0.1074824258685112,
        0.07306937873363495,
        -2.6050236225128174,
        -0.17555604875087738,
        2.8251776695251465,
        0.16402187943458557,
        0.0
    ],
    "retrieved_0_actions": [
        [
            0.1742074452340603,
            0.4290042072534561,
            -0.17996475100517273,
            0.2007431723177433,
            -0.03359805326908827,
            0.2796413004398346,
            0.023868095595389605,
            0.0
        ],
        [
            0.20381150767207146,
            0.38617998361587524,
            -0.21096358075737953,
            0.1901492103934288,
            -0.043651130981743336,
            0.25555985048413277,
            0.018908065976575017,
            0.0
        ],
        [
            0.20217981189489365,
            0.33450067043304443,
            -0.21676983684301376,
            0.1624687947332859,
            -0.018727437127381563,
            0.23071406409144402,
            -0.023528938181698322,
            0.0
        ],
        [
            0.1847493089735508,
            0.2870553731918335,
            -0.2241356484591961,
            0.12741375714540482,
            -0.005067173624411225,
            0.2182282693684101,
            -0.059662070125341415,
            0.25
        ],
        [
            0.16476642340421677,
            0.23913055658340454,
            -0.22438561543822289,
            0.10129786096513271,
            0.018433493096381426,
            0.19973943009972572,
            -0.07766237482428551,
            0.31167397714705347
        ],
        [
            0.14564422890543938,
            0.19642850384116173,
            -0.2185354009270668,
            0.07776374462991953,
            0.03012788249179721,
            0.18549706786870956,
            -0.09044780395925045,
            0.4438326373468501
        ],
        [
            0.13336493633687496,
            0.16617832705378532,
            -0.2099578082561493,
            0.059705451130867004,
            0.024063002783805132,
            0.1791108213365078,
            -0.09346598759293556,
            0.5583700610430444
        ],
        [
            0.1349314022809267,
            0.11086256243288517,
            -0.22211069241166115,
            0.03806862747296691,
            -0.008395470795221627,
            0.17334409058094025,
            -0.094084981828928,
            0.6685022194402825
        ],
        [
            0.12702793814241886,
            0.013832200784236193,
            -0.2376171015202999,
            0.009915927657857537,
            -0.04972872789949179,
            0.12403996661305428,
            -0.10789934545755386,
            0.7874449522623775
        ],
        [
            0.08759556338191032,
            -0.12296955101191998,
            -0.2454131282866001,
            -0.030298614874482155,
            -0.07207250688225031,
            0.014772831927984953,
            -0.13277538120746613,
            0.8931718015337151
        ]
    ],
    "retrieved_0_prompt": "pick up the poke ball and put it in the tray",
    "final_image_shape": [
        672,
        448,
        3
    ]
}