{
    "query_state": [
        -0.14959488809108734,
        0.4951317310333252,
        -0.04191344976425171,
        -2.2572059631347656,
        0.02944510616362095,
        2.5331673622131348,
        -0.09541209042072296,
        0.0
    ],
    "query_prompt": "move the idli plate to the right",
    "inference_time": true,
    "retrieved_0_state": [
        -0.361555814743042,
        0.6214278936386108,
        -0.06909381598234177,
        -2.0928871631622314,
        0.09435708820819855,
        2.4810240268707275,
        -0.26487022638320923,
        0.0
    ],
    "retrieved_0_actions": [
        [
            -0.35182714462280273,
            0.2880672737956047,
            -0.07099097594618797,
            0.43858759105205536,
            0.26223156601190567,
            -0.1308063231408596,
            -0.15881597995758057,
            0.0
        ],
        [
            -0.31263064593076706,
            0.2755737863481045,
            -0.06992008537054062,
            0.44413134455680847,
            0.2545361779630184,
            -0.16401775181293488,
            -0.13205043971538544,
            0.0
        ],
        [
            -0.2955002151429653,
            0.23798365145921707,
            -0.05773008335381746,
            0.44278137385845184,
            0.2674275264143944,
            -0.2196280099451542,
            -0.11689198203384876,
            0.0
        ],
        [
            -0.27035661041736603,
            0.1777590997517109,
            -0.05720880813896656,
            0.41750989854335785,
            0.2748359367251396,
            -0.2705071307718754,
            -0.08469626307487488,
            0.0
        ],
        [
            -0.1125988457351923,
            0.05330263637006283,
            -0.0775619875639677,
            0.258842334151268,
            0.15374554321169853,
            -0.27343539521098137,
            -0.048452671617269516,
            0.0
        ],
        [
            0.0514050992205739,
            0.009070681990124285,
            -0.05371307488530874,
            0.014068864984437823,
            0.05080876871943474,
            -0.015515837585553527,
            -0.032322853803634644,
            0.0
        ],
        [
            0.1109660230576992,
            -0.2629809081554413,
            -0.05854731425642967,
            -0.2279694378376007,
            0.0032416763133369386,
            -0.04148710519075394,
            -0.04864517133682966,
            0.0
        ],
        [
            0.14495233073830605,
            -0.5039877444505692,
            -0.10027349926531315,
            -0.37465404719114304,
            -0.043378095142543316,
            -0.18312742933630943,
            -0.026168255135416985,
            0.0
        ],
        [
            0.14956703409552574,
            -0.5374592170119286,
            -0.15463341027498245,
            -0.33018141984939575,
            -0.07372095249593258,
            -0.32552123069763184,
            0.0038663909072056413,
            0.0
        ],
        [
            0.14744904823601246,
            -0.44663693755865097,
            -0.19629636779427528,
            -0.2183913253247738,
            -0.0721936346963048,
            -0.3468118980526924,
            0.048110936768352985,
            0.0
        ],
        [
            0.11508027091622353,
            -0.24473641067743301,
            -0.21086892113089561,
            -0.03700266359373927,
            -0.044525894336402416,
            -0.35246074199676514,
            0.07705311756581068,
            0.0
        ],
        [
            0.059959725476801395,
            -0.022226860746741295,
            -0.1815781183540821,
            0.12214885093271732,
            0.00024847509848768823,
            -0.31049981713294983,
            0.03348723752424121,
            0.0
        ],
        [
            0.0033517941483296454,
            0.179537795484066,
            -0.12944559566676617,
            0.2345832623541355,
            0.059475647285580635,
            -0.18885144963860512,
            -0.054400782100856304,
            0.0
        ],
        [
            0.012412827927619219,
            0.345076285302639,
            -0.08456115610897541,
            0.302463173866272,
            0.0432393467053771,
            -0.13260732404887676,
            -0.05784142296761274,
            0.0
        ],
        [
            0.08296762593090534,
            0.38822751492261887,
            -0.026461398229002953,
            0.21743986755609512,
            0.002379638608545065,
            0.04426846746355295,
            -0.0453050434589386,
            0.0
        ]
    ],
    "retrieved_0_prompt": "move the idli plate to the right",
    "retrieved_1_state": [
        -0.35171571373939514,
        0.4135420620441437,
        -0.11607098579406738,
        -2.3708975315093994,
        0.052966855466365814,
        2.5329461097717285,
        -0.19350552558898926,
        0.0
    ],