{
    "query_state": [
        0.08092618733644485,
        0.25296223163604736,
        -0.08944528549909592,
        -2.282397508621216,
        -0.24761022627353668,
        2.580822229385376,
        0.12650252878665924,
        0.859030842072499
    ],
    "query_prompt": "pick up the poke ball and put it in the tray",
    "inference_time": true,
    "retrieved_0_state": [
        0.020084068179130554,
        0.11815847456455231,
        -0.2245854139328003,
        -2.367108106613159,
        -0.28921324014663696,
        2.724186420440674,
        0.14728882908821106,
        0.7092511097201413
    ],
    "retrieved_0_actions": [
        [
            -0.30081363394856453,
            -0.3281528502702713,
            -0.12120694853365421,
            -0.21775299683213234,
            -0.4123251885175705,
            -0.10695425793528557,
            0.23462528362870216,
            0.9273127774300354
        ],
        [
            -0.28406504541635513,
            -0.23918654769659042,
            -0.07123672869056463,
            -0.154998991638422,
            -0.35087455064058304,
            -0.09671107865869999,
            0.20165221765637398,
            0.9273127774300354
        ],
        [
            -0.23507090285420418,
            -0.1722765527665615,
            -0.03104182193055749,
            -0.10366065427660942,
            -0.29973404482007027,
            -0.09057199582457542,
            0.18907712772488594,
            0.9273127774300354
        ],
        [
            -0.18808292225003242,
            -0.13295060954988003,
            -0.007904406520538032,
            -0.0661853700876236,
            -0.24867311120033264,
            -0.08985759690403938,
            0.17189109697937965,
            0.9273127774300354
        ],
        [
            -0.14107892289757729,
            -0.11099240742623806,
            0.0035722748725675046,
            -0.04657118581235409,
            -0.2186647616326809,
            -0.08753382600843906,
            0.16585461795330048,
            0.9273127774300354
        ],
        [
            -0.10500560514628887,
            -0.10143867693841457,
            0.011856587370857596,
            -0.03920520655810833,
            -0.1918596774339676,
            -0.08818274363875389,
            0.1589260809123516,
            0.9273127774300354
        ],
        [
            -0.07750308606773615,
            -0.09932002052664757,
            0.025342802982777357,
            -0.03811723319813609,
            -0.15391169115900993,
            -0.09701408445835114,
            0.13759211637079716,
            0.45925110972014127
        ],
        [
            -0.0616286788135767,
            -0.10113116353750229,
            0.035187958274036646,
            -0.03952315077185631,
            -0.1369335874915123,
            -0.09397061541676521,
            0.12409791350364685,
            0.3931718015337151
        ],
        [
            -0.05095374770462513,
            -0.11018387973308563,
            0.0450354628264904,
            -0.028780584689229727,
            -0.12155469506978989,
            -0.10608230717480183,
            0.10973605327308178,
            0.2522026545629503
        ],
        [
            -0.047929128631949425,
            -0.12595291249454021,
            0.046202000230550766,
            -0.022300805430859327,
            -0.12320063076913357,
            -0.1152154989540577,
            0.11133347637951374,
            0.12444934731599844
        ],
        [
            -0.04702374804764986,
            -0.14572818763554096,
            0.03738197265192866,
            -0.017124218866229057,
            -0.17452003434300423,
            -0.13309513218700886,
            0.13842488639056683,
            0.0066078979484344436
        ],
        [
            -0.06269694305956364,
            -0.00037816142139490694,
            0.06001870147883892,
            0.008081475389190018,
            0.009756740764714777,
            -0.009049916407093406,
            -0.017634141258895397,
            0.0
        ],
        [
            0.0,
            0.0,
            0.0,
            0.0,
            0.0,
            0.0,
            0.0,
            0.0
        ],
        [
            0.0,
            0.0,
            0.0,
            0.0,
            0.0,
            0.0,
            0.0,
            0.0
        ],
        [
            0.0,
            0.0,
            0.0,
            0.0,
            0.0,
            0.0,
            0.0,
            0.0
        ]
    ],
    "retrieved_0_prompt": "pick up the poke ball and put it in the tray",
    "retrieved_1_state": [
        0.08661970496177673,
        0.3345589339733124,
        -0.031512465327978134,
        -2.2626335620880127,
        -0.2971718907356262,
        2.773113489151001,
        0.3542967438697815,
        0.0
    ],