{
    "query_state": [
        0.09758057445287704,
        0.24199573695659637,
        0.13132402300834656,
        -2.2623589038848877,
        0.16938714683055878,
        2.202359437942505,
        -0.13366982340812683,
        0.0
    ],
    "query_prompt": "move the squeegee to the right and try to drag it",
    "inference_time": true,
    "retrieved_0_state": [
        0.05402414873242378,
        0.2618204653263092,
        0.1508145034313202,
        -2.172945499420166,
        0.04313713312149048,
        2.4225070476531982,
        -0.8748807907104492,
        0.0
    ],
    "retrieved_0_actions": [
        [
            -0.21887537091970444,
            0.21904157474637032,
            0.19995497539639473,
            -0.12203692458570004,
            0.3553927317261696,
            0.31619537621736526,
            -0.6466025114059448,
            0.0
        ],
        [
            -0.18734276294708252,
            0.30645186081528664,
            0.16295991837978363,
            -0.02166362013667822,
            0.23062905296683311,
            0.30151741579174995,
            -0.48639919608831406,
            0.0
        ],
        [
            -0.17151925712823868,
            0.3642755001783371,
            0.14185369946062565,
            0.08086323738098145,
            0.13739407993853092,
            0.25761527940630913,
            -0.37105631083250046,
            0.0
        ],
        [
            -0.15558474697172642,
            0.3947948291897774,
            0.13189771212637424,
            0.16416529193520546,
            0.054500456899404526,
            0.20446939393877983,
            -0.26722144335508347,
            0.0
        ],
        [
            -0.1472586952149868,
            0.38133565336465836,
            0.12919713743031025,
            0.20978894084692,
            -0.007234257645905018,
            0.1554651279002428,
            -0.18606757745146751,
            0.0
        ],
        [
            -0.13715839013457298,
            0.35681072622537613,
            0.1253262721002102,
            0.2360253594815731,
            -0.049842484295368195,
            0.13997653499245644,
            -0.1205742172896862,
            0.0
        ],
        [
            -0.13998305425047874,
            0.31143100932240486,
            0.1341046392917633,
            0.24412503466010094,
            -0.06945418659597635,
            0.11621401645243168,
            -0.08680769242346287,
            0.0
        ],
        [
            -0.14405196532607079,
            0.2627813071012497,
            0.14387618750333786,
            0.23781057447195053,
            -0.07680341601371765,
            0.09414521045982838,
            -0.06313889287412167,
            0.0
        ],
        [
            -0.14241323806345463,
            0.2075638622045517,
            0.14777479693293571,
            0.21413233131170273,
            -0.08417587727308273,
            0.09006070904433727,
            -0.036456857342273,
            0.25
        ],
        [
            -0.14336233958601952,
            0.15504448674619198,
            0.14936705119907856,
            0.18234224990010262,
            -0.08235305547714233,
            0.08263031952083111,
            -0.01369886682368815,
            0.31167397714705347
        ],
        [
            -0.13835695572197437,
            0.09941677562892437,
            0.1423891168087721,
            0.1456668134778738,
            -0.08614309132099152,
            0.07238898891955614,
            0.008915955550037324,
            0.4438326373468501
        ],
        [
            -0.14105530455708504,
            0.061223627999424934,
            0.13449068181216717,
            0.12247990816831589,
            -0.07641625124961138,
            0.05058983340859413,
            0.03194499993696809,
            0.5715859007668576
        ],
        [
            -0.10805764235556126,
            0.009578404715284705,
            0.037778220139443874,
            0.09564446285367012,
            -0.08223564364016056,
            0.00027229743864154443,
            0.20961204543709755,
            0.7081497824386661
        ],
        [
            -0.0687482301145792,
            -0.035661705769598484,
            -0.08929542265832424,
            0.040506222285330296,
            -0.09414377622306347,
            -0.014586817706003785,
            0.4265223443508148,
            0.813876675536948
        ],
        [
            -0.10051536373794079,
            -0.07297896314412355,
            -0.196116603910923,
            -0.03295261412858963,
            -0.0956104788929224,
            -0.010401176987215877,
            0.5490300431847572,
            0.9372246736579992
        ]
    ],
    "retrieved_0_prompt": "move the squeegee to the right and try to drag it",
    "retrieved_1_state": [
        0.1429106742143631,
        0.1847609430551529,
        0.12369569391012192,
        -2.4509999752044678,
        -0.1300981640815735,
        2.5946221351623535,
        -0.18097832798957825,
        0.0
    ],