{
    "query_state": [
        0.2067280411720276,
        0.9225122332572937,
        0.14155226945877075,
        -1.4460848569869995,
        0.10233847796916962,
        1.9535167217254639,
        -0.2460591346025467,
        1.0
    ],
    "query_prompt": "move the squeegee to the right and try to drag it",
    "inference_time": true,
    "retrieved_0_state": [
        0.21959684789180756,
        0.9293451905250549,
        0.08661937713623047,
        -1.434426188468933,
        -0.17483368515968323,
        2.4731078147888184,
        0.09939055144786835,
        0.7973568320552373
    ],
    "retrieved_0_actions": [
        [
            -0.09099255315959454,
            -0.03776608966290951,
            -0.15974784269928932,
            0.0694382656365633,
            0.170787051320076,
            -0.29726769775152206,
            0.022570090368390083,
            0.9493392080138093
        ],
        [
            -0.18430786207318306,
            -0.03332731081172824,
            -0.14197473414242268,
            0.04691315349191427,
            0.19896095618605614,
            -0.3163449838757515,
            0.022797645069658756,
            0.9493392080138093
        ],
        [
            -0.2774343825876713,
            -0.03906372934579849,
            -0.13526974245905876,
            -0.0005138014967087656,
            0.22188784554600716,
            -0.29330573976039886,
            0.020793918520212173,
            0.9493392080138093
        ],
        [
            -0.3450438007712364,
            -0.03927956335246563,
            -0.12277101166546345,
            -0.031813851092010736,
            0.23271126672625542,
            -0.28978338465094566,
            4.541525868262397e-05,
            0.9493392080138093
        ],
        [
            -0.3721018135547638,
            -0.05553985945880413,
            -0.14132661744952202,
            -0.06014386657625437,
            0.23202469572424889,
            -0.35048656165599823,
            0.017931597540155053,
            0.9493392080138093
        ],
        [
            -0.3857892379164696,
            -0.07332220673561096,
            -0.1445857249200344,
            -0.07938769645988941,
            0.2191673405468464,
            -0.3978220000863075,
            -0.009994546417146921,
            0.9493392080138093
        ],
        [
            -0.3715699166059494,
            -0.07408278528600931,
            -0.15305045992136002,
            -0.07342837285250425,
            0.21416191011667252,
            -0.3904592990875244,
            0.015099785523489118,
            0.9493392080138093
        ],
        [
            -0.352906733751297,
            -0.04912074655294418,
            -0.14399650506675243,
            -0.038770216051489115,
            0.21130597218871117,
            -0.35056326538324356,
            0.014067619340494275,
            0.9493392080138093
        ],
        [
            -0.3392147645354271,
            -0.021622315980494022,
            -0.1289762184023857,
            -0.012436318211257458,
            0.21693462505936623,
            -0.2930040657520294,
            0.013053733855485916,
            0.9493392080138093
        ],
        [
            -0.28010332956910133,
            0.002803446550387889,
            -0.1299742143601179,
            0.010546031408011913,
            0.1792440563440323,
            -0.24817215278744698,
            0.01642613555304706,
            0.9493392080138093
        ],
        [
            0.023088969755917788,
            0.013690658379346132,
            -0.03414280712604523,
            0.022142257075756788,
            0.033796646166592836,
            -0.014251739485189319,
            -0.02132237423211336,
            0.5473568320552373
        ],
        [
            0.0,
            0.0,
            0.0,
            0.0,
            0.0,
            0.0,
            0.0,
            0.5473568320552373
        ],
        [
            0.0,
            0.0,
            0.0,
            0.0,
            0.0,
            0.0,
            0.0,
            0.5473568320552373
        ],
        [
            0.0,
            0.0,
            0.0,
            0.0,
            0.0,
            0.0,
            0.0,
            0.5473568320552373
        ],
        [
            0.0,
            0.0,
            0.0,
            0.0,
            0.0,
            0.0,
            0.0,
            0.5473568320552373
        ]
    ],
    "retrieved_0_prompt": "move the squeegee to the right and try to drag it",
    "retrieved_1_state": [
        0.22127246856689453,
        0.930422306060791,
        0.09948079288005829,
        -1.437788724899292,
        -0.18095192313194275,
        2.484891414642334,
        0.09607706218957901,
        0.748898672718525
    ],