{
    "query_state": [
        -0.005140968598425388,
        0.8155354857444763,
        0.003644328098744154,
        -1.550466775894165,
        0.027965426445007324,
        2.2069222927093506,
        -0.01031015906482935,
        0.0
    ],
    "query_prompt": "move the idli plate to the right",
    "inference_time": true,
    "retrieved_0_state": [
        -0.046051669865846634,
        0.8060675859451294,
        -0.04194800555706024,
        -1.5023213624954224,
        -0.019171103835105896,
        2.213318109512329,
        0.054704856127500534,
        0.0
    ],
    "retrieved_0_actions": [
        [
            -0.07488437928259373,
            0.49263712018728256,
            0.041578030213713646,
            0.6407009065151215,
            0.12503977864980698,
            -0.254227202385664,
            -0.025957028847187757,
            0.0
        ],
        [
            -0.0716241542249918,
            0.45481421053409576,
            0.05090182647109032,
            0.5725769698619843,
            0.11633040383458138,
            -0.2309306152164936,
            -0.03856271971017122,
            0.0
        ],
        [
            -0.06860445719212294,
            0.3886524960398674,
            0.06282556802034378,
            0.4922027513384819,
            0.11230063624680042,
            -0.2065432071685791,
            -0.0592986261472106,
            0.0
        ],
        [
            -0.06328001152724028,
            0.3101350739598274,
            0.06957337725907564,
            0.4056304320693016,
            0.10445882566273212,
            -0.17270535230636597,
            -0.07653213106095791,
            0.0
        ],
        [
            -0.04833288490772247,
            0.23596515879034996,
            0.04997215699404478,
            0.29814954847097397,
            0.07593283895403147,
            -0.0919813010841608,
            -0.07699092384427786,
            0.0
        ],
        [
            -0.06437935400754213,
            0.18034614622592926,
            0.042665041983127594,
            0.213017538189888,
            0.07656486704945564,
            -0.024187362287193537,
            -0.09004626423120499,
            0.0
        ],
        [
            -0.11915718205273151,
            0.1184395793825388,
            0.05456255283206701,
            0.12023736722767353,
            0.11392536573112011,
            0.03451000200584531,
            -0.12020565569400787,
            0.0
        ],
        [
            -0.201017614454031,
            0.06424827966839075,
            0.07607042323797941,
            0.045343912206590176,
            0.17459198832511902,
            0.08849362842738628,
            -0.16253724694252014,
            0.0
        ],
        [
            -0.2658109739422798,
            0.02753326902166009,
            0.09322924539446831,
            -0.014611055376008153,
            0.20985014736652374,
            0.15412932261824608,
            -0.20962083712220192,
            0.0
        ],
        [
            -0.3091076388955116,
            -0.010579440277069807,
            0.08259814232587814,
            -0.0869967695325613,
            0.214842539280653,
            0.24117646738886833,
            -0.2329828403890133,
            0.0
        ],
        [
            -0.34128252416849136,
            -0.026898952201008797,
            0.09080689400434494,
            -0.12788116000592709,
            0.24000763893127441,
            0.2881902642548084,
            -0.240104291588068,
            0.0
        ],
        [
            -0.40375180542469025,
            -0.045593506656587124,
            0.1184238400310278,
            -0.1684318296611309,
            0.3042317181825638,
            0.28738608583807945,
            -0.24981804192066193,
            0.0
        ],
        [
            -0.4479769244790077,
            -0.060018585063517094,
            0.12305531650781631,
            -0.18854042515158653,
            0.3315124660730362,
            0.27321575209498405,
            -0.25907689705491066,
            0.0
        ],
        [
            -0.4782102629542351,
            -0.05460594780743122,
            0.1148258987814188,
            -0.1814073696732521,
            0.33990565687417984,
            0.25863979011774063,
            -0.2642933279275894,
            0.0
        ],
        [
            -0.46343855559825897,
            -0.03592621302232146,
            0.09472907520830631,
            -0.1499271485954523,
            0.31869664788246155,
            0.22311974316835403,
            -0.24956049397587776,
            0.0
        ]
    ],
    "retrieved_0_prompt": "move the idli plate to the right",
    "retrieved_1_state": [
        -0.022563762962818146,
        0.8423113226890564,
        -0.058185070753097534,
        -1.502855658531189,
        -0.12610869109630585,
        2.226818561553955,
        0.1717478483915329,
        0.0
    ],