{
    "query_state": [
        -0.025469176471233368,
        -0.2045738697052002,
        0.006069740280508995,
        -2.404336452484131,
        0.027992090210318565,
        2.1654598712921143,
        -0.010607457719743252,
        0.0
    ],
    "query_prompt": "move the idli plate to the right",
    "inference_time": true,
    "retrieved_0_state": [
        0.06299184262752533,
        0.5227198004722595,
        0.0456908755004406,
        -1.9773578643798828,
        -0.07724269479513168,
        2.3250203132629395,
        0.055262185633182526,
        0.0
    ],
    "retrieved_0_actions": [
        [
            0.15948643907904625,
            0.547083243727684,
            -0.06707281805574894,
            0.6139710918068886,
            -0.0834577064961195,
            -0.08659140206873417,
            0.0793945137411356,
            0.0
        ],
        [
            0.12667854316532612,
            0.427020825445652,
            -0.06934701930731535,
            0.5184785276651382,
            -0.054112477228045464,
            -0.08028781972825527,
            0.07267652079463005,
            0.0
        ],
        [
            0.093446746468544,
            0.30701769515872,
            -0.08420339785516262,
            0.3917035460472107,
            -0.01784927095286548,
            -0.031524249352514744,
            0.11932311579585075,
            0.0
        ],
        [
            0.07970455102622509,
            0.16195975244045258,
            -0.11243268847465515,
            0.20774150267243385,
            0.028756714891642332,
            0.06851048674434423,
            0.22783411666750908,
            0.0
        ],
        [
            0.08498160168528557,
            0.020172237418591976,
            -0.14013136737048626,
            0.0073173356940969825,
            0.047220620326697826,
            0.21846935153007507,
            0.30910227447748184,
            0.0
        ],
        [
            0.09397540241479874,
            -0.11196273379027843,
            -0.16099927946925163,
            -0.20528871566057205,
            0.061903209425508976,
            0.3560452163219452,
            0.36188118159770966,
            0.0
        ],
        [
            0.08291455917060375,
            -0.19512224942445755,
            -0.15488875098526478,
            -0.3691593185067177,
            0.07662385236471891,
            0.4438403993844986,
            0.31936924904584885,
            0.0
        ],
        [
            0.05288251210004091,
            -0.25632312521338463,
            -0.13370780274271965,
            -0.4909498244524002,
            0.10253633372485638,
            0.47911524772644043,
            0.23503964766860008,
            0.0
        ],
        [
            0.0166339089628309,
            -0.2915283292531967,
            -0.11064957827329636,
            -0.5648732930421829,
            0.13155323453247547,
            0.46279024332761765,
            0.15518569387495518,
            0.0
        ],
        [
            -0.02353555988520384,
            -0.2934500388801098,
            -0.10252521373331547,
            -0.5868019908666611,
            0.14611393213272095,
            0.46361014246940613,
            0.08983662351965904,
            0.0
        ],
        [
            -0.08251899853348732,
            -0.26238158345222473,
            -0.08680024184286594,
            -0.5377519503235817,
            0.17442187294363976,
            0.3988511860370636,
            0.02156695816665888,
            0.0
        ],
        [
            -0.17556732520461082,
            -0.2338569425046444,
            -0.06124210078269243,
            -0.4838542640209198,
            0.21667690947651863,
            0.3687676787376404,
            -0.0625559501349926,
            0.0
        ],
        [
            -0.22166354581713676,
            -0.21495399996638298,
            -0.043192976154387,
            -0.42714495211839676,
            0.23719390854239464,
            0.3267613425850868,
            -0.11085174977779388,
            0.0
        ],
        [
            -0.2532553859055042,
            -0.1809288188815117,
            -0.01591786276549101,
            -0.36271072924137115,
            0.25236116722226143,
            0.2781428210437298,
            -0.16809839755296707,
            0.0
        ],
        [
            -0.30074678361415863,
            -0.13765431009232998,
            0.02444506622850895,
            -0.2903883531689644,
            0.28073037043213844,
            0.22861117497086525,
            -0.24610400199890137,
            0.0
        ]
    ],
    "retrieved_0_prompt": "move the idli plate to the right",
    "retrieved_1_state": [
        -0.017266839742660522,
        0.19687910377979279,
        -0.002209860598668456,
        -2.5545413494110107,
        -0.028954124078154564,
        2.633741855621338,
        0.0006701761740259826,
        0.0
    ],