{
    "query_state": [
        -0.030078815296292305,
        -0.4083085358142853,
        0.0015215473249554634,
        -2.520555019378662,
        0.027967290952801704,
        2.105593204498291,
        -0.01110247801989317,
        0.0
    ],
    "query_prompt": "move the idli plate to the right",
    "inference_time": true,
    "retrieved_0_state": [
        0.022249417379498482,
        0.15602082014083862,
        0.04743512347340584,
        -2.2853431701660156,
        -0.037850458174943924,
        2.2947537899017334,
        0.04192395880818367,
        0.0
    ],
    "retrieved_0_actions": [
        [
            0.12638003565371037,
            0.9746542572975159,
            -0.046618408523499966,
            0.8855701982975006,
            -0.206318199634552,
            0.07720934692770243,
            0.1314806193113327,
            0.0
        ],
        [
            0.1474143099039793,
            0.9110933542251587,
            -0.05321697797626257,
            0.825774073600769,
            -0.15897506847977638,
            0.05766863003373146,
            0.10674494318664074,
            0.0
        ],
        [
            0.16326744109392166,
            0.778968334197998,
            -0.059705195017158985,
            0.7638158649206161,
            -0.12271793559193611,
            -0.019907834939658642,
            0.085154352709651,
            0.0
        ],
        [
            0.16738345846533775,
            0.667346641421318,
            -0.061068059876561165,
            0.6954573094844818,
            -0.09648019447922707,
            -0.07277688942849636,
            0.07469826843589544,
            0.0
        ],
        [
            0.15948643907904625,
            0.547083243727684,
            -0.06707281805574894,
            0.6139710918068886,
            -0.0834577064961195,
            -0.08659140206873417,
            0.0793945137411356,
            0.0
        ],
        [
            0.12667854316532612,
            0.427020825445652,
            -0.06934701930731535,
            0.5184785276651382,
            -0.054112477228045464,
            -0.08028781972825527,
            0.07267652079463005,
            0.0
        ],
        [
            0.093446746468544,
            0.30701769515872,
            -0.08420339785516262,
            0.3917035460472107,
            -0.01784927095286548,
            -0.031524249352514744,
            0.11932311579585075,
            0.0
        ],
        [
            0.07970455102622509,
            0.16195975244045258,
            -0.11243268847465515,
            0.20774150267243385,
            0.028756714891642332,
            0.06851048674434423,
            0.22783411666750908,
            0.0
        ],
        [
            0.08498160168528557,
            0.020172237418591976,
            -0.14013136737048626,
            0.0073173356940969825,
            0.047220620326697826,
            0.21846935153007507,
            0.30910227447748184,
            0.0
        ],
        [
            0.09397540241479874,
            -0.11196273379027843,
            -0.16099927946925163,
            -0.20528871566057205,
            0.061903209425508976,
            0.3560452163219452,
            0.36188118159770966,
            0.0
        ],
        [
            0.08291455917060375,
            -0.19512224942445755,
            -0.15488875098526478,
            -0.3691593185067177,
            0.07662385236471891,
            0.4438403993844986,
            0.31936924904584885,
            0.0
        ],
        [
            0.05288251210004091,
            -0.25632312521338463,
            -0.13370780274271965,
            -0.4909498244524002,
            0.10253633372485638,
            0.47911524772644043,
            0.23503964766860008,
            0.0
        ],
        [
            0.0166339089628309,
            -0.2915283292531967,
            -0.11064957827329636,
            -0.5648732930421829,
            0.13155323453247547,
            0.46279024332761765,
            0.15518569387495518,
            0.0
        ],
        [
            -0.02353555988520384,
            -0.2934500388801098,
            -0.10252521373331547,
            -0.5868019908666611,
            0.14611393213272095,
            0.46361014246940613,
            0.08983662351965904,
            0.0
        ],
        [
            -0.08251899853348732,
            -0.26238158345222473,
            -0.08680024184286594,
            -0.5377519503235817,
            0.17442187294363976,
            0.3988511860370636,
            0.02156695816665888,
            0.0
        ]
    ],
    "retrieved_0_prompt": "move the idli plate to the right",
    "retrieved_1_state": [
        -0.02345639280974865,
        -0.40540608763694763,
        -0.00011952682689297944,
        -2.5058953762054443,
        0.026541275903582573,
        2.1212265491485596,
        -0.022467974573373795,
        0.0
    ],