{
    "query_state": [
        -0.11219362169504166,
        0.5830092430114746,
        -0.0430883951485157,
        -2.0135560035705566,
        0.1218700185418129,
        2.3503448963165283,
        -0.03679219260811806,
        0.4581497824386661
    ],
    "query_prompt": "move the idli plate to the right",
    "inference_time": true,
    "retrieved_0_state": [
        -0.14637809991836548,
        0.6645764708518982,
        -0.1414595991373062,
        -2.044936418533325,
        0.1359366774559021,
        2.6609010696411133,
        0.2687494456768036,
        0.0
    ],
    "retrieved_0_actions": [
        [
            -0.39028964936733246,
            0.599982924759388,
            -0.052085607312619686,
            0.6036308407783508,
            0.2527322620153427,
            0.04000640008598566,
            -0.1350495032966137,
            0.0
        ],
        [
            -0.36871135234832764,
            0.5977962166070938,
            -0.0492387730628252,
            0.6620948761701584,
            0.26076899841427803,
            -0.03034405643120408,
            -0.10505172424018383,
            0.0
        ],
        [
            -0.3452444076538086,
            0.5887691676616669,
            -0.045269979164004326,
            0.7031096518039703,
            0.2700561098754406,
            -0.08692121133208275,
            -0.0692896218970418,
            0.0
        ],
        [
            -0.3503776714205742,
            0.5687971413135529,
            -0.036022556014359,
            0.7329434156417847,
            0.28373120352625847,
            -0.16036557033658028,
            -0.042508686892688274,
            0.0
        ],
        [
            -0.3697248175740242,
            0.5513182654976845,
            -0.02993948059156537,
            0.7569633424282074,
            0.30052389949560165,
            -0.23381710052490234,
            -0.016758389538154006,
            0.0
        ],
        [
            -0.35465940833091736,
            0.5393809825181961,
            -0.05271103233098984,
            0.7552395015954971,
            0.2883470989763737,
            -0.24126915261149406,
            0.02761915558949113,
            0.0
        ],
        [
            -0.3372470289468765,
            0.5315703898668289,
            -0.07911461405456066,
            0.7538848370313644,
            0.2786967158317566,
            -0.26398787274956703,
            0.0890942569822073,
            0.0
        ],
        [
            -0.32320480793714523,
            0.4461498558521271,
            -0.07051658816635609,
            0.6859511137008667,
            0.27450235560536385,
            -0.31301267445087433,
            0.10864281095564365,
            0.0
        ],
        [
            -0.2381003461778164,
            0.25636695325374603,
            -0.07628999184817076,
            0.5083662271499634,
            0.23563196882605553,
            -0.285887960344553,
            0.1262298971414566,
            0.0
        ],
        [
            -0.1685815490782261,
            0.018910954240709543,
            -0.0566317280754447,
            0.33463485538959503,
            0.21084878593683243,
            -0.3214513510465622,
            0.09032482281327248,
            0.0
        ],
        [
            0.004838660534005612,
            -0.10848402976989746,
            -0.10543065145611763,
            0.17057765275239944,
            0.07917704991996288,
            -0.30502911657094955,
            0.12454869225621223,
            0.0
        ],
        [
            0.0,
            0.0,
            0.0,
            0.0,
            0.0,
            0.0,
            0.0,
            0.0
        ],
        [
            0.0,
            0.0,
            0.0,
            0.0,
            0.0,
            0.0,
            0.0,
            0.0
        ],
        [
            0.0,
            0.0,
            0.0,
            0.0,
            0.0,
            0.0,
            0.0,
            0.0
        ],
        [
            0.0,
            0.0,
            0.0,
            0.0,
            0.0,
            0.0,
            0.0,
            0.0
        ]
    ],
    "retrieved_0_prompt": "move the idli plate to the right",
    "retrieved_1_state": [
        -0.18636757135391235,
        0.6866788268089294,
        -0.149800643324852,
        -2.00563383102417,
        0.14930890500545502,
        2.660655975341797,
        0.26691529154777527,
        0.0
    ],