{
    "query_state": [
        0.012011058628559113,
        -0.5277968645095825,
        0.014942990615963936,
        -2.479475736618042,
        -0.03411800041794777,
        1.9354132413864136,
        0.03520184010267258,
        0.0
    ],
    "query_prompt": "open the door of the bottom shelf",
    "inference_time": true,
    "retrieved_0_state": [
        0.010951804928481579,
        -0.6165136694908142,
        0.006540793459862471,
        -2.5433425903320312,
        -0.03486384078860283,
        1.9253102540969849,
        0.029188213869929314,
        0.0
    ],
    "retrieved_0_actions": [
        [
            -0.053179794922471046,
            0.39077602326869965,
            0.07373752072453499,
            0.1498840469866991,
            -0.12447025626897812,
            0.3597833216190338,
            0.025868243537843227,
            0.0
        ],
        [
            -0.05876381881535053,
            0.4819508269429207,
            0.08983628824353218,
            0.21379554644227028,
            -0.1525944285094738,
            0.3918464854359627,
            0.04275226965546608,
            0.0
        ],
        [
            -0.0520569970831275,
            0.5629970505833626,
            0.08814908564090729,
            0.2660064212977886,
            -0.13528737239539623,
            0.4148615151643753,
            0.057900259271264076,
            0.0
        ],
        [
            -0.04557706881314516,
            0.6272455304861069,
            0.07473692297935486,
            0.30206022784113884,
            -0.11718933470547199,
            0.44218067079782486,
            0.05149535834789276,
            0.0
        ],
        [
            -0.03292735433205962,
            0.7049248367547989,
            0.05349315237253904,
            0.3418416902422905,
            -0.07855110801756382,
            0.4928942397236824,
            0.04000596236437559,
            0.0
        ],
        [
            -0.03769151400774717,
            0.7549041509628296,
            0.04641558509320021,
            0.361543633043766,
            -0.08880306966602802,
            0.5291442200541496,
            0.040298840031027794,
            0.0
        ],
        [
            -0.03419902175664902,
            0.7828087359666824,
            0.03161420114338398,
            0.37034623324871063,
            -0.08833326399326324,
            0.549088791012764,
            0.010486121755093336,
            0.0
        ],
        [
            -0.0026641259319148958,
            0.8315057307481766,
            -0.002652302209753543,
            0.3992391750216484,
            -0.009567422093823552,
            0.5405248701572418,
            -0.09743998758494854,
            0.0
        ],
        [
            0.013095508329570293,
            0.8254797756671906,
            -0.003919178270734847,
            0.4705141484737396,
            0.021448987536132336,
            0.4471195861697197,
            -0.13767092488706112,
            0.0
        ],
        [
            0.030740343499928713,
            0.8009269088506699,
            0.004949546419084072,
            0.4916520416736603,
            0.05544111132621765,
            0.4335521534085274,
            -0.18701551482081413,
            0.0
        ],
        [
            0.03243163926526904,
            0.735803097486496,
            0.01849837019108236,
            0.47141894698143005,
            0.10061930865049362,
            0.42818959802389145,
            -0.2587275765836239,
            0.0
        ],
        [
            0.02028905786573887,
            0.6156588345766068,
            0.05401919595897198,
            0.44408537447452545,
            0.1681992970407009,
            0.3926325961947441,
            -0.32691769301891327,
            0.0
        ],
        [
            -0.0031371027580462396,
            0.47746259719133377,
            0.1084962859749794,
            0.38872890174388885,
            0.21649660542607307,
            0.3795231878757477,
            -0.3600490465760231,
            0.0
        ],
        [
            -0.017671502428129315,
            0.3600998595356941,
            0.15649814158678055,
            0.3157706931233406,
            0.23002970963716507,
            0.3807500749826431,
            -0.3339403122663498,
            0.0
        ],
        [
            -0.021728877909481525,
            0.29310282319784164,
            0.1612343080341816,
            0.2532988041639328,
            0.19272075966000557,
            0.34035641700029373,
            -0.2614467963576317,
            0.0
        ]
    ],
    "retrieved_0_prompt": "open the door of the bottom shelf",
    "retrieved_1_state": [
        0.010909244418144226,
        -0.5956650376319885,
        0.008385452441871166,
        -2.5431067943573,
        -0.04398011416196823,
        1.9656739234924316,
        0.02969316393136978,
        0.0
    ],