{
    "query_state": [
        0.11708667129278183,
        0.2903411090373993,
        0.041967689990997314,
        -1.9333113431930542,
        -0.23126006126403809,
        2.0779082775115967,
        0.3313065469264984,
        0.0
    ],
    "query_prompt": "open the door of the bottom shelf",
    "inference_time": true,
    "retrieved_0_state": [
        0.014666307717561722,
        0.1467345505952835,
        0.08847257494926453,
        -2.3795313835144043,
        0.010062070563435555,
        2.752145290374756,
        -0.17047621309757233,
        0.5903083549845742
    ],
    "retrieved_0_actions": [
        [
            -0.01060072099789977,
            -0.5501392856240273,
            -0.17367515712976456,
            -0.6821192055940628,
            -0.10136635042726994,
            -0.45943014323711395,
            0.36230042576789856,
            0.8403083549845742
        ],
        [
            -0.037701723631471395,
            -0.6089092046022415,
            -0.19470639526844025,
            -0.6692729145288467,
            -0.1550025586038828,
            -0.5201813951134682,
            0.3605477511882782,
            0.39885933874614354
        ],
        [
            0.04716225899755955,
            -0.0036227054079063237,
            -0.044507808052003384,
            0.005494189681485295,
            0.0019746553152799606,
            -0.0128496706020087,
            0.002773576125036925,
            0.30066079198619067
        ],
        [
            0.0,
            0.0,
            0.0,
            0.0,
            0.0,
            0.0,
            0.0,
            0.30066079198619067
        ],
        [
            0.0,
            0.0,
            0.0,
            0.0,
            0.0,
            0.0,
            0.0,
            0.30066079198619067
        ],
        [
            0.0,
            0.0,
            0.0,
            0.0,
            0.0,
            0.0,
            0.0,
            0.30066079198619067
        ],
        [
            0.0,
            0.0,
            0.0,
            0.0,
            0.0,
            0.0,
            0.0,
            0.30066079198619067
        ],
        [
            0.0,
            0.0,
            0.0,
            0.0,
            0.0,
            0.0,
            0.0,
            0.30066079198619067
        ],
        [
            0.0,
            0.0,
            0.0,
            0.0,
            0.0,
            0.0,
            0.0,
            0.30066079198619067
        ],
        [
            0.0,
            0.0,
            0.0,
            0.0,
            0.0,
            0.0,
            0.0,
            0.30066079198619067
        ],
        [
            0.0,
            0.0,
            0.0,
            0.0,
            0.0,
            0.0,
            0.0,
            0.30066079198619067
        ],
        [
            0.0,
            0.0,
            0.0,
            0.0,
            0.0,
            0.0,
            0.0,
            0.30066079198619067
        ],
        [
            0.0,
            0.0,
            0.0,
            0.0,
            0.0,
            0.0,
            0.0,
            0.30066079198619067
        ],
        [
            0.0,
            0.0,
            0.0,
            0.0,
            0.0,
            0.0,
            0.0,
            0.30066079198619067
        ],
        [
            0.0,
            0.0,
            0.0,
            0.0,
            0.0,
            0.0,
            0.0,
            0.30066079198619067
        ]
    ],
    "retrieved_0_prompt": "open the door of the bottom shelf",
    "retrieved_1_state": [
        0.010171291418373585,
        0.1866534799337387,
        0.08834035694599152,
        -2.335400104522705,
        0.011814825236797333,
        2.7768824100494385,
        -0.1575736403465271,
        0.5903083549845742
    ],
    "retrieved_1_actions": [
        [
            0.006155679002404213,
            -0.5512409657239914,
            -0.1395698171108961,
            -0.7063772529363632,
            -0.03746080445125699,
            -0.4793643206357956,
            0.3066127747297287,
            0.8403083549845742
        ],
        [
            -0.01060072099789977,
            -0.5501392856240273,
            -0.17367515712976456,
            -0.6821192055940628,
            -0.10136635042726994,
            -0.45943014323711395,
            0.36230042576789856,
            0.8403083549845742
        ],
        [
            -0.037701723631471395,
            -0.6089092046022415,
            -0.19470639526844025,
            -0.6692729145288467,
            -0.1550025586038828,
            -0.5201813951134682,
            0.3605477511882782,
            0.39885933874614354
        ],
        [
            0.04716225899755955,
            -0.0036227054079063237,
            -0.044507808052003384,
            0.005494189681485295,
            0.0019746553152799606,
            -0.0128496706020087,
            0.002773576125036925,
            0.30066079198619067
        ],
        [
            0.0,
            0.0,
            0.0,
            0.0,
            0.0,
            0.0,
            0.0,
            0.30066079198619067
        ],
        [
            0.0,
            0.0,
            0.0,
            0.0,
            0.0,
            0.0,
            0.0,
            0.30066079198619067
        ],
        [
            0.0,
            0.0,
            0.0,
            0.0,
            0.0,
            0.0,
            0.0,
            0.30066079198619067
        ],
        [
            0.0,
            0.0,
            0.0,
            0.0,
            0.0,
            0.0,
            0.0,
            0.30066079198619067
        ],
        [
            0.0,
            0.0,
            0.0,
            0.0,
            0.0,
            0.0,
            0.0,
            0.30066079198619067
        ],
        [
            0.0,
            0.0,
            0.0,
            0.0,
            0.0,
            0.0,
            0.0,
            0.30066079198619067
        ],
        [
            0.0,
            0.0,
            0.0,
            0.0,
            0.0,
            0.0,
            0.0,
            0.30066079198619067
        ],
        [
            0.0,
            0.0,
            0.0,
            0.0,
            0.0,
            0.0,
            0.0,
            0.30066079198619067
        ],
        [
            0.0,
            0.0,
            0.0,
            0.0,
            0.0,
            0.0,
            0.0,
            0.30066079198619067
        ],
        [
            0.0,
            0.0,
            0.0,
            0.0,
            0.0,
            0.0,
            0.0,
            0.30066079198619067
        ],
        [
            0.0,
            0.0,
            0.0,
            0.0,
            0.0,
            0.0,
            0.0,
            0.30066079198619067
        ]
    ],
    "retrieved_1_prompt": "open the door of the bottom shelf",
    "retrieved_2_state": [
        0.17283105850219727,
        0.17019023001194,
        0.05949205905199051,
        -2.211930751800537,
        -0.38220638036727905,
        2.6511855125427246,
        0.5895085334777832,
        0.0
    ],