{
    "query_state": [
        -0.11568641662597656,
        0.17048539221286774,
        -0.13496266305446625,
        -2.321575164794922,
        -0.4984903931617737,
        2.416682243347168,
        0.21951524913311005,
        0.0
    ],
    "query_prompt": "pick up the poke ball and put it in the tray",
    "inference_time": true,
    "retrieved_0_state": [
        -0.10676522552967072,
        0.06860452890396118,
        -0.21569806337356567,
        -2.2991092205047607,
        -0.5601170659065247,
        2.4698946475982666,
        0.27938762307167053,
        0.7004405352952845
    ],
    "retrieved_0_actions": [
        [
            -0.06664478220045567,
            -0.021898283157497644,
            0.0074123096419498324,
            -0.008562207804061472,
            -0.10874070227146149,
            -0.1289317011833191,
            0.23689597845077515,
            0.3887665143212867
        ],
        [
            -0.0410642521455884,
            -0.0395218376070261,
            0.017311243573203683,
            -0.005019492236897349,
            -0.11417378671467304,
            -0.13583526946604252,
            0.20773297175765038,
            0.26541849428676345
        ],
        [
            -0.0338407326489687,
            -0.05366106051951647,
            0.021460314746946096,
            -0.0009347533341497183,
            -0.12051812373101711,
            -0.1372130773961544,
            0.18493138253688812,
            0.12004403819009801
        ],
        [
            -0.03234048141166568,
            -0.07844521664083004,
            0.020474169868975878,
            0.015541687607765198,
            -0.14058862812817097,
            -0.15779554843902588,
            0.16577264294028282,
            0.0
        ],
        [
            -0.03605559701099992,
            -0.10540420189499855,
            0.014338931068778038,
            0.029811610002070665,
            -0.17365861684083939,
            -0.168713741004467,
            0.15652405098080635,
            0.0
        ],
        [
            -0.04585994407534599,
            -0.1343839056789875,
            0.007172041805461049,
            0.03665474709123373,
            -0.19348029047250748,
            -0.1766093634068966,
            0.1423162966966629,
            0.0
        ],
        [
            -0.057230875827372074,
            -0.16231320798397064,
            0.0014354965242091566,
            0.033972207456827164,
            -0.203815009444952,
            -0.18921859562397003,
            0.12799112126231194,
            0.0
        ],
        [
            -0.06439357530325651,
            -0.1885485276579857,
            0.006043994217179716,
            0.010506230173632503,
            -0.193292535841465,
            -0.1886030100286007,
            0.07940222509205341,
            0.0
        ],
        [
            0.0,
            0.0,
            0.0,
            0.0,
            0.0,
            0.0,
            0.0,
            0.0
        ],
        [
            0.0,
            0.0,
            0.0,
            0.0,
            0.0,
            0.0,
            0.0,
            0.0
        ],
        [
            0.0,
            0.0,
            0.0,
            0.0,
            0.0,
            0.0,
            0.0,
            0.0
        ],
        [
            0.0,
            0.0,
            0.0,
            0.0,
            0.0,
            0.0,
            0.0,
            0.0
        ],
        [
            0.0,
            0.0,
            0.0,
            0.0,
            0.0,
            0.0,
            0.0,
            0.0
        ],
        [
            0.0,
            0.0,
            0.0,
            0.0,
            0.0,
            0.0,
            0.0,
            0.0
        ],
        [
            0.0,
            0.0,
            0.0,
            0.0,
            0.0,
            0.0,
            0.0,
            0.0
        ]
    ],
    "retrieved_0_prompt": "pick up the poke ball and put it in the tray",
    "retrieved_1_state": [
        -0.11837907880544662,
        0.07052461802959442,
        -0.21764713525772095,
        -2.3039755821228027,
        -0.5602133274078369,
        2.4667375087738037,
        0.29671281576156616,
        0.5947136641104748
    ],
    "retrieved_1_actions": [
        [
            -0.0410642521455884,
            -0.0395218376070261,
            0.017311243573203683,
            -0.005019492236897349,
            -0.11417378671467304,
            -0.13583526946604252,
            0.20773297175765038,
            0.26541849428676345
        ],
        [
            -0.0338407326489687,
            -0.05366106051951647,
            0.021460314746946096,
            -0.0009347533341497183,
            -0.12051812373101711,
            -0.1372130773961544,
            0.18493138253688812,
            0.12004403819009801
        ],
        [
            -0.03234048141166568,
            -0.07844521664083004,
            0.020474169868975878,
            0.015541687607765198,
            -0.14058862812817097,
            -0.15779554843902588,
            0.16577264294028282,
            0.0
        ],
        [
            -0.03605559701099992,
            -0.10540420189499855,
            0.014338931068778038,
            0.029811610002070665,
            -0.17365861684083939,
            -0.168713741004467,
            0.15652405098080635,
            0.0
        ],
        [
            -0.04585994407534599,
            -0.1343839056789875,
            0.007172041805461049,
            0.03665474709123373,
            -0.19348029047250748,
            -0.1766093634068966,
            0.1423162966966629,
            0.0
        ],
        [
            -0.057230875827372074,
            -0.16231320798397064,
            0.0014354965242091566,
            0.033972207456827164,
            -0.203815009444952,
            -0.18921859562397003,
            0.12799112126231194,
            0.0
        ],
        [
            -0.06439357530325651,
            -0.1885485276579857,
            0.006043994217179716,
            0.010506230173632503,
            -0.193292535841465,
            -0.1886030100286007,
            0.07940222509205341,
            0.0
        ],
        [
            0.0,
            0.0,
            0.0,
            0.0,
            0.0,
            0.0,
            0.0,
            0.0
        ],
        [
            0.0,
            0.0,
            0.0,
            0.0,
            0.0,
            0.0,
            0.0,
            0.0
        ],
        [
            0.0,
            0.0,
            0.0,
            0.0,
            0.0,
            0.0,
            0.0,
            0.0
        ],
        [
            0.0,
            0.0,
            0.0,
            0.0,
            0.0,
            0.0,
            0.0,
            0.0
        ],
        [
            0.0,
            0.0,
            0.0,
            0.0,
            0.0,
            0.0,
            0.0,
            0.0
        ],
        [
            0.0,
            0.0,
            0.0,
            0.0,
            0.0,
            0.0,
            0.0,
            0.0
        ],
        [
            0.0,
            0.0,
            0.0,
            0.0,
            0.0,
            0.0,
            0.0,
            0.0
        ],
        [
            0.0,
            0.0,
            0.0,
            0.0,
            0.0,
            0.0,
            0.0,
            0.0
        ]
    ],
    "retrieved_1_prompt": "pick up the poke ball and put it in the tray",
    "retrieved_2_state": [
        -0.04642576724290848,
        0.1941271424293518,
        -0.2092375010251999,
        -2.252939462661743,
        -0.2619054913520813,
        2.6222615242004395,
        0.17445960640907288,
        0.15859033964742275
    ],