{
    "query_state": [
        0.017452498897910118,
        -0.5578320622444153,
        0.009816892445087433,
        -2.5253524780273438,
        -0.028436822816729546,
        1.9677047729492188,
        0.016271967440843582,
        0.0
    ],
    "query_prompt": "pick up the poke ball and put it in the tray",
    "inference_time": true,
    "retrieved_0_state": [
        0.01640835404396057,
        -0.5886904001235962,
        0.01226141955703497,
        -2.5618479251861572,
        -0.025206103920936584,
        2.018548011779785,
        0.02000334858894348,
        0.0
    ],
    "retrieved_0_actions": [
        [
            0.19278442487120628,
            0.2866111509501934,
            0.043137953616678715,
            -0.10930764488875866,
            0.25352947413921356,
            0.5405985191464424,
            -0.10030333884060383,
            0.0
        ],
        [
            0.1885129138827324,
            0.3497627377510071,
            0.026678992435336113,
            -0.14244635589420795,
            0.2950654923915863,
            0.5509393289685249,
            -0.13135011307895184,
            0.0
        ],
        [
            0.15641598030924797,
            0.43100476264953613,
            0.059538460336625576,
            -0.14819331467151642,
            0.25295302271842957,
            0.5691992864012718,
            -0.11329594999551773,
            0.0
        ],
        [
            0.09406873025000095,
            0.48608217388391495,
            0.09978711605072021,
            -0.11926609091460705,
            0.14051305130124092,
            0.5635659024119377,
            -0.0754428468644619,
            0.0
        ],
        [
            0.004305820039007813,
            0.5701712891459465,
            0.14692505821585655,
            -0.05993655417114496,
            -0.04771299660205841,
            0.5354870483279228,
            8.16323790786555e-05,
            0.0
        ],
        [
            -0.02147966530174017,
            -0.0019744540622923523,
            0.023012910969555378,
            0.004459501942619681,
            0.00963277299888432,
            -0.0088837172370404,
            -0.0068403949262574315,
            0.0
        ],
        [
            -0.03204323351383209,
            0.15693698078393936,
            0.01210612477734685,
            0.01156377256847918,
            0.004247983160894364,
            0.24045515805482864,
            -0.03369369311258197,
            0.0
        ],
        [
            -0.036938958801329136,
            0.3522184491157532,
            -0.009693752508610487,
            0.07488111034035683,
            0.03186303423717618,
            0.4070296138525009,
            -0.06372570991516113,
            0.0
        ],
        [
            -0.05873552057892084,
            0.4709082469344139,
            -0.005332673899829388,
            0.13890231028199196,
            -0.009148813551291823,
            0.44320885092020035,
            -0.04300188738852739,
            0.0
        ],
        [
            -0.06175620015710592,
            0.5093474686145782,
            -0.016761095030233264,
            0.1863517053425312,
            -0.0031904419302009046,
            0.3960699588060379,
            -0.05404063034802675,
            0.0
        ],
        [
            -0.036472214851528406,
            0.5256550759077072,
            -0.029757616575807333,
            0.29304903000593185,
            0.08652308955788612,
            0.2370457723736763,
            -0.08674846962094307,
            0.0
        ],
        [
            -0.04364832304418087,
            0.5016261711716652,
            -0.012311125174164772,
            0.315832681953907,
            0.06858705542981625,
            0.15841925516724586,
            -0.05469765514135361,
            0.0
        ],
        [
            -0.06365105044096708,
            0.4707300290465355,
            0.0015570448886137456,
            0.3104565106332302,
            -0.020898720249533653,
            0.12035598047077656,
            0.01397599233314395,
            0.0
        ],
        [
            -0.07568324450403452,
            0.4419257491827011,
            -0.003660396905615926,
            0.29722897335886955,
            -0.1120039913803339,
            0.08303140290081501,
            0.0870335940271616,
            0.0
        ],
        [
            -0.0693739578127861,
            0.42406216263771057,
            -0.01699814572930336,
            0.2840673178434372,
            -0.09336542338132858,
            0.04424706567078829,
            0.07892359048128128,
            0.0
        ]
    ],
    "retrieved_0_prompt": "pick up the poke ball and put it in the tray",
    "retrieved_1_state": [
        -0.0027540067676454782,
        -0.5810613036155701,
        0.003365820972248912,
        -2.541738986968994,
        -0.03550169989466667,
        1.9850314855575562,
        0.01892748288810253,
        0.0
    ],