{
    "query_state": [
        0.11608915776014328,
        -0.3266183137893677,
        0.049451425671577454,
        -2.546159267425537,
        0.016045507043600082,
        2.220095634460449,
        -0.021159416064620018,
        0.0
    ],
    "query_prompt": "pick up the poke ball and put it in the tray",
    "inference_time": true,
    "retrieved_0_state": [
        0.03259061276912689,
        -0.34645402431488037,
        0.03365373611450195,
        -2.5997378826141357,
        -0.03200341388583183,
        2.3881146907806396,
        0.01571785658597946,
        0.0
    ],
    "retrieved_0_actions": [
        [
            0.1489654742181301,
            0.5028780549764633,
            0.09333216585218906,
            0.14879073947668076,
            0.12536116875708103,
            0.42514607310295105,
            -0.07344033103436232,
            0.0
        ],
        [
            0.10194306261837482,
            0.4924202710390091,
            0.1100753154605627,
            0.14150059781968594,
            0.03964560106396675,
            0.4117719829082489,
            -0.05342748947441578,
            0.0
        ],
        [
            -0.010854514548555017,
            -0.003212272422388196,
            0.011482093250378966,
            0.005148185300640762,
            0.005360132781788707,
            -0.01196075463667512,
            -0.004207767196930945,
            0.0
        ],
        [
            -0.007181765395216644,
            0.13620518147945404,
            0.022332044318318367,
            0.0058603775687515736,
            -0.017541944980621338,
            0.16402862966060638,
            -0.005664924392476678,
            0.0
        ],
        [
            -0.0034811621299013495,
            0.26362499222159386,
            0.04537471570074558,
            0.022098124027252197,
            -0.06524828728288412,
            0.30259620398283005,
            0.021152012050151825,
            0.0
        ],
        [
            0.01926884171552956,
            0.3687809407711029,
            0.05956868175417185,
            0.0523196579888463,
            -0.053875138983130455,
            0.40343616157770157,
            0.013709248742088675,
            0.0
        ],
        [
            0.020264112390577793,
            0.4263431578874588,
            0.06562057416886091,
            0.09211402386426926,
            -0.1058697048574686,
            0.4172496497631073,
            0.04564362112432718,
            0.0
        ],
        [
            0.020394648890942335,
            0.4756651073694229,
            0.05321724805980921,
            0.13676761649549007,
            -0.14442721381783485,
            0.39886537939310074,
            0.0693341763690114,
            0.0
        ],
        [
            0.02320690080523491,
            0.5070079118013382,
            0.025719183031469584,
            0.17800798639655113,
            -0.20304935052990913,
            0.3850129246711731,
            0.07599583826959133,
            0.0
        ],
        [
            0.03329886123538017,
            0.520191602408886,
            -0.01724141533486545,
            0.22792138159275055,
            -0.34457266330718994,
            0.33442556858062744,
            0.17563890665769577,
            0.0
        ],
        [
            0.07514168508350849,
            0.4835387319326401,
            -0.10010994970798492,
            0.2564633637666702,
            -0.4772121086716652,
            0.28086479753255844,
            0.2637322433292866,
            0.0
        ],
        [
            0.14436431229114532,
            0.442238412797451,
            -0.20076768472790718,
            0.2754228748381138,
            -0.5416310951113701,
            0.2457854151725769,
            0.29108600690960884,
            0.0
        ],
        [
            0.21875962615013123,
            0.40439676493406296,
            -0.28787776827812195,
            0.2900497615337372,
            -0.5103301256895065,
            0.18506143242120743,
            0.27118176221847534,
            0.0
        ],
        [
            0.2578921243548393,
            0.3668692335486412,
            -0.31038105487823486,
            0.2724732831120491,
            -0.41689433157444,
            0.180450901389122,
            0.20621318370103836,
            0.0
        ],
        [
            0.21634167060256004,
            0.36268897354602814,
            -0.2622232027351856,
            0.2602827921509743,
            -0.47922734171152115,
            0.1906018890440464,
            0.27130456641316414,
            0.0
        ]
    ],
    "retrieved_0_prompt": "pick up the poke ball and put it in the tray",
    "retrieved_1_state": [
        0.07490190863609314,
        0.0197499580681324,
        0.046067312359809875,
        -2.3752291202545166,
        0.054320450872182846,
        2.5694072246551514,
        0.023774277418851852,
        0.0
    ],