{
    "query_state": [
        0.11080513894557953,
        0.18689708411693573,
        0.005213350057601929,
        -1.9072494506835938,
        -0.3778550624847412,
        1.933884859085083,
        0.5087694525718689,
        0.0
    ],
    "query_prompt": "open the door of the bottom shelf",
    "inference_time": true,
    "retrieved_0_state": [
        0.0830480307340622,
        0.12820416688919067,
        0.06988058984279633,
        -2.130571126937866,
        -0.07372774928808212,
        2.4212183952331543,
        0.15904688835144043,
        0.0
    ],
    "retrieved_0_actions": [
        [
            0.1895211637020111,
            0.09757469408214092,
            -0.02827027579769492,
            -0.014812354929745197,
            -0.4077865928411484,
            0.47029804438352585,
            0.6286066025495529,
            0.0
        ],
        [
            0.21725036203861237,
            0.07331251632422209,
            -0.0417454494163394,
            -0.06279738619923592,
            -0.4500775411725044,
            0.4403340443968773,
            0.6539135426282883,
            0.0
        ],
        [
            0.24488121271133423,
            0.09532255120575428,
            -0.0669672666117549,
            -0.08606867864727974,
            -0.5234230682253838,
            0.4062112048268318,
            0.729701817035675,
            0.0
        ],
        [
            0.2512776292860508,
            0.16323838382959366,
            -0.10758819058537483,
            -0.07648717612028122,
            -0.5663944035768509,
            0.3551942855119705,
            0.75445257127285,
            0.0
        ],
        [
            0.24913476780056953,
            0.15637272968888283,
            -0.1548562292009592,
            -0.04519367590546608,
            -0.5590148270130157,
            0.25479285046458244,
            0.7544482499361038,
            0.0
        ],
        [
            0.2224600873887539,
            0.16968807205557823,
            -0.2241799235343933,
            0.007383076008409262,
            -0.526849739253521,
            0.1994289644062519,
            0.6894113123416901,
            0.0
        ],
        [
            0.17464183270931244,
            0.14402936212718487,
            -0.24578554555773735,
            0.04184432327747345,
            -0.43072812259197235,
            0.14690340496599674,
            0.5729551613330841,
            0.0
        ],
        [
            0.131650073453784,
            0.07275673095136881,
            -0.2599681355059147,
            0.04755258094519377,
            -0.3558378294110298,
            0.12028677389025688,
            0.49037519842386246,
            0.0
        ],
        [
            0.09285087697207928,
            0.03671793965622783,
            -0.24306215345859528,
            0.04249105229973793,
            -0.2792409807443619,
            0.11692055501043797,
            0.39918553084135056,
            0.0
        ],
        [
            0.060575506649911404,
            0.009548913221806288,
            -0.19648810848593712,
            0.024889542255550623,
            -0.2023283764719963,
            0.10858438909053802,
            0.3076553903520107,
            0.25
        ],
        [
            0.0406784238293767,
            -0.00021068619389552623,
            -0.14620601199567318,
            0.008119536214508116,
            -0.13438782654702663,
            0.11254183016717434,
            0.23509511724114418,
            0.31167397714705347
        ],
        [
            0.03084808588027954,
            -0.01968118827790022,
            -0.1312193088233471,
            -0.014882358955219388,
            -0.09650818072259426,
            0.1090395450592041,
            0.18240837380290031,
            0.4438326373468501
        ],
        [
            0.00033544023608556017,
            -0.045782262459397316,
            -0.11975415982306004,
            -0.03956039436161518,
            -0.06015084218233824,
            0.10469364002346992,
            0.10587090626358986,
            0.5848017843176149
        ],
        [
            -0.023971402551978827,
            -0.05950693041086197,
            -0.11952769942581654,
            -0.05909135099500418,
            -0.04180554300546646,
            0.10915976017713547,
            0.05577581003308296,
            0.6993392080138093
        ],
        [
            -0.06781595759093761,
            -0.06521339062601328,
            -0.09036698378622532,
            -0.08366327732801437,
            0.0602651946246624,
            0.1151936873793602,
            -0.0586110632866621,
            0.8182819408359043
        ]
    ],
    "retrieved_0_prompt": "open the door of the bottom shelf",
    "retrieved_1_state": [
        0.11819327622652054,
        0.1396697759628296,
        0.06895487010478973,
        -2.1673238277435303,
        -0.20343735814094543,
        2.5684633255004883,
        0.352958083152771,
        0.0
    ],