{
    "query_state": [
        0.01239100657403469,
        -0.36809438467025757,
        0.01987506076693535,
        -2.4283318519592285,
        -0.04460609704256058,
        2.0715866088867188,
        0.04198252037167549,
        0.0
    ],
    "query_prompt": "push the lever on the toaster",
    "inference_time": true,
    "retrieved_0_state": [
        -0.022861046716570854,
        -0.37814652919769287,
        -0.025317564606666565,
        -2.414722442626953,
        -0.03985201567411423,
        2.0157084465026855,
        -0.01829208992421627,
        0.0
    ],
    "retrieved_0_actions": [
        [
            -0.04025822505354881,
            0.644720196723938,
            -0.05552622955292463,
            0.4549850523471832,
            -0.09891730733215809,
            0.1727975532412529,
            -0.15723656862974167,
            0.0
        ],
        [
            -0.044561116956174374,
            0.6140807643532753,
            -0.05671536549925804,
            0.45066915452480316,
            -0.09914685972034931,
            0.15450828708708286,
            -0.1447127666324377,
            0.15659325000000002
        ],
        [
            -0.03926306031644344,
            0.5800458043813705,
            -0.05333272274583578,
            0.4436619207262993,
            -0.0804205983877182,
            0.13451444916427135,
            -0.13179522939026356,
            0.31167397714705347
        ],
        [
            -0.03599869552999735,
            0.5400952696800232,
            -0.03915020264685154,
            0.42398855090141296,
            -0.08151387795805931,
            0.11867244727909565,
            -0.10423858650028706,
            0.4438326373468501
        ],
        [
            -0.029307270888239145,
            0.49924328923225403,
            -0.031012804247438908,
            0.39122696965932846,
            -0.06680019199848175,
            0.11617192067205906,
            -0.08939948864281178,
            0.5715859007668576
        ],
        [
            -0.023597250692546368,
            0.4355919361114502,
            -0.022803843021392822,
            0.3484858199954033,
            -0.066633066162467,
            0.11880931444466114,
            -0.07724793627858162,
            0.6905286335889526
        ],
        [
            -0.017785760574042797,
            0.36987606436014175,
            -0.015450459904968739,
            0.3059000335633755,
            -0.07159516215324402,
            0.10842448100447655,
            -0.0685200747102499,
            0.813876675536948
        ],
        [
            -0.010698795085772872,
            0.29301393777132034,
            -0.0076155271381139755,
            0.2455388940870762,
            -0.06883867084980011,
            0.09525046683847904,
            -0.08017174899578094,
            0.9328193864455708
        ],
        [
            -0.005220554303377867,
            0.21586187183856964,
            -0.0038244982715696096,
            0.17858333885669708,
            -0.09884500876069069,
            0.10544031858444214,
            -0.05227053537964821,
            1.0
        ],
        [
            -0.0015533855184912682,
            0.16795683652162552,
            -0.008312427089549601,
            0.13011733070015907,
            -0.15957485884428024,
            0.1358969509601593,
            -0.006660177605226636,
            1.0
        ],
        [
            -0.005735151935368776,
            0.1483744289726019,
            -0.01924149109981954,
            0.10996733792126179,
            -0.17746461555361748,
            0.1512343529611826,
            0.018453086959198117,
            1.0
        ],
        [
            -0.016754467505961657,
            0.14303991571068764,
            -0.03251217771321535,
            0.11708494275808334,
            -0.15251410193741322,
            0.12381392531096935,
            0.03235446289181709,
            0.9977973569073828
        ],
        [
            -0.025653725024312735,
            0.13570066541433334,
            -0.040692081674933434,
            0.11794144287705421,
            -0.12229446321725845,
            0.09257417172193527,
            0.03397576045244932,
            0.9977973569073828
        ],
        [
            -0.026864574756473303,
            0.1440474670380354,
            -0.03889629151672125,
            0.11429660022258759,
            -0.09873838163912296,
            0.08105427958071232,
            0.02080265199765563,
            0.9977973569073828
        ],
        [
            -0.01948075252585113,
            0.1569235511124134,
            -0.033339213114231825,
            0.11989559978246689,
            -0.09712982922792435,
            0.07572061382234097,
            0.03265578765422106,
            0.9977973569073828
        ]
    ],
    "retrieved_0_prompt": "push the lever on the toaster",
    "retrieved_1_state": [
        -0.028481557965278625,
        -0.26075848937034607,
        -0.029306339100003242,
        -2.351005792617798,
        -0.05196714028716087,
        2.06900954246521,
        -0.03456320986151695,
        0.004405309125900536
    ],