{
    "query_state": [
        -0.10939019918441772,
        0.5631622076034546,
        -0.005746353417634964,
        -1.9023497104644775,
        0.18590541183948517,
        2.3131935596466064,
        0.0006259495858103037,
        0.9911894276295312
    ],
    "query_prompt": "move the idli plate to the right",
    "inference_time": true,
    "retrieved_0_state": [
        -0.09104283899068832,
        0.5573028922080994,
        -0.08332272619009018,
        -2.0519368648529053,
        -0.2645336091518402,
        2.393766403198242,
        -0.06254586577415466,
        0.0
    ],
    "retrieved_0_actions": [
        [
            0.058248769491910934,
            0.40567055344581604,
            0.05385351832956076,
            0.3157379850745201,
            0.058555277064442635,
            -0.041073947213590145,
            -0.1779557205736637,
            0.0
        ],
        [
            0.048711029812693596,
            0.33194180577993393,
            0.04802619107067585,
            0.2540891058743,
            0.06535558495670557,
            -0.022414815612137318,
            -0.16460254788398743,
            0.0
        ],
        [
            -0.022280672565102577,
            0.3596575930714607,
            0.0367053272202611,
            0.27755606919527054,
            0.09867476299405098,
            0.04423747770488262,
            -0.18519479781389236,
            0.0
        ],
        [
            -0.11816003359854221,
            0.3510938212275505,
            0.02391453366726637,
            0.281197726726532,
            0.16498051583766937,
            0.10196726769208908,
            -0.19571486860513687,
            0.0
        ],
        [
            -0.22075073793530464,
            0.31160466372966766,
            0.03012591740116477,
            0.2705970034003258,
            0.23824939504265785,
            0.13035977259278297,
            -0.24369368329644203,
            0.0
        ],
        [
            -0.33465106040239334,
            0.270084235817194,
            0.018300112569704652,
            0.2616693452000618,
            0.3025839477777481,
            0.1595958136022091,
            -0.2852042391896248,
            0.0
        ],
        [
            -0.4678386077284813,
            0.18956299871206284,
            0.003094295971095562,
            0.22646978497505188,
            0.3738998994231224,
            0.15511824749410152,
            -0.3513120859861374,
            0.0
        ],
        [
            -0.545104630291462,
            0.17608406022191048,
            0.00455977045930922,
            0.24024683982133865,
            0.41625358164310455,
            0.11800243519246578,
            -0.40472012013196945,
            0.0
        ],
        [
            -0.5600700527429581,
            0.20643023774027824,
            0.01238291384652257,
            0.2982735075056553,
            0.43018657714128494,
            0.06272743921726942,
            -0.42005687952041626,
            0.0
        ],
        [
            -0.556936077773571,
            0.2496374398469925,
            0.023732767440378666,
            0.38267832249403,
            0.44563379138708115,
            -0.004644520813599229,
            -0.4210374504327774,
            0.0
        ],
        [
            -0.5053367838263512,
            0.30830614268779755,
            0.030031807254999876,
            0.4669550806283951,
            0.42828693985939026,
            -0.05712183192372322,
            -0.38037940859794617,
            0.0
        ],
        [
            -0.44974226504564285,
            0.366075336933136,
            0.009954010602086782,
            0.546649619936943,
            0.3947187215089798,
            -0.10436144657433033,
            -0.300226304680109,
            0.0
        ],
        [
            -0.39083078503608704,
            0.3498704731464386,
            -0.023892049212008715,
            0.5669499933719635,
            0.3526032343506813,
            -0.14921287074685097,
            -0.2107575349509716,
            0.0
        ],
        [
            -0.3663764148950577,
            0.2981352433562279,
            -0.06389751099050045,
            0.5627588182687759,
            0.3234254941344261,
            -0.18686359748244286,
            -0.14530373737215996,
            0.0
        ],
        [
            -0.3329843282699585,
            0.22252174094319344,
            -0.11117840185761452,
            0.5343856662511826,
            0.284056831151247,
            -0.21380949765443802,
            -0.07173772901296616,
            0.0
        ]
    ],
    "retrieved_0_prompt": "move the idli plate to the right",
    "retrieved_1_state": [
        -0.08629359304904938,
        0.6020878553390503,
        -0.07772361487150192,
        -2.0256450176239014,
        -0.2644480764865875,
        2.393584966659546,
        -0.07182707637548447,
        0.0
    ],