{
    "query_state": [
        0.08715102076530457,
        0.3702043294906616,
        -0.014854605309665203,
        -2.276947498321533,
        -0.16919799149036407,
        2.8052175045013428,
        0.06327793747186661,
        0.0
    ],
    "query_prompt": "pick up the poke ball and put it in the tray",
    "inference_time": true,
    "retrieved_0_state": [
        0.04993568733334541,
        0.37281808257102966,
        0.02566896751523018,
        -2.2635297775268555,
        -0.03632213920354843,
        2.848954916000366,
        0.04300737753510475,
        0.0
    ],
    "retrieved_0_actions": [
        [
            0.13004524633288383,
            0.1964273676276207,
            -0.10475248098373413,
            0.20175907760858536,
            -0.12687405571341515,
            0.09079504758119583,
            0.047249626368284225,
            0.0
        ],
        [
            0.20935656502842903,
            0.19073780626058578,
            -0.2253131940960884,
            0.1892680488526821,
            -0.2429189719259739,
            0.08352560922503471,
            0.1296122744679451,
            0.0
        ],
        [
            0.20245270803570747,
            0.18311236053705215,
            -0.23555224761366844,
            0.1819184422492981,
            -0.23829583078622818,
            0.0651488034054637,
            0.13935009017586708,
            0.0
        ],
        [
            0.1702393963932991,
            0.16415636986494064,
            -0.2016298845410347,
            0.16970602795481682,
            -0.18502982333302498,
            0.04522065632045269,
            0.1268227957189083,
            0.25
        ],
        [
            0.1601402647793293,
            0.08942445740103722,
            -0.16030378639698029,
            0.2143724076449871,
            -0.14063073322176933,
            -0.07244536653161049,
            0.13399163261055946,
            0.32929512599676714
        ],
        [
            0.14979894272983074,
            0.03125400748103857,
            -0.14318369328975677,
            0.19658101722598076,
            -0.12035910971462727,
            -0.11786234565079212,
            0.1288553699851036,
            0.4658590076685757
        ],
        [
            0.12401469983160496,
            -0.009532020194455981,
            -0.12351027689874172,
            0.16493629664182663,
            -0.10317669250071049,
            -0.14008148573338985,
            0.11535679921507835,
            0.5759912098927581
        ],
        [
            0.07831008173525333,
            -0.08195332251489162,
            -0.10671340860426426,
            0.08029201067984104,
            -0.08000938221812248,
            -0.14570449478924274,
            0.08973619900643826,
            0.6949339427148531
        ],
        [
            0.04434170201420784,
            -0.20546037703752518,
            -0.10651706717908382,
            -0.037064149510115385,
            -0.0672998046502471,
            -0.17454620450735092,
            0.07532825693488121,
            0.7962555266872344
        ],
        [
            0.050176894292235374,
            -0.353977270424366,
            -0.1434008590877056,
            -0.16467981040477753,
            -0.10777723044157028,
            -0.23430248722434044,
            0.08995397016406059,
            0.8623348129601884
        ],
        [
            0.0022753367375116795,
            -0.5023382604122162,
            -0.14248061925172806,
            -0.30803343281149864,
            -0.11431185528635979,
            -0.27108969166874886,
            0.07122070994228125,
            0.8887665143212867
        ],
        [
            -0.024749846197664738,
            -0.580316036939621,
            -0.19622888416051865,
            -0.3980916365981102,
            -0.17582805827260017,
            -0.2542695961892605,
            0.12095725163817406,
            0.946035248082856
        ],
        [
            -0.06118121091276407,
            -0.6441429257392883,
            -0.2610262297093868,
            -0.4598548263311386,
            -0.26893021538853645,
            -0.2281973697245121,
            0.1893875002861023,
            0.9306167428393566
        ],
        [
            -0.10967371053993702,
            -0.6552159786224365,
            -0.29127342626452446,
            -0.4712095111608505,
            -0.3728312999010086,
            -0.20639406517148018,
            0.2390601858496666,
            0.9273127774300354
        ],
        [
            -0.16874147579073906,
            -0.5934279784560204,
            -0.2606166899204254,
            -0.4308037832379341,
            -0.42839188128709793,
            -0.17364393919706345,
            0.25892348960042,
            0.9273127774300354
        ]
    ],
    "retrieved_0_prompt": "pick up the poke ball and put it in the tray",
    "retrieved_1_state": [
        0.06228085607290268,
        0.39805665612220764,
        0.020117122679948807,
        -2.234584331512451,
        -0.05138465762138367,
        2.8489928245544434,
        0.044220276176929474,
        0.0
    ],