{
    "query_state": [
        0.002239435212686658,
        -0.5979539155960083,
        -0.007019867189228535,
        -2.5149030685424805,
        -0.0194756630808115,
        1.9198508262634277,
        0.008944590575993061,
        0.0
    ],
    "query_prompt": "place the apple next to the can",
    "inference_time": true,
    "retrieved_0_state": [
        0.6167873740196228,
        0.674591064453125,
        0.2100173681974411,
        -1.457810878753662,
        -0.02234162576496601,
        1.9898911714553833,
        0.29221096634864807,
        0.24669608389599096
    ],
    "retrieved_0_actions": [
        [
            -0.01963079208508134,
            0.027830784674733877,
            0.030352629255503416,
            0.048550935462117195,
            -0.02368833404034376,
            -0.027863592840731144,
            0.0126264663413167,
            0.0
        ],
        [
            0.0,
            0.0,
            0.0,
            0.0,
            0.0,
            0.0,
            0.0,
            0.0
        ],
        [
            0.0,
            0.0,
            0.0,
            0.0,
            0.0,
            0.0,
            0.0,
            0.0
        ],
        [
            0.0,
            0.0,
            0.0,
            0.0,
            0.0,
            0.0,
            0.0,
            0.0
        ],
        [
            0.0,
            0.0,
            0.0,
            0.0,
            0.0,
            0.0,
            0.0,
            0.0
        ],
        [
            0.0,
            0.0,
            0.0,
            0.0,
            0.0,
            0.0,
            0.0,
            0.0
        ],
        [
            0.0,
            0.0,
            0.0,
            0.0,
            0.0,
            0.0,
            0.0,
            0.0
        ],
        [
            0.0,
            0.0,
            0.0,
            0.0,
            0.0,
            0.0,
            0.0,
            0.0
        ],
        [
            0.0,
            0.0,
            0.0,
            0.0,
            0.0,
            0.0,
            0.0,
            0.0
        ],
        [
            0.0,
            0.0,
            0.0,
            0.0,
            0.0,
            0.0,
            0.0,
            0.0
        ],
        [
            0.0,
            0.0,
            0.0,
            0.0,
            0.0,
            0.0,
            0.0,
            0.0
        ],
        [
            0.0,
            0.0,
            0.0,
            0.0,
            0.0,
            0.0,
            0.0,
            0.0
        ],
        [
            0.0,
            0.0,
            0.0,
            0.0,
            0.0,
            0.0,
            0.0,
            0.0
        ],
        [
            0.0,
            0.0,
            0.0,
            0.0,
            0.0,
            0.0,
            0.0,
            0.0
        ],
        [
            0.0,
            0.0,
            0.0,
            0.0,
            0.0,
            0.0,
            0.0,
            0.0
        ]
    ],
    "retrieved_0_prompt": "move pot to the left",
    "retrieved_1_state": [
        0.571601927280426,
        0.7154054641723633,
        0.21149642765522003,
        -1.5596892833709717,
        0.0010494552552700043,
        2.057563543319702,
        0.47761550545692444,
        0.9691629949913692
    ],
    "retrieved_1_actions": [
        [
            0.13672633096575737,
            0.2767079509794712,
            0.02922623883932829,
            0.4372880235314369,
            -0.09589092805981636,
            -0.28763050213456154,
            -0.266020055860281,
            0.9922907487478423
        ],
        [
            0.12149617075920105,
            0.2355184406042099,
            0.013238039100542665,
            0.41707467287778854,
            -0.10313963517546654,
            -0.28980646282434464,
            -0.2623504213988781,
            0.9922907487478423
        ],
        [
            0.10088886134326458,
            0.16365744173526764,
            -0.0024554505944252014,
            0.3531648591160774,
            -0.10756818577647209,
            -0.2653113566339016,
            -0.2505175769329071,
            0.9922907487478423
        ],
        [
            0.0684304116293788,
            0.10733289644122124,
            -0.004465971142053604,
            0.30347783118486404,
            -0.08721420541405678,
            -0.265099611133337,
            -0.2392989955842495,
            0.8496167487478423
        ],
        [
            0.04334292374551296,
            0.011188182979822159,
            -0.01827404135838151,
            0.2147144265472889,
            -0.10438956320285797,
            -0.23077180609107018,
            -0.2314184606075287,
            0.6662995593989643
        ],
        [
            0.002852367761079222,
            -0.10982806794345379,
            -0.01815550262108445,
            0.11375031433999538,
            -0.09860053658485413,
            -0.19522814080119133,
            -0.2286679856479168,
            0.5253303959930953
        ],
        [
            -0.03425671951845288,
            -0.22448856383562088,
            -0.016310205683112144,
            0.013495029415935278,
            -0.08968979120254517,
            -0.17323128879070282,
            -0.2197100967168808,
            0.4019823759585719
        ],
        [
            -0.08551805280148983,
            -0.445282943546772,
            -0.01245330204255879,
            -0.16644805669784546,
            -0.08510909043252468,
            -0.14268798753619194,
            -0.20478373393416405,
            0.283039643136477
        ],
        [
            -0.13922138139605522,
            -0.6859279423952103,
            -0.002478107635397464,
            -0.35781387239694595,
            -0.06291239988058805,
            -0.13103880919516087,
            -0.17609143629670143,
            0.16409691031438212
        ],
        [
            -0.15194653533399105,
            -0.7616754621267319,
            -0.002099972771247849,
            -0.4410133510828018,
            -0.059860930778086185,
            -0.13165640644729137,
            -0.11042652651667595,
            0.040748912193330766
        ],
        [
            -0.01963079208508134,
            0.027830784674733877,
            0.030352629255503416,
            0.048550935462117195,
            -0.02368833404034376,
            -0.027863592840731144,
            0.0126264663413167,
            0.0
        ],
        [
            0.0,
            0.0,
            0.0,
            0.0,
            0.0,
            0.0,
            0.0,
            0.0
        ],
        [
            0.0,
            0.0,
            0.0,
            0.0,
            0.0,
            0.0,
            0.0,
            0.0
        ],
        [
            0.0,
            0.0,
            0.0,
            0.0,
            0.0,
            0.0,
            0.0,
            0.0
        ],
        [
            0.0,
            0.0,
            0.0,
            0.0,
            0.0,
            0.0,
            0.0,
            0.0
        ]
    ],
    "retrieved_1_prompt": "move pot to the left",
    "retrieved_2_state": [
        0.6279656291007996,
        0.7287827730178833,
        0.21073120832443237,
        -1.4464129209518433,
        -0.021104780957102776,
        1.9963446855545044,
        0.30035144090652466,
        0.36563877289114166
    ],