{
    "query_state": [
        0.27814868092536926,
        0.28099319338798523,
        0.10727757215499878,
        -2.124824047088623,
        -0.20379693806171417,
        2.134195566177368,
        -0.005223398096859455,
        0.0
    ],
    "query_prompt": "move the can to the tray",
    "inference_time": true,
    "retrieved_0_state": [
        -0.2836119532585144,
        0.38585421442985535,
        -0.1443299949169159,
        -2.3614673614501953,
        -0.06521777808666229,
        2.745302438735962,
        -0.36558154225349426,
        0.0
    ],
    "retrieved_0_actions": [
        [
            -0.13386121951043606,
            -0.1980782486498356,
            0.1340269111096859,
            -0.22459989413619041,
            0.0683150440454483,
            0.24666693061590195,
            -0.14599760994315147,
            0.0
        ],
        [
            -0.14096656814217567,
            -0.19206564873456955,
            0.1380162313580513,
            -0.23022936657071114,
            0.07213135249912739,
            0.22987471893429756,
            -0.15265910886228085,
            0.0
        ],
        [
            -0.1460334938019514,
            -0.1996244303882122,
            0.14525108970701694,
            -0.24033727124333382,
            0.06974839605391026,
            0.21672293543815613,
            -0.16459042206406593,
            0.0
        ],
        [
            -0.16633287072181702,
            -0.2091803215444088,
            0.1724570244550705,
            -0.24557804688811302,
            0.08012752048671246,
            0.19302787259221077,
            -0.2103426679968834,
            0.0
        ],
        [
            -0.21954620257019997,
            -0.20310215651988983,
            0.23381996899843216,
            -0.2230479009449482,
            0.12072642333805561,
            0.10090422816574574,
            -0.3162502124905586,
            0.0
        ],
        [
            -0.22736281156539917,
            -0.1732156053185463,
            0.243367999792099,
            -0.17958495765924454,
            0.1390072051435709,
            0.002363966777920723,
            -0.3613240271806717,
            0.0
        ],
        [
            -0.16390537843108177,
            -0.1510815229266882,
            0.17577938735485077,
            -0.15501486137509346,
            0.10855315253138542,
            -0.005132691585458815,
            -0.2712206356227398,
            0.0
        ],
        [
            -0.06303227506577969,
            -0.17568977549672127,
            0.06571088917553425,
            -0.16781270503997803,
            0.03939115907996893,
            0.012287114514037967,
            -0.10651136748492718,
            0.0
        ],
        [
            -0.022835403215140104,
            -0.23246485739946365,
            0.01018629758618772,
            -0.19808627665042877,
            0.005489444592967629,
            0.01931727398186922,
            -0.03420624881982803,
            0.0
        ],
        [
            0.036617876030504704,
            -0.2468978613615036,
            -0.062268883921206,
            -0.20098404958844185,
            -0.03299978096038103,
            0.04456380847841501,
            0.08528399281203747,
            0.0
        ],
        [
            0.038235022220760584,
            -0.2579592540860176,
            -0.0694143958389759,
            -0.21045412868261337,
            -0.008417870849370956,
            0.0682181678712368,
            0.10838868096470833,
            0.0
        ],
        [
            0.029570860788226128,
            -0.23475443944334984,
            -0.06956728640943766,
            -0.19604751840233803,
            0.004809828533325344,
            0.06561350077390671,
            0.08485948666930199,
            0.0
        ],
        [
            0.023458770010620356,
            -0.1879369467496872,
            -0.07092797663062811,
            -0.15700243413448334,
            0.012586573138833046,
            0.03691436955705285,
            0.06073583848774433,
            0.0
        ],
        [
            0.005893746856600046,
            -0.12769607827067375,
            -0.05758505314588547,
            -0.11057913303375244,
            0.026872963644564152,
            0.023516262881457806,
            0.015757008222863078,
            0.0
        ],
        [
            -0.015152253909036517,
            -0.07449921686202288,
            -0.03359267022460699,
            -0.06290387827903032,
            0.054145241156220436,
            -0.0005699832763639279,
            -0.021814689971506596,
            0.0
        ]
    ],
    "retrieved_0_prompt": "pour the contents of the mug into the bowl",
    "retrieved_1_state": [
        0.04375368356704712,
        0.21411189436912537,
        0.03830702230334282,
        -2.682605504989624,
        -0.1603459268808365,
        2.5811500549316406,
        -0.03244778513908386,
        0.5903083549845742
    ],