{
    "query_state": [
        0.03472519293427467,
        0.09521327912807465,
        -0.0007367482176050544,
        -2.570215940475464,
        -0.06839736551046371,
        2.5448362827301025,
        0.14853346347808838,
        0.9911894276295312
    ],
    "query_prompt": "move the marker to the tray",
    "inference_time": true,
    "retrieved_0_state": [
        -0.2290557324886322,
        0.22898855805397034,
        -0.2525513470172882,
        -2.4842631816864014,
        -0.11544843018054962,
        2.648921012878418,
        -0.3560192584991455,
        0.0
    ],
    "retrieved_0_actions": [
        [
            -0.1757572777569294,
            0.30901653692126274,
            0.22946802899241447,
            0.2681778557598591,
            0.20777123048901558,
            0.10003283619880676,
            -0.18204925581812859,
            0.0
        ],
        [
            -0.18156442791223526,
            0.27546029537916183,
            0.22696930915117264,
            0.24915793910622597,
            0.191683117300272,
            0.08366732858121395,
            -0.16811244189739227,
            0.0
        ],
        [
            -0.18152659758925438,
            0.24778902530670166,
            0.2120361104607582,
            0.22190358489751816,
            0.17048127949237823,
            0.08723869919776917,
            -0.1559545285999775,
            0.0
        ],
        [
            -0.18070155754685402,
            0.23390352725982666,
            0.19226185977458954,
            0.19736381247639656,
            0.1366088818758726,
            0.12129994109272957,
            -0.15705261379480362,
            0.0
        ],
        [
            -0.1799188181757927,
            0.21458972245454788,
            0.17750579863786697,
            0.18040167167782784,
            0.11363636702299118,
            0.1564805582165718,
            -0.17280478030443192,
            0.0
        ],
        [
            -0.17543844878673553,
            0.1870342344045639,
            0.16855819150805473,
            0.16689956188201904,
            0.10304697789251804,
            0.15390006825327873,
            -0.16306458041071892,
            0.0
        ],
        [
            -0.17334694042801857,
            0.15744542703032494,
            0.16413463279604912,
            0.14542020857334137,
            0.10332328267395496,
            0.15039265155792236,
            -0.1588059775531292,
            0.0
        ],
        [
            -0.16928592696785927,
            0.12137206271290779,
            0.1578628085553646,
            0.11633099988102913,
            0.10727554559707642,
            0.1386191975325346,
            -0.1545179821550846,
            0.0
        ],
        [
            -0.1509108953177929,
            0.08015254512429237,
            0.13956692069768906,
            0.07566587533801794,
            0.09390461258590221,
            0.14200754463672638,
            -0.1356174424290657,
            0.0
        ],
        [
            -0.13015522621572018,
            0.03782062325626612,
            0.12050677090883255,
            0.030559971928596497,
            0.07967859506607056,
            0.16176726669073105,
            -0.11327145621180534,
            0.0
        ],
        [
            -0.12062335386872292,
            -0.03005553735420108,
            0.11520618572831154,
            -0.03003269201144576,
            0.07680734153836966,
            0.1903991587460041,
            -0.10453597642481327,
            0.0
        ],
        [
            -0.10973422788083553,
            -0.10600486770272255,
            0.1098510343581438,
            -0.09863209910690784,
            0.06312737241387367,
            0.2258383110165596,
            -0.09756005369126797,
            0.0
        ],
        [
            -0.11252542957663536,
            -0.17387568950653076,
            0.1182691939175129,
            -0.16561103984713554,
            0.059030246920883656,
            0.24089571088552475,
            -0.11363701894879341,
            0.0
        ],
        [
            -0.12010733596980572,
            -0.19986184313893318,
            0.12438617646694183,
            -0.2109057642519474,
            0.05691030062735081,
            0.2591881714761257,
            -0.13092110864818096,
            0.0
        ],
        [
            -0.13386121951043606,
            -0.1980782486498356,
            0.1340269111096859,
            -0.22459989413619041,
            0.0683150440454483,
            0.24666693061590195,
            -0.14599760994315147,
            0.0
        ]
    ],
    "retrieved_0_prompt": "pour the contents of the mug into the bowl",
    "retrieved_1_state": [
        -0.2178344875574112,
        0.01808319054543972,
        -0.28228655457496643,
        -2.525467872619629,
        -0.16879060864448547,
        2.4959769248962402,
        -0.3374992907047272,
        0.0
    ],