{
    "query_state": [
        -0.20598335564136505,
        0.15052758157253265,
        -0.16132397949695587,
        -2.407139539718628,
        0.04012257605791092,
        2.3648574352264404,
        0.021307459101080894,
        0.9823788552590624
    ],
    "query_prompt": "place the apple next to the can",
    "inference_time": true,
    "retrieved_0_state": [
        0.0935533195734024,
        -0.3990054130554199,
        0.0644199401140213,
        -2.5999176502227783,
        -0.04809345304965973,
        1.9662150144577026,
        -0.1436147540807724,
        0.9911894276295312
    ],
    "retrieved_0_actions": [
        [
            0.1385713554918766,
            -0.225828867405653,
            0.12820991687476635,
            0.048865750432014465,
            0.15706878155469894,
            -0.3277936205267906,
            0.23610131815075874,
            0.9977973569073828
        ],
        [
            -0.00019144923498970456,
            0.024944688193500042,
            0.010997951030731201,
            0.06327691487967968,
            0.06020583678036928,
            -0.07205076515674591,
            0.1610945165157318,
            0.9977973569073828
        ],
        [
            -0.09551082737743855,
            0.11487176641821861,
            -0.06845565047115088,
            0.09648514911532402,
            0.01693801605142653,
            -0.0016596357454545796,
            0.13812136836349964,
            0.9977973569073828
        ],
        [
            -0.13085282407701015,
            0.02398340031504631,
            -0.10464154183864594,
            0.12208587490022182,
            0.011672661639750004,
            -0.10214339941740036,
            0.11529398150742054,
            0.9977973569073828
        ],
        [
            -0.12742354534566402,
            -0.020670623052865267,
            -0.10885319672524929,
            0.10111695155501366,
            0.0022893490677233785,
            -0.13724364340305328,
            0.0783848762512207,
            0.9977973569073828
        ],
        [
            -0.10945192538201809,
            0.017433423781767488,
            -0.09329385124146938,
            0.06755312439054251,
            -0.0037744766450487077,
            -0.09718346409499645,
            0.061265905387699604,
            0.9977973569073828
        ],
        [
            -0.08411731570959091,
            0.04506245255470276,
            -0.0722641171887517,
            0.060708480887115,
            0.016962382942438126,
            -0.11446981690824032,
            0.07027170155197382,
            0.7411894276295312
        ],
        [
            -0.059044575318694115,
            0.07763467263430357,
            -0.046937502920627594,
            0.07025728933513165,
            0.009278287761844695,
            -0.10163909755647182,
            0.05210546310991049,
            0.6883259899827383
        ],
        [
            -0.04706609062850475,
            0.09830390103161335,
            -0.03522030310705304,
            0.08015166968107224,
            -0.001807055959943682,
            -0.08196272887289524,
            0.043443506583571434,
            0.5517621192676658
        ],
        [
            -0.041311103850603104,
            0.10448676533997059,
            -0.03221811726689339,
            0.09295332245528698,
            -0.010881328489631414,
            -0.07803244050592184,
            0.027806651778519154,
            0.42400881202071394
        ],
        [
            -0.0381419830955565,
            0.10254267603158951,
            -0.02883070381358266,
            0.10030432604253292,
            -0.019893047865480185,
            -0.07944057695567608,
            0.01946817967109382,
            0.3050661011120912
        ],
        [
            -0.0341430795378983,
            0.10562557727098465,
            -0.024048020131886005,
            0.10767382569611073,
            -0.03224037354812026,
            -0.08621355518698692,
            0.009124467032961547,
            0.18171805916409567
        ],
        [
            -0.0338601553812623,
            0.09819155558943748,
            -0.022600581869482994,
            0.10929567739367485,
            -0.03233990864828229,
            -0.08567254990339279,
            0.01438012346625328,
            0.06277532634200078
        ],
        [
            -0.035891381558030844,
            0.08712444454431534,
            -0.02462593372911215,
            0.10966489091515541,
            -0.03101868787780404,
            -0.0824135635048151,
            0.017735393485054374,
            0.0
        ],
        [
            -0.04502303432673216,
            0.0738114258274436,
            -0.023751845583319664,
            0.1022086851298809,
            -0.04922125954180956,
            -0.0646402407437563,
            0.03305314341560006,
            0.0
        ]
    ],
    "retrieved_0_prompt": "put the cable in the bowl",
    "retrieved_1_state": [
        0.05407250300049782,
        -0.3511628210544586,
        0.029728000983595848,
        -2.600257396697998,
        -0.07302448898553848,
        2.027473211288452,
        -0.1787615269422531,
        0.9911894276295312
    ],