{
    "query_state": [
        0.011369781568646431,
        -0.3270447552204132,
        0.04069244861602783,
        -2.4231083393096924,
        -0.024415351450443268,
        2.0917043685913086,
        0.028567232191562653,
        0.0
    ],
    "query_prompt": "move the can to the tray",
    "inference_time": true,
    "retrieved_0_state": [
        0.024001024663448334,
        -0.14395196735858917,
        0.032796263694763184,
        -2.5700032711029053,
        -0.03177720308303833,
        2.2470123767852783,
        0.04131484404206276,
        0.0
    ],
    "retrieved_0_actions": [
        [
            0.10376313701272011,
            0.5814787372946739,
            0.06841934286057949,
            0.16437049955129623,
            0.1742958277463913,
            0.14112510718405247,
            -0.09327556006610394,
            0.0
        ],
        [
            0.11217601597309113,
            0.528792105615139,
            0.09503651410341263,
            0.15486116521060467,
            0.20154671743512154,
            0.10237042792141438,
            -0.1052495650947094,
            0.0
        ],
        [
            0.11692185886204243,
            0.48593442887067795,
            0.11870988644659519,
            0.1499104779213667,
            0.18874846398830414,
            0.0783319491893053,
            -0.09989953599870205,
            0.0
        ],
        [
            0.12382174842059612,
            0.4198741912841797,
            0.13873422518372536,
            0.1592215895652771,
            0.19706496968865395,
            0.023466632701456547,
            -0.07715254556387663,
            0.0
        ],
        [
            0.10850966908037663,
            0.35523954778909683,
            0.1311584934592247,
            0.16878178343176842,
            0.2042185328900814,
            -0.009754925849847496,
            -0.07524420972913504,
            0.0
        ],
        [
            0.08633391931653023,
            0.28705282136797905,
            0.11112337931990623,
            0.1696752943098545,
            0.18896197900176048,
            -0.03286684164777398,
            -0.07122150622308254,
            0.0
        ],
        [
            0.053105843253433704,
            0.22489923983812332,
            0.08219932205975056,
            0.15393531881272793,
            0.17794210463762283,
            -0.036584241315722466,
            -0.0913381576538086,
            0.0
        ],
        [
            0.017638459103181958,
            0.1923884078860283,
            0.021362206898629665,
            0.16751231625676155,
            0.10152165777981281,
            -0.049263667315244675,
            -0.0753885880112648,
            0.0
        ],
        [
            0.05241445265710354,
            -0.011024465784430504,
            -0.020348294638097286,
            0.012709756847470999,
            -0.013353388058021665,
            -0.024147992953658104,
            0.11963189579546452,
            0.0
        ],
        [
            0.08662509731948376,
            0.21767431870102882,
            -0.0334922201000154,
            0.09705780074000359,
            -0.057162162847816944,
            0.18165187910199165,
            0.23183263838291168,
            0.0
        ],
        [
            0.0770048564299941,
            0.2487098053097725,
            -0.027702520601451397,
            0.11177845299243927,
            -0.014742593048140407,
            0.2503313682973385,
            0.18907180055975914,
            0.0
        ],
        [
            0.07436102256178856,
            0.14431371353566647,
            -0.028422283940017223,
            0.0889439694583416,
            -0.010184467537328601,
            0.1429196633398533,
            0.1501675322651863,
            0.0
        ],
        [
            0.06643026601523161,
            0.10877620428800583,
            -0.04190690349787474,
            0.07582093589007854,
            -0.03990915138274431,
            0.06522486452013254,
            0.10126741603016853,
            0.0
        ],
        [
            0.055994405411183834,
            0.1165528129786253,
            -0.05915074609220028,
            0.06426154635846615,
            -0.06231736857444048,
            0.037671022582799196,
            0.07065058220177889,
            0.0
        ],
        [
            0.06526353303343058,
            0.1737292855978012,
            -0.09013745002448559,
            0.05819947458803654,
            -0.14287407509982586,
            0.08275963366031647,
            0.07808538619428873,
            0.0
        ]
    ],
    "retrieved_0_prompt": "move pan to the left",
    "retrieved_1_state": [
        -0.01745133101940155,
        -0.5548073053359985,
        0.006730587687343359,
        -2.5292861461639404,
        -0.03269181028008461,
        1.9539748430252075,
        0.09580907970666885,
        0.0
    ],