{
    "query_state": [
        0.06891898810863495,
        -0.24668149650096893,
        0.13023516535758972,
        -2.432654619216919,
        -0.0045708706602454185,
        2.128507137298584,
        0.16919489204883575,
        0.0
    ],
    "query_prompt": "place the apple next to the can",
    "inference_time": true,
    "retrieved_0_state": [
        -0.015609283931553364,
        -0.5867960453033447,
        -0.0014146268367767334,
        -2.5186808109283447,
        0.027187492698431015,
        1.9257603883743286,
        -0.023459920659661293,
        0.0
    ],
    "retrieved_0_actions": [
        [
            -0.08949550800025463,
            0.5030257254838943,
            -0.09084510616958141,
            0.27909601107239723,
            -0.11915236711502075,
            0.19581912085413933,
            0.008348274859599769,
            0.0
        ],
        [
            -0.10437660850584507,
            0.5948980897665024,
            -0.10095059871673584,
            0.3595982864499092,
            -0.13177822344005108,
            0.2232082188129425,
            0.01489270362071693,
            0.0
        ],
        [
            -0.10427315719425678,
            0.6535196304321289,
            -0.10632903315126896,
            0.443015918135643,
            -0.13425130397081375,
            0.22081445902585983,
            0.02578177023679018,
            0.0
        ],
        [
            -0.09136182256042957,
            0.779682844877243,
            -0.1172996498644352,
            0.5715440958738327,
            -0.12029305100440979,
            0.2123468555510044,
            0.013537328923121095,
            0.0
        ],
        [
            -0.0738261453807354,
            0.830814465880394,
            -0.11198196560144424,
            0.6414482742547989,
            -0.11010839603841305,
            0.1804632879793644,
            0.001915826869662851,
            0.0
        ],
        [
            -0.07650854997336864,
            0.9242173284292221,
            -0.12481940910220146,
            0.7399523258209229,
            -0.09612968191504478,
            0.18335329368710518,
            -0.009224089444614947,
            0.0
        ],
        [
            -0.08156006224453449,
            0.9656145423650742,
            -0.1373350340873003,
            0.822942852973938,
            -0.057616615667939186,
            0.12278486043214798,
            -0.027973779942840338,
            0.0
        ],
        [
            -0.08827622979879379,
            0.9461390972137451,
            -0.13025435619056225,
            0.8858627080917358,
            -0.04055502824485302,
            0.015523985493928194,
            -0.031427545472979546,
            0.0
        ],
        [
            -0.09408317506313324,
            0.9481418877840042,
            -0.11339142918586731,
            0.9184334427118301,
            -0.011259946040809155,
            -0.059471079148352146,
            -0.06252802442759275,
            0.0
        ],
        [
            -0.10285835713148117,
            0.9549165517091751,
            -0.08640307001769543,
            0.9435318410396576,
            0.012356763472780585,
            -0.10647873394191265,
            -0.0769491633400321,
            0.0
        ],
        [
            -0.11034872382879257,
            0.968814417719841,
            -0.050564929842948914,
            0.9737728536128998,
            0.052424962632358074,
            -0.1709539256989956,
            -0.10608085431158543,
            0.0
        ],
        [
            -0.12061771936714649,
            0.9597314894199371,
            -0.009299644734710455,
            1.0000000149011612,
            0.07268453482538462,
            -0.21615644916892052,
            -0.12111357413232327,
            0.0
        ],
        [
            -0.13351207599043846,
            0.9400220960378647,
            0.016409443924203515,
            1.0000000149011612,
            0.08811562322080135,
            -0.22432025521993637,
            -0.1180796418339014,
            0.0
        ],
        [
            -0.15273386612534523,
            0.9076341986656189,
            0.04943876527249813,
            1.0000000149011612,
            0.1030591782182455,
            -0.22699639201164246,
            -0.13346816413104534,
            0.0
        ],
        [
            -0.15905490145087242,
            0.8547931164503098,
            0.0873855222016573,
            0.9975960850715637,
            0.11729628778994083,
            -0.26145365089178085,
            -0.13509348034858704,
            0.0
        ]
    ],
    "retrieved_0_prompt": "move orange to the right",
    "retrieved_1_state": [
        -0.011620576493442059,
        -0.6015360355377197,
        0.0002022569242399186,
        -2.5202770233154297,
        0.027168281376361847,
        1.913516879081726,
        -0.02348463423550129,
        0.0
    ],