{
    "query_state": [
        -0.2981805205345154,
        0.3900463283061981,
        -0.0764966607093811,
        -1.92951500415802,
        0.07256386429071426,
        2.167025089263916,
        -0.28663161396980286,
        0.9911894276295312
    ],
    "query_prompt": "place the apple next to the can",
    "inference_time": true,
    "retrieved_0_state": [
        -0.15229161083698273,
        -0.39703643321990967,
        -0.20665328204631805,
        -2.5242278575897217,
        -0.17002728581428528,
        2.09378719329834,
        -0.22066600620746613,
        0.0
    ],
    "retrieved_0_actions": [
        [
            -0.0949533935636282,
            0.5592610314488411,
            -0.19111573696136475,
            0.06839347537606955,
            -0.08524220436811447,
            0.4682053253054619,
            -0.35517044365406036,
            0.0
        ],
        [
            -0.10022261179983616,
            0.5576149746775627,
            -0.17332850024104118,
            0.057265907526016235,
            -0.046516088768839836,
            0.4933195933699608,
            -0.3286851942539215,
            0.0
        ],
        [
            -0.10138843208551407,
            0.5362465977668762,
            -0.13997900299727917,
            0.0513753155246377,
            -0.01268128165975213,
            0.4842596501111984,
            -0.30104324221611023,
            0.0
        ],
        [
            -0.11185435578227043,
            0.5277563631534576,
            -0.09137586690485477,
            0.03074142849072814,
            -0.01577545772306621,
            0.5252659320831299,
            -0.1923132687807083,
            0.0
        ],
        [
            -0.1006666012108326,
            0.4808636009693146,
            -0.04733541514724493,
            0.03232419956475496,
            0.023118373937904835,
            0.4858250916004181,
            -0.1284310780465603,
            0.0
        ],
        [
            -0.08995433337986469,
            0.4211075231432915,
            -0.00952989503275603,
            0.01480757026001811,
            0.04582288209348917,
            0.44385261833667755,
            -0.09068996645510197,
            0.0
        ],
        [
            -0.08427527733147144,
            0.3752133622765541,
            0.01687886076979339,
            0.013307930203154683,
            0.057110232301056385,
            0.3874250128865242,
            -0.07819834165275097,
            0.0
        ],
        [
            -0.08611529134213924,
            0.3623807057738304,
            0.03886952297762036,
            0.0257941079325974,
            0.057088108733296394,
            0.3403472900390625,
            -0.0716762337833643,
            0.0
        ],
        [
            -0.09282606653869152,
            0.3554895892739296,
            0.06192144937813282,
            0.04484375473111868,
            0.09501642547547817,
            0.31886786222457886,
            -0.10742573067545891,
            0.0
        ],
        [
            -0.1080112811177969,
            0.37293191999197006,
            0.09666437283158302,
            0.09895624592900276,
            0.16891490668058395,
            0.28660355135798454,
            -0.17305482178926468,
            0.0
        ],
        [
            -0.12264950200915337,
            0.37161968648433685,
            0.12947497889399529,
            0.14989204704761505,
            0.19030338153243065,
            0.2562492899596691,
            -0.18432388082146645,
            0.0
        ],
        [
            -0.1425432600080967,
            0.3757312521338463,
            0.16562547534704208,
            0.20985886454582214,
            0.22271215915679932,
            0.23226462304592133,
            -0.210626982152462,
            0.0
        ],
        [
            -0.1559909526258707,
            0.3652981296181679,
            0.1981622911989689,
            0.25297997519373894,
            0.22809693589806557,
            0.1916852779686451,
            -0.2146589569747448,
            0.0
        ],
        [
            -0.1691034808754921,
            0.34268293529748917,
            0.22386975586414337,
            0.2714022435247898,
            0.2281312458217144,
            0.14036656357347965,
            -0.20310277119278908,
            0.0
        ],
        [
            -0.1757572777569294,
            0.30901653692126274,
            0.22946802899241447,
            0.2681778557598591,
            0.20777123048901558,
            0.10003283619880676,
            -0.18204925581812859,
            0.0
        ]
    ],
    "retrieved_0_prompt": "pour the contents of the mug into the bowl",
    "retrieved_1_state": [
        -0.09578059613704681,
        -0.07135597616434097,
        -0.10728739202022552,
        -2.4207377433776855,
        -0.623256504535675,
        2.032599925994873,
        0.24720463156700134,
        0.8414096932227855
    ],