{
    "query_state": [
        -0.005950850434601307,
        -0.1746215969324112,
        0.013539533130824566,
        -2.6088063716888428,
        -0.03177988901734352,
        2.3223724365234375,
        0.154910609126091,
        0.0
    ],
    "query_prompt": "move the marker to the tray",
    "inference_time": true,
    "retrieved_0_state": [
        0.009589300490915775,
        -0.2559070885181427,
        0.030740121379494667,
        -2.7792582511901855,
        -0.001552671194076538,
        2.28667950630188,
        -0.008109727874398232,
        0.0
    ],
    "retrieved_0_actions": [
        [
            -0.033480157144367695,
            0.6280564516782761,
            0.044844625517725945,
            0.01961314817890525,
            -0.307888425886631,
            0.5149300768971443,
            0.13321568258106709,
            0.0
        ],
        [
            -0.026098282542079687,
            0.579630583524704,
            0.027664401568472385,
            0.09131413884460926,
            -0.32398540526628494,
            0.39676111191511154,
            0.13731105253100395,
            0.0
        ],
        [
            0.0041432707803323865,
            0.5703695490956306,
            0.0268364860676229,
            0.12780293822288513,
            -0.34124743193387985,
            0.3447256237268448,
            0.1666846126317978,
            0.0
        ],
        [
            0.06382268387824297,
            0.5833331868052483,
            0.03400962334126234,
            0.12912007048726082,
            -0.31981997191905975,
            0.3791408985853195,
            0.16707409173250198,
            0.0
        ],
        [
            0.10160245932638645,
            0.5728879198431969,
            0.024492458906024694,
            0.15604913234710693,
            -0.2815636061131954,
            0.35955343395471573,
            0.13613694347441196,
            0.0
        ],
        [
            0.11104920879006386,
            0.5463064461946487,
            0.014942461857572198,
            0.20441817119717598,
            -0.1795937865972519,
            0.28164276853203773,
            0.020955842919647694,
            0.0
        ],
        [
            0.09386968798935413,
            0.45533381402492523,
            -0.00210516489460133,
            0.2111763134598732,
            -0.11895890347659588,
            0.22900884971022606,
            -0.04274021368473768,
            0.25
        ],
        [
            0.04324755631387234,
            0.32571718096733093,
            -0.004211088526062667,
            0.19260961562395096,
            -0.02947152592241764,
            0.15421784482896328,
            -0.14760294929146767,
            0.31167397714705347
        ],
        [
            0.006782781565561891,
            0.18094636499881744,
            -0.008702854975126684,
            0.15781309455633163,
            0.007127896533347666,
            0.0548345735296607,
            -0.1938335783779621,
            0.4438326373468501
        ],
        [
            -0.026145202573388815,
            -0.03222022671252489,
            -0.009411321370862424,
            0.09316891431808472,
            0.04225678741931915,
            -0.07387103047221899,
            -0.22266212850809097,
            0.5848017843176149
        ],
        [
            -0.05459556356072426,
            -0.22745579481124878,
            -0.009984065545722842,
            0.0605508079752326,
            0.0772048020735383,
            -0.21580975502729416,
            -0.24062493816018105,
            0.6905286335889526
        ],
        [
            -0.1140129566192627,
            -0.49618229269981384,
            -2.7060930278821616e-05,
            0.0914151594042778,
            0.1722325012087822,
            -0.49327731132507324,
            -0.34050650894641876,
            0.7962555266872344
        ],
        [
            -0.1627388782799244,
            -0.6090725958347321,
            0.028650083113461733,
            0.1709103211760521,
            0.3074914589524269,
            -0.7137646526098251,
            -0.5184683576226234,
            0.9196035248082857
        ],
        [
            -0.12022328563034534,
            -0.6995167583227158,
            -0.0029141089180484414,
            0.2594470791518688,
            0.3443703427910805,
            -0.9111806750297546,
            -0.5405031889677048,
            0.9636563969325698
        ],
        [
            -0.08906527422368526,
            -0.567224845290184,
            -0.05392218008637428,
            0.39397962391376495,
            0.3008724935352802,
            -1.0000000149011612,
            -0.48909489065408707,
            0.9636563914542017
        ]
    ],
    "retrieved_0_prompt": "pick up the pineapple and put it in the bowl",
    "retrieved_1_state": [
        -0.10264910757541656,
        -0.3368319272994995,
        -0.08796745538711548,
        -2.4586613178253174,
        0.0720258578658104,
        2.2752788066864014,
        0.21625304222106934,
        0.9691629949913692
    ],