{
    "query_state": [
        0.014906416647136211,
        -0.16154302656650543,
        0.04424488916993141,
        -2.3569235801696777,
        -0.028055040165781975,
        2.1682910919189453,
        0.12416702508926392,
        0.0
    ],
    "query_prompt": "move the can to the tray",
    "inference_time": true,
    "retrieved_0_state": [
        -0.01822086237370968,
        -0.49530160427093506,
        0.0004245274467393756,
        -2.4839842319488525,
        -0.04707353562116623,
        1.9622101783752441,
        0.03108014538884163,
        0.0
    ],
    "retrieved_0_actions": [
        [
            -0.1928839087486267,
            0.9979434311389923,
            -0.21013151854276657,
            0.7451406121253967,
            -0.17997421324253082,
            -0.052171540446579456,
            -0.1922810822725296,
            0.0
        ],
        [
            -0.1344160083681345,
            0.9979026764631271,
            -0.20122813060879707,
            0.843655988574028,
            -0.13936473987996578,
            -0.20102718845009804,
            -0.29590215533971786,
            0.0
        ],
        [
            -0.06216791924089193,
            0.9988220036029816,
            -0.16553552821278572,
            0.9570243954658508,
            -0.09652504697442055,
            -0.3644924610853195,
            -0.4723319783806801,
            0.0
        ],
        [
            -0.03340629395097494,
            0.9965794533491135,
            -0.09979239664971828,
            1.0000000149011612,
            -0.14200324192643166,
            -0.42250875383615494,
            -0.5491185560822487,
            0.0
        ],
        [
            -0.031198167707771063,
            0.9802740067243576,
            -0.047547053545713425,
            1.0000000149011612,
            -0.25045210495591164,
            -0.3625444695353508,
            -0.5269191414117813,
            0.0
        ],
        [
            -0.03609942737966776,
            0.9087011218070984,
            -0.014626830816268921,
            0.9864504635334015,
            -0.3020806424319744,
            -0.31809620559215546,
            -0.4568910598754883,
            0.0
        ],
        [
            -0.04577602259814739,
            0.7942917197942734,
            -0.008965385495685041,
            0.8443227410316467,
            -0.335489921271801,
            -0.17084971070289612,
            -0.40970049798488617,
            0.0
        ],
        [
            -0.06692723836749792,
            0.6914882361888885,
            -0.01078215311281383,
            0.734487846493721,
            -0.26841210201382637,
            -0.07838458754122257,
            -0.3547152876853943,
            0.0
        ],
        [
            -0.10207523591816425,
            0.6123724207282066,
            -0.004436197632458061,
            0.6267932057380676,
            -0.12090231291949749,
            -0.021303135436028242,
            -0.3097720257937908,
            0.0
        ],
        [
            -0.12419436126947403,
            0.5182424560189247,
            0.0058659655041992664,
            0.480908565223217,
            -0.025197744835168123,
            0.04254814703017473,
            -0.23210229352116585,
            0.0
        ],
        [
            -0.13878240250051022,
            0.4144440218806267,
            0.004462231590878218,
            0.22890295833349228,
            0.034268894232809544,
            0.16587961465120316,
            -0.10374622419476509,
            0.0
        ],
        [
            -0.14175107702612877,
            0.34285541623830795,
            -0.0027548515936359763,
            0.06901277229189873,
            0.05806916859000921,
            0.2186368592083454,
            -0.03710992867127061,
            0.0
        ],
        [
            -0.14207429252564907,
            0.3131633996963501,
            -0.014944201102480292,
            -0.008968676556833088,
            0.07377068977802992,
            0.2113790437579155,
            0.005514929071068764,
            0.0
        ],
        [
            -0.13004612177610397,
            0.29070667922496796,
            -0.029106719885021448,
            -0.04369364585727453,
            0.07882814854383469,
            0.1722227968275547,
            0.04785885103046894,
            0.0
        ],
        [
            -0.10221819393336773,
            0.23526443168520927,
            -0.03569014836102724,
            -0.06441131699830294,
            0.055367336608469486,
            0.17121952027082443,
            0.06497879978269339,
            0.0
        ]
    ],
    "retrieved_0_prompt": "move the watermelon slice from one bowl to the other bowl",
    "retrieved_1_state": [
        -0.03869175910949707,
        -0.4242461919784546,
        -0.014084512367844582,
        -2.4446284770965576,
        -0.06290094554424286,
        1.9749127626419067,
        0.028838247060775757,
        0.0
    ],