{
    "query_state": [
        -0.28575608134269714,
        0.3670811057090759,
        -0.05296884849667549,
        -1.9309567213058472,
        0.04109472781419754,
        2.1229424476623535,
        -0.31202566623687744,
        0.0969162748464808
    ],
    "query_prompt": "place the apple next to the can",
    "inference_time": true,
    "retrieved_0_state": [
        -0.006702155340462923,
        -0.5850088596343994,
        -0.0034797757398337126,
        -2.5129690170288086,
        -0.031120341271162033,
        1.9130334854125977,
        0.025517497211694717,
        0.0
    ],
    "retrieved_0_actions": [
        [
            -0.20315250381827354,
            0.5016649141907692,
            -0.1313741784542799,
            0.3180946409702301,
            -0.09674525819718838,
            0.2379891462624073,
            0.05248029250651598,
            0.0
        ],
        [
            -0.23879176005721092,
            0.6477081030607224,
            -0.16811618581414223,
            0.40313921868801117,
            -0.1287705171853304,
            0.27778932824730873,
            0.05725437309592962,
            0.0
        ],
        [
            -0.2456466294825077,
            0.77794149518013,
            -0.1967429369688034,
            0.5161415413022041,
            -0.1208852045238018,
            0.2517128363251686,
            0.07813968695700169,
            0.0
        ],
        [
            -0.22173462435603142,
            0.8431528508663177,
            -0.1937383972108364,
            0.576339103281498,
            -0.10369404219090939,
            0.26361173018813133,
            0.11379445903003216,
            0.0
        ],
        [
            -0.1839926652610302,
            0.8781275153160095,
            -0.16514243558049202,
            0.5940603837370872,
            -0.09358059614896774,
            0.3055831976234913,
            0.1868780143558979,
            0.0
        ],
        [
            -0.14103039167821407,
            0.918157622218132,
            -0.141642140224576,
            0.6168554350733757,
            -0.08264558389782906,
            0.3147091343998909,
            0.2397012710571289,
            0.0
        ],
        [
            -0.09343852289021015,
            0.9322694689035416,
            -0.11985749006271362,
            0.644412562251091,
            -0.08103548549115658,
            0.2872861549258232,
            0.2685249596834183,
            0.0
        ],
        [
            -0.04954478703439236,
            0.9498754888772964,
            -0.11047416366636753,
            0.6891031563282013,
            -0.05559832323342562,
            0.22630229592323303,
            0.2520127594470978,
            0.0
        ],
        [
            -0.008380523067899048,
            0.9202666580677032,
            -0.09733341634273529,
            0.7227300107479095,
            -0.01833491842262447,
            0.1369476318359375,
            0.20005663856863976,
            0.0
        ],
        [
            0.01710482290945947,
            0.8990828692913055,
            -0.07617466151714325,
            0.7706129550933838,
            0.036462112329900265,
            0.06912865210324526,
            0.13708006590604782,
            0.0
        ],
        [
            0.025201779790222645,
            0.8464328199625015,
            -0.05060854833573103,
            0.8087459951639175,
            0.099131278693676,
            -0.029529589228332043,
            0.07522386964410543,
            0.0
        ],
        [
            0.018891625804826617,
            0.8261186629533768,
            -0.032130167819559574,
            0.8467463403940201,
            0.1297494675964117,
            -0.10291898623108864,
            0.024088555946946144,
            0.0
        ],
        [
            0.009066368220373988,
            0.7874921709299088,
            -0.030149875674396753,
            0.8451106399297714,
            0.12977918609976768,
            -0.13954036869108677,
            0.025951515417546034,
            0.0
        ],
        [
            -0.0032768843811936677,
            0.7563167065382004,
            -0.04030473064631224,
            0.8261542767286301,
            0.12163176201283932,
            -0.13803144916892052,
            0.05100667476654053,
            0.0
        ],
        [
            -0.030057351104915142,
            0.6797295808792114,
            -0.04315495956689119,
            0.7890535145998001,
            0.13464320451021194,
            -0.16203530132770538,
            0.04261151421815157,
            0.0
        ]
    ],
    "retrieved_0_prompt": "pick up the grapes on the waffle and put it in the bowl",
    "retrieved_1_state": [
        -0.04494323208928108,
        -0.5191858410835266,
        -0.023840205743908882,
        -2.4830546379089355,
        -0.04256432130932808,
        1.9712672233581543,
        0.03672410175204277,
        0.0
    ],