{
    "query_state": [
        -0.04419034719467163,
        -0.44163161516189575,
        0.0023831131402403116,
        -2.5724942684173584,
        0.019517911598086357,
        2.107046127319336,
        0.030646754428744316,
        0.0
    ],
    "query_prompt": "place the apple next to the can",
    "inference_time": true,
    "retrieved_0_state": [
        -0.21505515277385712,
        -0.02220260165631771,
        -0.2823236584663391,
        -2.525360584259033,
        -0.169878751039505,
        2.4595351219177246,
        -0.3375394940376282,
        0.0
    ],
    "retrieved_0_actions": [
        [
            -0.08611529134213924,
            0.3623807057738304,
            0.03886952297762036,
            0.0257941079325974,
            0.057088108733296394,
            0.3403472900390625,
            -0.0716762337833643,
            0.0
        ],
        [
            -0.09282606653869152,
            0.3554895892739296,
            0.06192144937813282,
            0.04484375473111868,
            0.09501642547547817,
            0.31886786222457886,
            -0.10742573067545891,
            0.0
        ],
        [
            -0.1080112811177969,
            0.37293191999197006,
            0.09666437283158302,
            0.09895624592900276,
            0.16891490668058395,
            0.28660355135798454,
            -0.17305482178926468,
            0.0
        ],
        [
            -0.12264950200915337,
            0.37161968648433685,
            0.12947497889399529,
            0.14989204704761505,
            0.19030338153243065,
            0.2562492899596691,
            -0.18432388082146645,
            0.0
        ],
        [
            -0.1425432600080967,
            0.3757312521338463,
            0.16562547534704208,
            0.20985886454582214,
            0.22271215915679932,
            0.23226462304592133,
            -0.210626982152462,
            0.0
        ],
        [
            -0.1559909526258707,
            0.3652981296181679,
            0.1981622911989689,
            0.25297997519373894,
            0.22809693589806557,
            0.1916852779686451,
            -0.2146589569747448,
            0.0
        ],
        [
            -0.1691034808754921,
            0.34268293529748917,
            0.22386975586414337,
            0.2714022435247898,
            0.2281312458217144,
            0.14036656357347965,
            -0.20310277119278908,
            0.0
        ],
        [
            -0.1757572777569294,
            0.30901653692126274,
            0.22946802899241447,
            0.2681778557598591,
            0.20777123048901558,
            0.10003283619880676,
            -0.18204925581812859,
            0.0
        ],
        [
            -0.18156442791223526,
            0.27546029537916183,
            0.22696930915117264,
            0.24915793910622597,
            0.191683117300272,
            0.08366732858121395,
            -0.16811244189739227,
            0.0
        ],
        [
            -0.18152659758925438,
            0.24778902530670166,
            0.2120361104607582,
            0.22190358489751816,
            0.17048127949237823,
            0.08723869919776917,
            -0.1559545285999775,
            0.0
        ],
        [
            -0.18070155754685402,
            0.23390352725982666,
            0.19226185977458954,
            0.19736381247639656,
            0.1366088818758726,
            0.12129994109272957,
            -0.15705261379480362,
            0.0
        ],
        [
            -0.1799188181757927,
            0.21458972245454788,
            0.17750579863786697,
            0.18040167167782784,
            0.11363636702299118,
            0.1564805582165718,
            -0.17280478030443192,
            0.0
        ],
        [
            -0.17543844878673553,
            0.1870342344045639,
            0.16855819150805473,
            0.16689956188201904,
            0.10304697789251804,
            0.15390006825327873,
            -0.16306458041071892,
            0.0
        ],
        [
            -0.17334694042801857,
            0.15744542703032494,
            0.16413463279604912,
            0.14542020857334137,
            0.10332328267395496,
            0.15039265155792236,
            -0.1588059775531292,
            0.0
        ],
        [
            -0.16928592696785927,
            0.12137206271290779,
            0.1578628085553646,
            0.11633099988102913,
            0.10727554559707642,
            0.1386191975325346,
            -0.1545179821550846,
            0.0
        ]
    ],
    "retrieved_0_prompt": "pour the contents of the mug into the bowl",
    "retrieved_1_state": [
        -0.20022264122962952,
        -0.11987902224063873,
        -0.2797889709472656,
        -2.5249688625335693,
        -0.17175619304180145,
        2.3637096881866455,
        -0.3367973566055298,
        0.0
    ],