{
    "query_state": [
        0.010207584127783775,
        -0.4636855125427246,
        0.021541180089116096,
        -2.4700887203216553,
        -0.024544527754187584,
        2.00551176071167,
        0.012802042067050934,
        0.0
    ],
    "query_prompt": "move the can to the tray",
    "inference_time": true,
    "retrieved_0_state": [
        0.0006025055190548301,
        -0.5619070529937744,
        0.008358083665370941,
        -2.5638551712036133,
        0.010808364488184452,
        1.9364678859710693,
        -0.010395503602921963,
        0.0
    ],
    "retrieved_0_actions": [
        [
            0.03857511794194579,
            0.4524174705147743,
            0.05440502893179655,
            -0.4467375949025154,
            -0.015374367358163,
            0.5540744960308075,
            0.06555233616381884,
            0.0
        ],
        [
            0.051081120036542416,
            0.5173539370298386,
            0.07783393375575542,
            -0.3883938491344452,
            -0.03295903326943517,
            0.6135094538331032,
            0.09649126790463924,
            0.0
        ],
        [
            0.04672602750360966,
            0.5857856199145317,
            0.07255664560943842,
            -0.27028322219848633,
            -0.05034149158746004,
            0.6095622479915619,
            0.10723549872636795,
            0.0
        ],
        [
            0.016425664070993662,
            0.788763016462326,
            0.0625672796741128,
            0.0036892067873850465,
            -0.11623636819422245,
            0.5782178044319153,
            0.10190783999860287,
            0.0
        ],
        [
            -0.010202586418017745,
            0.7253464311361313,
            0.055649224668741226,
            0.003084479831159115,
            -0.2115226536989212,
            0.5829193443059921,
            0.10541079565882683,
            0.0
        ],
        [
            -0.033480157144367695,
            0.6280564516782761,
            0.044844625517725945,
            0.01961314817890525,
            -0.307888425886631,
            0.5149300768971443,
            0.13321568258106709,
            0.0
        ],
        [
            -0.026098282542079687,
            0.579630583524704,
            0.027664401568472385,
            0.09131413884460926,
            -0.32398540526628494,
            0.39676111191511154,
            0.13731105253100395,
            0.0
        ],
        [
            0.0041432707803323865,
            0.5703695490956306,
            0.0268364860676229,
            0.12780293822288513,
            -0.34124743193387985,
            0.3447256237268448,
            0.1666846126317978,
            0.0
        ],
        [
            0.06382268387824297,
            0.5833331868052483,
            0.03400962334126234,
            0.12912007048726082,
            -0.31981997191905975,
            0.3791408985853195,
            0.16707409173250198,
            0.0
        ],
        [
            0.10160245932638645,
            0.5728879198431969,
            0.024492458906024694,
            0.15604913234710693,
            -0.2815636061131954,
            0.35955343395471573,
            0.13613694347441196,
            0.0
        ],
        [
            0.11104920879006386,
            0.5463064461946487,
            0.014942461857572198,
            0.20441817119717598,
            -0.1795937865972519,
            0.28164276853203773,
            0.020955842919647694,
            0.0
        ],
        [
            0.09386968798935413,
            0.45533381402492523,
            -0.00210516489460133,
            0.2111763134598732,
            -0.11895890347659588,
            0.22900884971022606,
            -0.04274021368473768,
            0.25
        ],
        [
            0.04324755631387234,
            0.32571718096733093,
            -0.004211088526062667,
            0.19260961562395096,
            -0.02947152592241764,
            0.15421784482896328,
            -0.14760294929146767,
            0.31167397714705347
        ],
        [
            0.006782781565561891,
            0.18094636499881744,
            -0.008702854975126684,
            0.15781309455633163,
            0.007127896533347666,
            0.0548345735296607,
            -0.1938335783779621,
            0.4438326373468501
        ],
        [
            -0.026145202573388815,
            -0.03222022671252489,
            -0.009411321370862424,
            0.09316891431808472,
            0.04225678741931915,
            -0.07387103047221899,
            -0.22266212850809097,
            0.5848017843176149
        ]
    ],
    "retrieved_0_prompt": "pick up the pineapple and put it in the bowl",
    "retrieved_1_state": [
        -0.008049262687563896,
        -0.5670627951622009,
        0.003286325838416815,
        -2.5002822875976562,
        -0.036350417882204056,
        1.9427120685577393,
        0.038069095462560654,
        0.0
    ],