{
    "query_state": [
        -0.06703788787126541,
        0.4444946050643921,
        -0.08147244155406952,
        -1.949176549911499,
        0.004804983735084534,
        2.1592986583709717,
        0.17407876253128052,
        0.9118942721865358
    ],
    "query_prompt": "place the apple next to the can",
    "inference_time": true,
    "retrieved_0_state": [
        -0.13794022798538208,
        -0.021168015897274017,
        -0.12716180086135864,
        -2.497715473175049,
        -0.18880020081996918,
        2.2675139904022217,
        -0.06919748336076736,
        0.5682819408359043
    ],
    "retrieved_0_actions": [
        [
            -0.08306802250444889,
            -0.5009910464286804,
            -0.07316881790757179,
            -0.38144495338201523,
            -0.17845889553427696,
            0.006587315001524985,
            0.11763938702642918,
            0.8182819408359043
        ],
        [
            -0.09871812537312508,
            -0.3034409135580063,
            -0.07200215011835098,
            -0.16413049772381783,
            -0.12224294245243073,
            0.005648063379339874,
            0.13349439948797226,
            0.8182819408359043
        ],
        [
            -0.10337542742490768,
            -0.13154197484254837,
            -0.06834890227764845,
            0.01218196121044457,
            -0.08307737298309803,
            0.010941055370494723,
            0.15048456378281116,
            0.8182819408359043
        ],
        [
            -0.09840982966125011,
            0.016552400775253773,
            -0.0678204232826829,
            0.14207652769982815,
            -0.060578202828764915,
            0.027024312876164913,
            0.167325921356678,
            0.8182819408359043
        ],
        [
            -0.08707242086529732,
            0.1250640582293272,
            -0.05954071879386902,
            0.22691801190376282,
            -0.06927607581019402,
            0.05784553475677967,
            0.19443269819021225,
            0.8182819408359043
        ],
        [
            -0.07006715517491102,
            0.21307950839400291,
            -0.052958521991968155,
            0.28957707807421684,
            -0.06372659467160702,
            0.06914214696735144,
            0.20757777616381645,
            0.8182819408359043
        ],
        [
            -0.04575778730213642,
            0.2629714645445347,
            -0.04574492108076811,
            0.3102477453649044,
            -0.05956814158707857,
            0.07524576503783464,
            0.21331068128347397,
            0.8182819408359043
        ],
        [
            -0.01706758630461991,
            0.3343280777335167,
            -0.03881462151184678,
            0.35904794931411743,
            -0.01843813108280301,
            0.07287214510142803,
            0.21950343623757362,
            0.8182819408359043
        ],
        [
            0.006140863988548517,
            0.3709651157259941,
            -0.031144532840698957,
            0.38874585181474686,
            0.013890761183574796,
            0.057368907146155834,
            0.206503514200449,
            0.8182819408359043
        ],
        [
            0.03005454083904624,
            0.388411320745945,
            -0.025198571383953094,
            0.39994094520807266,
            0.03219510428607464,
            0.04820747300982475,
            0.19749365746974945,
            0.8182819408359043
        ],
        [
            0.04796226974576712,
            0.38814522325992584,
            -0.022452424746006727,
            0.4014783725142479,
            0.05431056022644043,
            0.02459391951560974,
            0.18545614555478096,
            0.8182819408359043
        ],
        [
            0.06341296248137951,
            0.35974103957414627,
            -0.02188318409025669,
            0.37971410900354385,
            0.05837087519466877,
            -0.012621902860701084,
            0.1687833108007908,
            0.8182819408359043
        ],
        [
            0.07087726145982742,
            0.28015680611133575,
            -0.031183217652142048,
            0.3152310848236084,
            0.011126470053568482,
            -0.03244544379413128,
            0.14868606813251972,
            0.31828194083590433
        ],
        [
            0.0695687485858798,
            0.15276722609996796,
            -0.047561805695295334,
            0.22477755323052406,
            -0.02878111321479082,
            -0.07940703071653843,
            0.09661098010838032,
            0.2522026545629503
        ],
        [
            0.06396244745701551,
            0.02691627712920308,
            -0.06129407323896885,
            0.14205855317413807,
            -0.0410987064242363,
            -0.12362238951027393,
            0.05043644458055496,
            0.13325992174085532
        ]
    ],
    "retrieved_0_prompt": "pick up the grapes on the waffle and put it in the bowl",
    "retrieved_1_state": [
        -0.13517582416534424,
        0.05670808628201485,
        -0.12025429308414459,
        -2.4109628200531006,
        -0.16470667719841003,
        2.2673377990722656,
        -0.07699985802173615,
        0.5682819408359043
    ],