{
    "query_state": [
        -0.12224472314119339,
        0.6727378964424133,
        -0.008244341239333153,
        -1.79330313205719,
        0.0023610421922057867,
        2.278188705444336,
        -0.19389958679676056,
        0.0
    ],
    "query_prompt": "place the apple next to the can",
    "inference_time": true,
    "retrieved_0_state": [
        -0.18337948620319366,
        0.5965732336044312,
        -0.10419893264770508,
        -1.8041162490844727,
        -0.2459201216697693,
        2.0320374965667725,
        -0.26668280363082886,
        0.0
    ],
    "retrieved_0_actions": [
        [
            -0.02542676404118538,
            0.05127654876559973,
            -0.03222312545403838,
            -0.09372428059577942,
            0.02164336619898677,
            0.16316717490553856,
            0.06969294976443052,
            0.0
        ],
        [
            -0.023145971354097128,
            -0.003788298345170915,
            -0.014236819697543979,
            -0.07318803574889898,
            0.05536514334380627,
            0.12952695600688457,
            0.05777778569608927,
            0.25
        ],
        [
            -0.00566560251172632,
            -0.1402065623551607,
            0.0024161196779459715,
            -0.12682998552918434,
            0.07327492814511061,
            0.08130824193358421,
            0.04450205713510513,
            0.32929512599676714
        ],
        [
            0.01968512311577797,
            -0.315619558095932,
            0.021208361722528934,
            -0.2244517020881176,
            0.08498728275299072,
            0.0450460659340024,
            0.04086030647158623,
            0.4658590076685757
        ],
        [
            0.045816986821591854,
            -0.513935424387455,
            0.04058773163706064,
            -0.3430803120136261,
            0.10056856088340282,
            0.02041376195847988,
            0.047547160647809505,
            0.5892070496165712
        ],
        [
            0.06800313480198383,
            -0.724557563662529,
            0.05929282866418362,
            -0.4608471319079399,
            0.13693621382117271,
            -0.026857187040150166,
            0.062412736006081104,
            0.7301761965873361
        ],
        [
            0.09232579730451107,
            -0.8833801001310349,
            0.0648112827911973,
            -0.5568047985434532,
            0.16238562762737274,
            -0.040140184573829174,
            0.10935184545814991,
            0.849118929409431
        ],
        [
            0.10512704961001873,
            -0.8899116516113281,
            0.060578263364732265,
            -0.5589672550559044,
            0.18920430913567543,
            0.00112429479486309,
            0.17363492399454117,
            0.968061684144998
        ],
        [
            0.14122824184596539,
            -0.9121713787317276,
            0.05960671231150627,
            -0.6163309141993523,
            0.1677219197154045,
            0.19189642742276192,
            0.27696629986166954,
            1.0
        ],
        [
            0.22214217111468315,
            -0.9000879526138306,
            0.06931398995220661,
            -0.6654932349920273,
            -1.4658600377970288e-06,
            0.30249347910284996,
            0.3599501773715019,
            0.9878854656441899
        ],
        [
            0.293090995401144,
            -0.805121660232544,
            0.11825289577245712,
            -0.6398746371269226,
            -0.12173959985375404,
            0.2010694146156311,
            0.4387020319700241,
            0.9977973563937859
        ],
        [
            0.32212089747190475,
            -0.6676993519067764,
            0.1874363049864769,
            -0.589672327041626,
            -0.1600068435072899,
            0.06970287766307592,
            0.5135137960314751,
            0.9812775334559553
        ],
        [
            0.32665468752384186,
            -0.49600012600421906,
            0.2532852441072464,
            -0.5358725413680077,
            -0.15402651391923428,
            0.013063631486147642,
            0.57684525847435,
            0.9812775334559553
        ],
        [
            0.2925635501742363,
            -0.28438154608011246,
            0.2755367197096348,
            -0.3987821936607361,
            -0.1332712545990944,
            -0.002383250102866441,
            0.623561404645443,
            0.9812775334559553
        ],
        [
            0.22153396159410477,
            -0.09204559959471226,
            0.23667218163609505,
            -0.19484976306557655,
            -0.12350955978035927,
            -0.04225700628012419,
            0.5772644281387329,
            0.9812775334559553
        ]
    ],
    "retrieved_0_prompt": "move the watermelon slice from one bowl to the other bowl",
    "retrieved_1_state": [
        -0.2178344875574112,
        0.01808319054543972,
        -0.28228655457496643,
        -2.525467872619629,
        -0.16879060864448547,
        2.4959769248962402,
        -0.3374992907047272,
        0.0
    ],