{
    "query_state": [
        -0.12542840838432312,
        0.10066758096218109,
        -0.10149607807397842,
        -2.4774668216705322,
        -0.00642589433118701,
        2.3334290981292725,
        -0.00031992982258088887,
        0.6387665143212867
    ],
    "query_prompt": "place the apple next to the can",
    "inference_time": true,
    "retrieved_0_state": [
        -0.1805497109889984,
        -0.1424010992050171,
        -0.15232792496681213,
        -2.5776443481445312,
        -0.20908726751804352,
        2.2740542888641357,
        -0.014184514991939068,
        0.5682819408359043
    ],
    "retrieved_0_actions": [
        [
            -0.07006715517491102,
            0.21307950839400291,
            -0.052958521991968155,
            0.28957707807421684,
            -0.06372659467160702,
            0.06914214696735144,
            0.20757777616381645,
            0.8182819408359043
        ],
        [
            -0.04575778730213642,
            0.2629714645445347,
            -0.04574492108076811,
            0.3102477453649044,
            -0.05956814158707857,
            0.07524576503783464,
            0.21331068128347397,
            0.8182819408359043
        ],
        [
            -0.01706758630461991,
            0.3343280777335167,
            -0.03881462151184678,
            0.35904794931411743,
            -0.01843813108280301,
            0.07287214510142803,
            0.21950343623757362,
            0.8182819408359043
        ],
        [
            0.006140863988548517,
            0.3709651157259941,
            -0.031144532840698957,
            0.38874585181474686,
            0.013890761183574796,
            0.057368907146155834,
            0.206503514200449,
            0.8182819408359043
        ],
        [
            0.03005454083904624,
            0.388411320745945,
            -0.025198571383953094,
            0.39994094520807266,
            0.03219510428607464,
            0.04820747300982475,
            0.19749365746974945,
            0.8182819408359043
        ],
        [
            0.04796226974576712,
            0.38814522325992584,
            -0.022452424746006727,
            0.4014783725142479,
            0.05431056022644043,
            0.02459391951560974,
            0.18545614555478096,
            0.8182819408359043
        ],
        [
            0.06341296248137951,
            0.35974103957414627,
            -0.02188318409025669,
            0.37971410900354385,
            0.05837087519466877,
            -0.012621902860701084,
            0.1687833108007908,
            0.8182819408359043
        ],
        [
            0.07087726145982742,
            0.28015680611133575,
            -0.031183217652142048,
            0.3152310848236084,
            0.011126470053568482,
            -0.03244544379413128,
            0.14868606813251972,
            0.31828194083590433
        ],
        [
            0.0695687485858798,
            0.15276722609996796,
            -0.047561805695295334,
            0.22477755323052406,
            -0.02878111321479082,
            -0.07940703071653843,
            0.09661098010838032,
            0.2522026545629503
        ],
        [
            0.06396244745701551,
            0.02691627712920308,
            -0.06129407323896885,
            0.14205855317413807,
            -0.0410987064242363,
            -0.12362238951027393,
            0.05043644458055496,
            0.13325992174085532
        ],
        [
            0.0598460528999567,
            -0.08374071680009365,
            -0.06716034840792418,
            0.07317166309803724,
            -0.03969260025769472,
            -0.157675389200449,
            0.022768573835492134,
            0.0
        ],
        [
            0.06238134577870369,
            -0.19532408565282822,
            -0.06797622423619032,
            0.01998241525143385,
            -0.06741766352206469,
            -0.22501476109027863,
            0.01747875357978046,
            0.0
        ],
        [
            0.0,
            0.0,
            0.0,
            0.0,
            0.0,
            0.0,
            0.0,
            0.0
        ],
        [
            0.0,
            0.0,
            0.0,
            0.0,
            0.0,
            0.0,
            0.0,
            0.0
        ],
        [
            0.0,
            0.0,
            0.0,
            0.0,
            0.0,
            0.0,
            0.0,
            0.0
        ]
    ],
    "retrieved_0_prompt": "pick up the grapes on the waffle and put it in the bowl",
    "retrieved_1_state": [
        -0.19588589668273926,
        0.0609874352812767,
        -0.15737979114055634,
        -2.339376211166382,
        -0.20675022900104523,
        2.2934114933013916,
        0.13498568534851074,
        0.5594713664110476
    ],
    "retrieved_1_actions": [
        [
            0.0695687485858798,
            0.15276722609996796,
            -0.047561805695295334,
            0.22477755323052406,
            -0.02878111321479082,
            -0.07940703071653843,
            0.09661098010838032,
            0.2522026545629503
        ],
        [
            0.06396244745701551,
            0.02691627712920308,
            -0.06129407323896885,
            0.14205855317413807,
            -0.0410987064242363,
            -0.12362238951027393,
            0.05043644458055496,
            0.13325992174085532
        ],
        [
            0.0598460528999567,
            -0.08374071680009365,
            -0.06716034840792418,
            0.07317166309803724,
            -0.03969260025769472,
            -0.157675389200449,
            0.022768573835492134,
            0.0
        ],
        [
            0.06238134577870369,
            -0.19532408565282822,
            -0.06797622423619032,
            0.01998241525143385,
            -0.06741766352206469,
            -0.22501476109027863,
            0.01747875357978046,
            0.0
        ],
        [
            0.0,
            0.0,
            0.0,
            0.0,
            0.0,
            0.0,
            0.0,
            0.0
        ],
        [
            0.0,
            0.0,
            0.0,
            0.0,
            0.0,
            0.0,
            0.0,
            0.0
        ],
        [
            0.0,
            0.0,
            0.0,
            0.0,
            0.0,
            0.0,
            0.0,
            0.0
        ],
        [
            0.0,
            0.0,
            0.0,
            0.0,
            0.0,
            0.0,
            0.0,
            0.0
        ],
        [
            0.0,
            0.0,
            0.0,
            0.0,
            0.0,
            0.0,
            0.0,
            0.0
        ],
        [
            0.0,
            0.0,
            0.0,
            0.0,
            0.0,
            0.0,
            0.0,
            0.0
        ],
        [
            0.0,
            0.0,
            0.0,
            0.0,
            0.0,
            0.0,
            0.0,
            0.0
        ],
        [
            0.0,
            0.0,
            0.0,
            0.0,
            0.0,
            0.0,
            0.0,
            0.0
        ],
        [
            0.0,
            0.0,
            0.0,
            0.0,
            0.0,
            0.0,
            0.0,
            0.0
        ],
        [
            0.0,
            0.0,
            0.0,
            0.0,
            0.0,
            0.0,
            0.0,
            0.0
        ],
        [
            0.0,
            0.0,
            0.0,
            0.0,
            0.0,
            0.0,
            0.0,
            0.0
        ]
    ],
    "retrieved_1_prompt": "pick up the grapes on the waffle and put it in the bowl",