{
    "query_state": [
        0.3263195753097534,
        0.391544371843338,
        0.07666843384504318,
        -2.1139204502105713,
        -0.21958278119564056,
        2.116034507751465,
        0.21544966101646423,
        0.057268755675041416
    ],
    "query_prompt": "move the can to the tray",
    "inference_time": true,
    "retrieved_0_state": [
        0.16899943351745605,
        0.1644967794418335,
        0.18873657286167145,
        -2.1835098266601562,
        -0.9939910769462585,
        1.2348179817199707,
        0.50002121925354,
        0.8414096932227855
    ],
    "retrieved_0_actions": [
        [
            -0.23214932531118393,
            -0.6201299652457237,
            -0.1814921759068966,
            -0.2608453296124935,
            0.325278677046299,
            0.5105065181851387,
            -0.3667840361595154,
            0.9603524233056964
        ],
        [
            -0.21969489753246307,
            -0.6230105832219124,
            -0.2112535759806633,
            -0.2843900956213474,
            0.3321196883916855,
            0.5128928646445274,
            -0.3853115811944008,
            0.9603524233056964
        ],
        [
            -0.2135331928730011,
            -0.5838072299957275,
            -0.24356432259082794,
            -0.3007936105132103,
            0.3333844244480133,
            0.5318524315953255,
            -0.37976261228322983,
            0.9603524233056964
        ],
        [
            -0.204340610653162,
            -0.514485314488411,
            -0.26274288073182106,
            -0.29038239270448685,
            0.33639565110206604,
            0.5467391386628151,
            -0.3642839938402176,
            0.9603524233056964
        ],
        [
            -0.20511580631136894,
            -0.3823544457554817,
            -0.2804552763700485,
            -0.27277378365397453,
            0.3333745524287224,
            0.5989231541752815,
            -0.3137015551328659,
            0.9603524233056964
        ],
        [
            -0.20637286826968193,
            -0.2916872315108776,
            -0.28474947437644005,
            -0.250651091337204,
            0.3377718850970268,
            0.6217553094029427,
            -0.2914797328412533,
            0.9603524233056964
        ],
        [
            -0.21361295133829117,
            -0.1939624361693859,
            -0.2839917875826359,
            -0.2440439909696579,
            0.3282221779227257,
            0.687950849533081,
            -0.25975365191698074,
            0.9603524233056964
        ],
        [
            -0.21034929901361465,
            -0.11997927911579609,
            -0.26668502017855644,
            -0.23634601384401321,
            0.3292284160852432,
            0.7385315746068954,
            -0.239731352776289,
            0.9603524233056964
        ],
        [
            -0.19721118733286858,
            -0.0727095128968358,
            -0.23687513545155525,
            -0.22037655115127563,
            0.3467484191060066,
            0.7563472539186478,
            -0.24596253409981728,
            0.9603524233056964
        ],
        [
            -0.18174037337303162,
            -0.021359508391469717,
            -0.20920637995004654,
            -0.19218038767576218,
            0.38551274687051773,
            0.7529527693986893,
            -0.2855022996664047,
            0.9603524233056964
        ],
        [
            -0.16341069713234901,
            0.03057484980672598,
            -0.18226712942123413,
            -0.1566760428249836,
            0.43847959488630295,
            0.736791118979454,
            -0.34393932670354843,
            0.9603524233056964
        ],
        [
            -0.14186916872859,
            0.08836365304887295,
            -0.15378202311694622,
            -0.11420279741287231,
            0.5028801783919334,
            0.7208877801895142,
            -0.41630327701568604,
            0.9603524233056964
        ],
        [
            -0.12116842903196812,
            0.14528817497193813,
            -0.12678826227784157,
            -0.07881701923906803,
            0.5466000363230705,
            0.7385440170764923,
            -0.47105487436056137,
            0.9603524233056964
        ],
        [
            -0.1003388874232769,
            0.20173290744423866,
            -0.09864375926554203,
            -0.0487730884924531,
            0.6120174005627632,
            0.7505039125680923,
            -0.5466063693165779,
            0.9603524233056964
        ],
        [
            -0.08889535441994667,
            0.2853269502520561,
            -0.07127088028937578,
            0.01099198474548757,
            0.5953389033675194,
            0.6743419170379639,
            -0.5498459190130234,
            0.9603524233056964
        ]
    ],
    "retrieved_0_prompt": "pour the contents of the mug into the bowl",
    "retrieved_1_state": [
        0.47179126739501953,
        0.7510868906974792,
        0.2576562762260437,
        -1.7922279834747314,
        -0.14504793286323547,
        1.867566704750061,
        0.08620507270097733,
        1.0
    ],