{
    "query_state": [
        0.10616379976272583,
        0.3309001326560974,
        0.09694945067167282,
        -1.868238925933838,
        -0.0845482274889946,
        2.1150002479553223,
        0.22657236456871033,
        0.0
    ],
    "query_prompt": "move the can to the tray",
    "inference_time": true,
    "retrieved_0_state": [
        0.021736236289143562,
        0.3653324544429779,
        0.029472626745700836,
        -1.990115761756897,
        -0.050226710736751556,
        2.199547529220581,
        0.2611028552055359,
        0.0
    ],
    "retrieved_0_actions": [
        [
            0.04624144174158573,
            0.14804848469793797,
            -0.07703914307057858,
            0.12545855715870857,
            0.15281984582543373,
            -0.11335309594869614,
            -0.0233493372797966,
            0.0
        ],
        [
            0.02775847679004073,
            0.14337888918817043,
            -0.062138019129633904,
            0.13005496002733707,
            0.18725767731666565,
            -0.1022136490792036,
            -0.06323589477688074,
            0.0
        ],
        [
            0.014652021927759051,
            0.15207105316221714,
            -0.05566814448684454,
            0.13201595284044743,
            0.19883055239915848,
            -0.09056045673787594,
            -0.08601021021604538,
            0.0
        ],
        [
            0.010061310604214668,
            0.1535820122808218,
            -0.05574579816311598,
            0.1327842753380537,
            0.19603008404374123,
            -0.08775316178798676,
            -0.08424213156104088,
            0.0
        ],
        [
            0.00858144776429981,
            0.1286684349179268,
            -0.04788027610629797,
            0.14583304524421692,
            0.1951078325510025,
            -0.10336929932236671,
            -0.0932866707444191,
            0.0
        ],
        [
            0.006709553417749703,
            0.10886033996939659,
            -0.04454928915947676,
            0.14780482277274132,
            0.18963569775223732,
            -0.10353328660130501,
            -0.09947803802788258,
            0.0
        ],
        [
            0.005501300911419094,
            0.09513689205050468,
            -0.04406447056680918,
            0.14349227771162987,
            0.1756955310702324,
            -0.09595737792551517,
            -0.10913999751210213,
            0.0
        ],
        [
            0.0053732062224298716,
            0.08368374779820442,
            -0.04415830597281456,
            0.13942678458988667,
            0.17120981588959694,
            -0.09326145052909851,
            -0.10816788300871849,
            0.0
        ],
        [
            0.003997614549007267,
            0.07793623488396406,
            -0.04049816634505987,
            0.13851746916770935,
            0.17934760078787804,
            -0.09561409242451191,
            -0.10298214852809906,
            0.0
        ],
        [
            0.004220380797050893,
            0.07592677138745785,
            -0.03808113746345043,
            0.1432375330477953,
            0.18611207604408264,
            -0.10481277480721474,
            -0.09421600960195065,
            0.0
        ],
        [
            0.005060076364316046,
            0.07173768244683743,
            -0.03523160004988313,
            0.14839616604149342,
            0.19369641318917274,
            -0.11205263435840607,
            -0.08598825894296169,
            0.25
        ],
        [
            -0.00039498176192864776,
            0.064467778429389,
            -0.02679315861314535,
            0.1521778479218483,
            0.2165079489350319,
            -0.11619647964835167,
            -0.08469007909297943,
            0.3072687556750414
        ],
        [
            -0.00022061256458982825,
            0.04889474716037512,
            -0.01826395862735808,
            0.15453173778951168,
            0.2243397757411003,
            -0.10913833044469357,
            -0.08239030838012695,
            0.4438326373468501
        ],
        [
            0.020922485273331404,
            0.009820407722145319,
            -0.00920336227864027,
            0.17207954078912735,
            0.19111484289169312,
            -0.11974387802183628,
            -0.08387011475861073,
            0.5715859007668576
        ],
        [
            0.0395846227183938,
            -0.04756071139127016,
            -0.014944763388484716,
            0.17185933887958527,
            0.1455955859273672,
            -0.12569586746394634,
            -0.07260831538587809,
            0.6905286335889526
        ]
    ],
    "retrieved_0_prompt": "move duck to the left",
    "retrieved_1_state": [
        0.021723022684454918,
        0.33144915103912354,
        0.03666435554623604,
        -1.9901756048202515,
        -0.054524797946214676,
        2.20011043548584,
        0.2559841275215149,
        0.0
    ],