{
    "query_state": [
        -0.0840795710682869,
        -0.511262059211731,
        -0.03272819519042969,
        -2.6255435943603516,
        -0.04334751144051552,
        2.083402395248413,
        0.07537304610013962,
        0.0
    ],
    "query_prompt": "move the marker to the tray",
    "inference_time": true,
    "retrieved_0_state": [
        0.04375368356704712,
        0.21411189436912537,
        0.03830702230334282,
        -2.682605504989624,
        -0.1603459268808365,
        2.5811500549316406,
        -0.03244778513908386,
        0.5903083549845742
    ],
    "retrieved_0_actions": [
        [
            -0.1627388782799244,
            -0.6090725958347321,
            0.028650083113461733,
            0.1709103211760521,
            0.3074914589524269,
            -0.7137646526098251,
            -0.5184683576226234,
            0.9196035248082857
        ],
        [
            -0.12022328563034534,
            -0.6995167583227158,
            -0.0029141089180484414,
            0.2594470791518688,
            0.3443703427910805,
            -0.9111806750297546,
            -0.5405031889677048,
            0.9636563969325698
        ],
        [
            -0.08906527422368526,
            -0.567224845290184,
            -0.05392218008637428,
            0.39397962391376495,
            0.3008724935352802,
            -1.0000000149011612,
            -0.48909489065408707,
            0.9636563914542017
        ],
        [
            -0.07560338824987411,
            -0.33958181738853455,
            -0.11013309471309185,
            0.5574895814061165,
            0.1722894236445427,
            -1.0000000149011612,
            -0.376783087849617,
            0.9471365644075951
        ],
        [
            -0.08935105055570602,
            -0.10990212671458721,
            -0.14636567793786526,
            0.7606995850801468,
            0.04551947582513094,
            -0.9831960499286652,
            -0.27501918375492096,
            0.9471365644075951
        ],
        [
            -0.0973164290189743,
            0.2427901327610016,
            -0.1514697913080454,
            0.8932746201753616,
            -0.025294192600995302,
            -0.7347631454467773,
            -0.24336982518434525,
            0.9471365644075951
        ],
        [
            -0.07565474603325129,
            0.49544740468263626,
            -0.11642578057944775,
            0.9074363857507706,
            -0.06399821024388075,
            -0.49761228263378143,
            -0.18056701868772507,
            0.9471365644075951
        ],
        [
            -0.05276543088257313,
            0.6961475312709808,
            -0.07184258662164211,
            0.9811897575855255,
            -0.09504674933850765,
            -0.40736623108386993,
            -0.12335887178778648,
            0.9471365644075951
        ],
        [
            -0.02263844246044755,
            0.789196640253067,
            -0.022364528849720955,
            0.9603530168533325,
            -0.12554362416267395,
            -0.32857436686754227,
            -0.06457384210079908,
            0.9471365644075951
        ],
        [
            0.020519746467471123,
            0.8159653842449188,
            0.02855752594769001,
            0.9029572457075119,
            -0.15540476888418198,
            -0.2920214273035526,
            -0.012925176415592432,
            0.9471365644075951
        ],
        [
            0.05115319974720478,
            0.7627749443054199,
            0.0683758594095707,
            0.8115088194608688,
            -0.1440134458243847,
            -0.2879708632826805,
            0.003354487707838416,
            0.9471365644075951
        ],
        [
            0.08895335718989372,
            0.6780222058296204,
            0.10046488605439663,
            0.723014622926712,
            -0.1476696226745844,
            -0.29398323968052864,
            0.03108326345682144,
            0.9471365644075951
        ],
        [
            0.11682841926813126,
            0.5698617920279503,
            0.11622871272265911,
            0.6381349265575409,
            -0.1455723587423563,
            -0.3131038323044777,
            0.058325412683188915,
            0.9471365644075951
        ],
        [
            0.11930590495467186,
            0.47081001102924347,
            0.11542174033820629,
            0.5628220736980438,
            -0.12489802204072475,
            -0.333058200776577,
            0.05931858904659748,
            0.9471365644075951
        ],
        [
            0.10163703933358192,
            0.38230352103710175,
            0.10313625447452068,
            0.4890245199203491,
            -0.10434936732053757,
            -0.35876236855983734,
            0.05044936202466488,
            0.9471365644075951
        ]
    ],
    "retrieved_0_prompt": "pick up the pineapple and put it in the bowl",
    "retrieved_1_state": [
        -0.13858209550380707,
        -0.6237104535102844,
        -0.050069645047187805,
        -2.651493787765503,
        -0.05010528489947319,
        2.0563719272613525,
        0.10593561828136444,
        0.0
    ],