{
    "query_state": [
        -0.015851493924856186,
        -0.4358627498149872,
        -0.05018217861652374,
        -2.431124210357666,
        -0.055249884724617004,
        1.9672640562057495,
        -0.00011770394485211,
        0.0
    ],
    "query_prompt": "move the marker to the tray",
    "inference_time": true,
    "retrieved_0_state": [
        -0.05530453100800514,
        -0.6153526902198792,
        -0.006526018492877483,
        -2.580549478530884,
        -0.03463389351963997,
        1.9785141944885254,
        0.10107305645942688,
        0.0
    ],
    "retrieved_0_actions": [
        [
            -0.22198164835572243,
            -0.15403680503368378,
            -0.1539152767509222,
            -0.24509917944669724,
            -0.09081259369850159,
            0.2327164262533188,
            0.06441721692681313,
            0.0
        ],
        [
            -0.22676050662994385,
            -0.19054865464568138,
            -0.146157369017601,
            -0.3467573970556259,
            -0.12050025165081024,
            0.3188951313495636,
            0.07552840746939182,
            0.0
        ],
        [
            -0.20969470962882042,
            -0.1770537905395031,
            -0.14986091293394566,
            -0.3734865039587021,
            -0.11339672841131687,
            0.3520820662379265,
            0.050697317346930504,
            0.0
        ],
        [
            -0.19793037325143814,
            -0.07165774703025818,
            -0.15298244543373585,
            -0.3819190710783005,
            -0.11190483346581459,
            0.4429268464446068,
            0.04027801565825939,
            0.0
        ],
        [
            -0.17993956804275513,
            0.03423828398808837,
            -0.14997325837612152,
            -0.36579858511686325,
            -0.09225999936461449,
            0.5139564722776413,
            0.03138279775157571,
            0.0
        ],
        [
            -0.14540532603859901,
            0.4876035451889038,
            -0.15844861045479774,
            0.009285680716857314,
            -0.06822159513831139,
            0.586366094648838,
            0.0010503477096790448,
            0.0
        ],
        [
            -0.12468097731471062,
            0.6098589301109314,
            -0.1522606611251831,
            0.009292527101933956,
            -0.05200854502618313,
            0.6873511523008347,
            -0.013213627971708775,
            0.0
        ],
        [
            -0.10684248059988022,
            0.6951364129781723,
            -0.14237310737371445,
            0.005514110089279711,
            -0.03491179319098592,
            0.7565616816282272,
            -0.00566636270377785,
            0.0
        ],
        [
            -0.10552135296165943,
            0.7457013428211212,
            -0.12735403142869473,
            0.005016896175220609,
            -0.04013775382190943,
            0.7758773118257523,
            0.012504372280091047,
            0.0
        ],
        [
            -0.08098296821117401,
            0.7682617008686066,
            -0.12530935928225517,
            0.004226251621730626,
            -0.03800609149038792,
            0.7250001281499863,
            -0.012318318476900458,
            0.0
        ],
        [
            -0.04882999695837498,
            0.7667452841997147,
            -0.09941905736923218,
            0.003344289434608072,
            -0.04387585911899805,
            0.6774122267961502,
            -0.010660412954166532,
            0.0
        ],
        [
            -0.011902309488505125,
            0.724770575761795,
            -0.0856334064155817,
            0.0027348179719410837,
            -0.029228851199150085,
            0.6190728023648262,
            -0.0034230717574246228,
            0.0
        ],
        [
            0.02006802475079894,
            0.6795066595077515,
            -0.07962366566061974,
            0.00221948153921403,
            -0.028753988444805145,
            0.5756616964936256,
            0.012971468968316913,
            0.0
        ],
        [
            0.049017337150871754,
            0.6243142113089561,
            -0.09673548862338066,
            0.0015069864457473159,
            -0.03356999717652798,
            0.527045913040638,
            0.00016695830709068105,
            0.0
        ],
        [
            0.0785012636333704,
            0.607156977057457,
            -0.12909808196127415,
            0.001050084101734683,
            -0.04125113133341074,
            0.5227376520633698,
            -0.014708380913361907,
            0.0
        ]
    ],
    "retrieved_0_prompt": "pick up the watermelon slice and put it in the bowl",
    "retrieved_1_state": [
        -0.1338246464729309,
        -0.519904613494873,
        -0.15013954043388367,
        -2.523106813430786,
        -0.13660560548305511,
        1.9829126596450806,
        -0.11938692629337311,
        0.0
    ],