{
    "query_state": [
        0.16657957434654236,
        0.43498778343200684,
        -0.01965370588004589,
        -2.039264678955078,
        -0.05056079849600792,
        2.2957000732421875,
        0.3277357816696167,
        0.0
    ],
    "query_prompt": "place the apple next to the can",
    "inference_time": true,
    "retrieved_0_state": [
        -0.006946190260350704,
        -0.061665043234825134,
        0.004411464091390371,
        -2.385134220123291,
        -0.04947436973452568,
        1.991287350654602,
        -0.23918521404266357,
        0.7885462576303806
    ],
    "retrieved_0_actions": [
        [
            -0.07565474603325129,
            0.49544740468263626,
            -0.11642578057944775,
            0.9074363857507706,
            -0.06399821024388075,
            -0.49761228263378143,
            -0.18056701868772507,
            0.9471365644075951
        ],
        [
            -0.05276543088257313,
            0.6961475312709808,
            -0.07184258662164211,
            0.9811897575855255,
            -0.09504674933850765,
            -0.40736623108386993,
            -0.12335887178778648,
            0.9471365644075951
        ],
        [
            -0.02263844246044755,
            0.789196640253067,
            -0.022364528849720955,
            0.9603530168533325,
            -0.12554362416267395,
            -0.32857436686754227,
            -0.06457384210079908,
            0.9471365644075951
        ],
        [
            0.020519746467471123,
            0.8159653842449188,
            0.02855752594769001,
            0.9029572457075119,
            -0.15540476888418198,
            -0.2920214273035526,
            -0.012925176415592432,
            0.9471365644075951
        ],
        [
            0.05115319974720478,
            0.7627749443054199,
            0.0683758594095707,
            0.8115088194608688,
            -0.1440134458243847,
            -0.2879708632826805,
            0.003354487707838416,
            0.9471365644075951
        ],
        [
            0.08895335718989372,
            0.6780222058296204,
            0.10046488605439663,
            0.723014622926712,
            -0.1476696226745844,
            -0.29398323968052864,
            0.03108326345682144,
            0.9471365644075951
        ],
        [
            0.11682841926813126,
            0.5698617920279503,
            0.11622871272265911,
            0.6381349265575409,
            -0.1455723587423563,
            -0.3131038323044777,
            0.058325412683188915,
            0.9471365644075951
        ],
        [
            0.11930590495467186,
            0.47081001102924347,
            0.11542174033820629,
            0.5628220736980438,
            -0.12489802204072475,
            -0.333058200776577,
            0.05931858904659748,
            0.9471365644075951
        ],
        [
            0.10163703933358192,
            0.38230352103710175,
            0.10313625447452068,
            0.4890245199203491,
            -0.10434936732053757,
            -0.35876236855983734,
            0.05044936202466488,
            0.9471365644075951
        ],
        [
            0.08019921369850636,
            0.2984870411455631,
            0.07959744893014431,
            0.4217333719134331,
            -0.11765241622924805,
            -0.3583354502916336,
            0.044139293022453785,
            0.5385462576303806
        ],
        [
            0.04469942767173052,
            0.21597228944301605,
            0.0590713694691658,
            0.3723274916410446,
            -0.10903362184762955,
            -0.3645564615726471,
            0.03098124172538519,
            0.49008809829366806
        ],
        [
            0.012341132387518883,
            0.14234572649002075,
            0.04546759184449911,
            0.3257395327091217,
            -0.09574238210916519,
            -0.3630946949124336,
            0.01955610467121005,
            0.3667400782591447
        ],
        [
            0.0033304281532764435,
            0.07808463647961617,
            0.03167822025716305,
            0.259835384786129,
            -0.1207608450204134,
            -0.34221045672893524,
            0.021110770758241415,
            0.22136566598942353
        ],
        [
            0.010688194306567311,
            0.04660069942474365,
            0.02217679051682353,
            0.2057386189699173,
            -0.14809949323534966,
            -0.3067377395927906,
            0.04204575438052416,
            0.098017624041428
        ],
        [
            0.0118923035915941,
            0.031062725465744734,
            0.024784712586551905,
            0.16669895499944687,
            -0.13571355491876602,
            -0.2796761877834797,
            0.05608141887933016,
            0.0
        ]
    ],
    "retrieved_0_prompt": "pick up the pineapple and put it in the bowl",
    "retrieved_1_state": [
        -0.01671239733695984,
        -0.05182499811053276,
        -0.010335622355341911,
        -2.298374652862549,
        -0.05137160047888756,
        1.9232239723205566,
        -0.25465595722198486,
        0.7885462576303806
    ],