{
    "query_state": [
        0.046736378222703934,
        -0.20857109129428864,
        0.12533806264400482,
        -2.6245884895324707,
        0.006198217626661062,
        2.3414716720581055,
        0.1697070598602295,
        0.0
    ],
    "query_prompt": "place the apple next to the can",
    "inference_time": true,
    "retrieved_0_state": [
        -0.00645627873018384,
        -0.6012836694717407,
        -0.005688974633812904,
        -2.5195772647857666,
        -0.02039933390915394,
        1.912096619606018,
        -0.014367077499628067,
        0.0
    ],
    "retrieved_0_actions": [
        [
            -0.09681474417448044,
            -0.007178299711085856,
            -0.07970421575009823,
            -0.042394339106976986,
            -0.0681097200140357,
            0.11261057108640671,
            0.009765097056515515,
            0.0
        ],
        [
            -0.1238039880990982,
            -0.0035518419463187456,
            -0.11584505438804626,
            -0.04875210113823414,
            -0.10081475600600243,
            0.11766726151108742,
            -0.024172214325517416,
            0.0
        ],
        [
            -0.15193533152341843,
            0.01446143607608974,
            -0.14797295443713665,
            -0.04964135121554136,
            -0.13702310621738434,
            0.1314450427889824,
            -0.05752976518124342,
            0.0
        ],
        [
            -0.16451071947813034,
            0.045050508342683315,
            -0.1755753718316555,
            -0.044890972785651684,
            -0.16520950943231583,
            0.1474566664546728,
            -0.10243990458548069,
            0.0
        ],
        [
            -0.1569582149386406,
            0.09032918140292168,
            -0.18986931070685387,
            -0.026605217717587948,
            -0.1671615056693554,
            0.154674481600523,
            -0.1497842837125063,
            0.0
        ],
        [
            -0.1440067868679762,
            0.09102289564907551,
            -0.18860440701246262,
            0.03580441465601325,
            -0.17414120957255363,
            0.08924939669668674,
            -0.19810162484645844,
            0.0
        ],
        [
            -0.13455085456371307,
            0.15165796503424644,
            -0.19937850534915924,
            0.06214818451553583,
            -0.1846267655491829,
            0.1082468032836914,
            -0.25701966136693954,
            0.0
        ],
        [
            -0.12009337544441223,
            0.2001647837460041,
            -0.1903662458062172,
            0.0709391850978136,
            -0.1889260672032833,
            0.13463442213833332,
            -0.28653088957071304,
            0.0
        ],
        [
            -0.0937083549797535,
            0.30569907277822495,
            -0.20195543766021729,
            0.031112604774534702,
            -0.19081801176071167,
            0.25192592293024063,
            -0.35421378910541534,
            0.0
        ],
        [
            -0.07545544300228357,
            0.3511643037199974,
            -0.19413242116570473,
            0.022745933383703232,
            -0.1783679611980915,
            0.3079678863286972,
            -0.3769958019256592,
            0.0
        ],
        [
            -0.0647530984133482,
            0.4084549844264984,
            -0.1936931349337101,
            0.030989013612270355,
            -0.1615741103887558,
            0.33906344324350357,
            -0.3966507315635681,
            0.0
        ],
        [
            -0.06785731296986341,
            0.45739442110061646,
            -0.19064605236053467,
            0.04315811209380627,
            -0.14308346435427666,
            0.38652293384075165,
            -0.39052680134773254,
            0.0
        ],
        [
            -0.08185465820133686,
            0.528436116874218,
            -0.20026817917823792,
            0.0593419698998332,
            -0.11524501256644726,
            0.44402796775102615,
            -0.3818600997328758,
            0.0
        ],
        [
            -0.0949533935636282,
            0.5592610314488411,
            -0.19111573696136475,
            0.06839347537606955,
            -0.08524220436811447,
            0.4682053253054619,
            -0.35517044365406036,
            0.0
        ],
        [
            -0.10022261179983616,
            0.5576149746775627,
            -0.17332850024104118,
            0.057265907526016235,
            -0.046516088768839836,
            0.4933195933699608,
            -0.3286851942539215,
            0.0
        ]
    ],
    "retrieved_0_prompt": "pour the contents of the mug into the bowl",
    "retrieved_1_state": [
        -0.015609283931553364,
        -0.5867960453033447,
        -0.0014146268367767334,
        -2.5186808109283447,
        0.027187492698431015,
        1.9257603883743286,
        -0.023459920659661293,
        0.0
    ],