{
    "query_state": [
        0.2626698613166809,
        0.44518929719924927,
        0.09859690070152283,
        -1.842924952507019,
        -0.1613972932100296,
        2.143303155899048,
        0.28139573335647583,
        0.0
    ],
    "query_prompt": "move the can to the tray",
    "inference_time": true,
    "retrieved_0_state": [
        0.0778081864118576,
        -0.014455657452344894,
        0.07390186935663223,
        -2.2459964752197266,
        -0.21244658529758453,
        2.097040891647339,
        0.1649850457906723,
        0.9251101338238211
    ],
    "retrieved_0_actions": [
        [
            0.07261104881763458,
            0.08193178102374077,
            0.09050004184246063,
            0.04193009342998266,
            -0.14889766462147236,
            -0.07735116872936487,
            0.37686802446842194,
            0.9812775334559553
        ],
        [
            0.025394102558493614,
            0.09985912591218948,
            0.03164730966091156,
            0.1078652124851942,
            -0.12266291305422783,
            -0.10519037954509258,
            0.2894151397049427,
            0.9812775334559553
        ],
        [
            0.002365962864132598,
            0.10469317436218262,
            -0.0019693812646437436,
            0.1431643683463335,
            -0.11000939644873142,
            -0.13400941155850887,
            0.23638004437088966,
            0.9812775334559553
        ],
        [
            0.00309424678562209,
            0.10099572129547596,
            -0.011250503594055772,
            0.14923542737960815,
            -0.12336142361164093,
            -0.16975035890936852,
            0.21107835695147514,
            0.6751101338238211
        ],
        [
            0.018482297891750932,
            0.04341909661889076,
            -0.003550480178091675,
            0.09507119655609131,
            -0.13934465125203133,
            -0.1852797158062458,
            0.19783375784754753,
            0.6046255548600706
        ],
        [
            0.034570666030049324,
            -0.02230214886367321,
            0.007836412405595183,
            0.036658914759755135,
            -0.1496891863644123,
            -0.20248046144843102,
            0.19710171967744827,
            0.4812775457822833
        ],
        [
            0.04802611190825701,
            -0.09511485695838928,
            0.02004294190555811,
            -0.031343172304332256,
            -0.17556436359882355,
            -0.20561536774039268,
            0.19187338650226593,
            0.3579295038342878
        ],
        [
            0.06018636282533407,
            -0.18593944609165192,
            0.03152783494442701,
            -0.12280032970011234,
            -0.21787960082292557,
            -0.18359677866101265,
            0.21581139415502548,
            0.2389867710121929
        ],
        [
            0.0672453036531806,
            -0.2895159460604191,
            0.04734410438686609,
            -0.2141629159450531,
            -0.20042536780238152,
            -0.14356163330376148,
            0.25647833943367004,
            0.10242293316732853
        ],
        [
            0.06702510640025139,
            -0.38455475121736526,
            0.06356729660183191,
            -0.300793144851923,
            -0.18086764961481094,
            -0.0939745269715786,
            0.2903234399855137,
            0.0
        ],
        [
            0.0,
            0.0,
            0.0,
            0.0,
            0.0,
            0.0,
            0.0,
            0.0
        ],
        [
            0.0,
            0.0,
            0.0,
            0.0,
            0.0,
            0.0,
            0.0,
            0.0
        ],
        [
            0.0,
            0.0,
            0.0,
            0.0,
            0.0,
            0.0,
            0.0,
            0.0
        ],
        [
            0.0,
            0.0,
            0.0,
            0.0,
            0.0,
            0.0,
            0.0,
            0.0
        ],
        [
            0.0,
            0.0,
            0.0,
            0.0,
            0.0,
            0.0,
            0.0,
            0.0
        ]
    ],
    "retrieved_0_prompt": "move the watermelon slice from one bowl to the other bowl",
    "retrieved_1_state": [
        0.04650493338704109,
        -0.013313543051481247,
        0.04211386293172836,
        -2.226135015487671,
        -0.21143752336502075,
        2.097188711166382,
        0.09590090066194534,
        0.9251101338238211
    ],