{
    "query_state": [
        0.02655096910893917,
        -0.4423139989376068,
        0.04913324490189552,
        -2.413426637649536,
        -0.029736259952187538,
        1.9303144216537476,
        0.04183994606137276,
        0.0
    ],
    "query_prompt": "move the can to the tray",
    "inference_time": true,
    "retrieved_0_state": [
        -0.006740247365087271,
        -0.6034102439880371,
        -0.0037973306607455015,
        -2.5196518898010254,
        -0.026244638487696648,
        1.9078655242919922,
        -0.011613010428845882,
        0.0
    ],
    "retrieved_0_actions": [
        [
            -0.022043106146156788,
            -0.09699949063360691,
            0.02059100428596139,
            -0.15933018177747726,
            -0.013292481889948249,
            0.13875890523195267,
            0.0907950010150671,
            0.0
        ],
        [
            -0.16106046736240387,
            -0.24511564522981644,
            -0.0683370791375637,
            -0.3879125788807869,
            -0.04920870531350374,
            0.2900548093020916,
            0.18001100048422813,
            0.0
        ],
        [
            -0.2625018358230591,
            -0.2652152255177498,
            -0.15126049518585205,
            -0.44696297496557236,
            -0.11556933633983135,
            0.35032983869314194,
            0.14767732471227646,
            0.0
        ],
        [
            -0.3286289796233177,
            -0.24733209982514381,
            -0.2318977378308773,
            -0.45249179005622864,
            -0.16806557774543762,
            0.3879290446639061,
            0.06764479447156191,
            0.0
        ],
        [
            -0.40013689547777176,
            -0.15906339511275291,
            -0.3057386912405491,
            -0.4457729309797287,
            -0.2360612340271473,
            0.43073222041130066,
            -0.010645746951922774,
            0.0
        ],
        [
            -0.4426826909184456,
            -0.012331177713349462,
            -0.3381354734301567,
            -0.4476475343108177,
            -0.2971937507390976,
            0.5619799718260765,
            -0.06509721744805574,
            0.0
        ],
        [
            -0.43411947786808014,
            0.1822189800441265,
            -0.3167373314499855,
            -0.3902176395058632,
            -0.30931927263736725,
            0.6873808056116104,
            -0.07852014154195786,
            0.0
        ],
        [
            -0.3543918579816818,
            0.6233120337128639,
            -0.29794469475746155,
            0.008133542723953724,
            -0.22290920838713646,
            0.6621053814888,
            -0.10365358553826809,
            0.0
        ],
        [
            -0.24146610870957375,
            0.7466475665569305,
            -0.2341143786907196,
            0.007022869540378451,
            -0.12271329760551453,
            0.7396925240755081,
            -0.06411776412278414,
            0.0
        ],
        [
            -0.11505082249641418,
            0.8052388578653336,
            -0.1674988679587841,
            0.005511404015123844,
            -0.02079789061099291,
            0.8052068203687668,
            -0.026931369211524725,
            0.0
        ],
        [
            -0.015049137873575091,
            0.7572238147258759,
            -0.10638494044542313,
            0.0035856847534887493,
            0.06990639492869377,
            0.7437235116958618,
            -0.019841804169118404,
            0.0
        ],
        [
            0.06646002642810345,
            0.697496309876442,
            -0.03781604580581188,
            0.0022493681171908975,
            0.13042746111750603,
            0.6682003289461136,
            -0.007798026781529188,
            0.0
        ],
        [
            0.11818443424999714,
            0.6268823891878128,
            0.023741978220641613,
            0.002501046401448548,
            0.1467878744006157,
            0.6045101583003998,
            0.04138084128499031,
            0.0
        ],
        [
            0.1761172153055668,
            0.4985887184739113,
            0.08538669906556606,
            0.0018602763884700835,
            0.18739726394414902,
            0.5086750909686089,
            0.0910478550940752,
            0.0
        ],
        [
            0.21250536665320396,
            0.3722023591399193,
            0.12612487189471722,
            0.0014189128705766052,
            0.20607620477676392,
            0.433528795838356,
            0.129422415047884,
            0.0
        ]
    ],
    "retrieved_0_prompt": "pick up the spoon in the bowl and put it in the other bowl",
    "retrieved_1_state": [
        0.0006025055190548301,
        -0.5619070529937744,
        0.008358083665370941,
        -2.5638551712036133,
        0.010808364488184452,
        1.9364678859710693,
        -0.010395503602921963,
        0.0
    ],