{
    "query_state": [
        -0.009012611582875252,
        -0.46745508909225464,
        -0.008160220459103584,
        -2.5084779262542725,
        -0.02067439630627632,
        2.071572780609131,
        0.02849503792822361,
        0.0
    ],
    "query_prompt": "place the apple next to the can",
    "inference_time": true,
    "retrieved_0_state": [
        0.04544510692358017,
        -0.5780898928642273,
        0.05837951600551605,
        -2.643944025039673,
        0.01369408704340458,
        2.035626173019409,
        0.04136643931269646,
        0.0
    ],
    "retrieved_0_actions": [
        [
            0.02139159943908453,
            0.7381269335746765,
            0.16842514276504517,
            0.05277389660477638,
            -0.018288508290424943,
            0.6470999121665955,
            0.2648554742336273,
            0.0
        ],
        [
            -0.05825368221849203,
            0.9215007722377777,
            0.10180866345763206,
            0.25682806968688965,
            -0.09653354994952679,
            0.5965316668152809,
            0.23810381069779396,
            0.0
        ],
        [
            -0.1419672742486,
            0.9959761053323746,
            0.044191223569214344,
            0.4564376547932625,
            -0.18766425549983978,
            0.46369768679142,
            0.24766158312559128,
            0.0
        ],
        [
            -0.18117999657988548,
            0.995362251996994,
            -0.026107728481292725,
            0.6490348279476166,
            -0.23603806272149086,
            0.26569534093141556,
            0.2181900292634964,
            0.0
        ],
        [
            -0.1686602085828781,
            0.9957832843065262,
            -0.08963181637227535,
            0.7798715680837631,
            -0.24821046739816666,
            0.134047856554389,
            0.2025487832725048,
            0.0
        ],
        [
            -0.11474490165710449,
            0.9792379289865494,
            -0.15584317967295647,
            0.8842064440250397,
            -0.20144285634160042,
            0.01409464399330318,
            0.1591266505420208,
            0.0
        ],
        [
            -0.059774541296064854,
            0.9315859526395798,
            -0.19081195816397667,
            0.9267415106296539,
            -0.14577326364815235,
            -0.06359099876135588,
            0.1075367908924818,
            0.0
        ],
        [
            -0.014759328914806247,
            0.9006038308143616,
            -0.19820565357804298,
            0.9591705352067947,
            -0.09449644945561886,
            -0.12319590896368027,
            0.06799689494073391,
            0.0
        ],
        [
            0.012418971164152026,
            0.8802872896194458,
            -0.18837891519069672,
            0.9779077768325806,
            -0.06312114652246237,
            -0.15314985066652298,
            0.03832552582025528,
            0.0
        ],
        [
            0.024687200784683228,
            0.8411699533462524,
            -0.16755634918808937,
            0.9647452086210251,
            -0.013756791595369577,
            -0.19194113090634346,
            0.006223576492629945,
            0.0
        ],
        [
            0.026712308172136545,
            0.7734492421150208,
            -0.14845645055174828,
            0.944102555513382,
            0.009688493446446955,
            -0.23729192093014717,
            -0.03496164456009865,
            0.0
        ],
        [
            0.01618720474652946,
            0.7282187789678574,
            -0.12756205163896084,
            0.9244515001773834,
            0.04086377564817667,
            -0.277129951864481,
            -0.07204991765320301,
            0.0
        ],
        [
            0.017053174087777734,
            0.7073798775672913,
            -0.12253210879862309,
            0.9120268374681473,
            0.042907665483653545,
            -0.312003493309021,
            -0.057093710638582706,
            0.0
        ],
        [
            0.015628266846761107,
            0.6694339960813522,
            -0.10992227122187614,
            0.8620762825012207,
            0.052032764069736004,
            -0.33113595098257065,
            -0.044843913055956364,
            0.0
        ],
        [
            0.0023713783593848348,
            0.5986081808805466,
            -0.08810756728053093,
            0.7738417387008667,
            0.06727390456944704,
            -0.30952751636505127,
            -0.05722757428884506,
            0.0
        ]
    ],
    "retrieved_0_prompt": "move apple to the right",
    "retrieved_1_state": [
        0.013021796941757202,
        -0.5899484753608704,
        0.011149590834975243,
        -2.518643617630005,
        -0.026322999969124794,
        1.9164975881576538,
        0.04165549576282501,
        0.0
    ],