{
    "query_state": [
        0.21660377085208893,
        0.4076068103313446,
        0.21996285021305084,
        -2.069844961166382,
        -0.2010246068239212,
        2.1284971237182617,
        -0.11110804229974747,
        0.0
    ],
    "query_prompt": "move the can to the tray",
    "inference_time": true,
    "retrieved_0_state": [
        0.47179126739501953,
        0.7510868906974792,
        0.2576562762260437,
        -1.7922279834747314,
        -0.14504793286323547,
        1.867566704750061,
        0.08620507270097733,
        1.0
    ],
    "retrieved_0_actions": [
        [
            0.4259643331170082,
            0.5454464256763458,
            0.08345444686710835,
            0.9655167907476425,
            -0.16027407720685005,
            -0.5364421010017395,
            0.04912812728434801,
            1.0
        ],
        [
            0.43602369725704193,
            0.554826408624649,
            0.05687314085662365,
            0.969339981675148,
            -0.17512554302811623,
            -0.5279521271586418,
            0.025434056296944618,
            1.0
        ],
        [
            0.4120215028524399,
            0.537785142660141,
            0.012920110020786524,
            0.9578981995582581,
            -0.13885457068681717,
            -0.5255613848567009,
            -0.02185558434575796,
            1.0
        ],
        [
            0.35449936985969543,
            0.46442214399576187,
            -0.03286958206444979,
            0.8860005438327789,
            -0.11317272670567036,
            -0.5103456974029541,
            -0.07369332946836948,
            0.75
        ],
        [
            0.2537528984248638,
            0.24632707238197327,
            -0.08078684099018574,
            0.5921200662851334,
            -0.09640159085392952,
            -0.39945296943187714,
            -0.0879452284425497,
            0.6795154210362495
        ],
        [
            0.15749748796224594,
            0.04218685440719128,
            -0.11327717453241348,
            0.31695790588855743,
            -0.06346200592815876,
            -0.34946367144584656,
            -0.04846290685236454,
            0.5781938315855002
        ],
        [
            0.03479477949440479,
            -0.22820068523287773,
            -0.11301056481897831,
            -0.09864741005003452,
            -0.003800461709033698,
            -0.24392399936914444,
            0.01956600695848465,
            0.4504405352952845
        ],
        [
            -0.04685327410697937,
            -0.4365965351462364,
            -0.10484029538929462,
            -0.4574495553970337,
            0.026120147667825222,
            -0.07085921242833138,
            0.08045557886362076,
            0.30947136641104755
        ],
        [
            -0.14503756538033485,
            -0.6808853149414062,
            -0.07605442777276039,
            -0.8938582241535187,
            0.08513825014233589,
            0.0951665360480547,
            0.16883159056305885,
            0.1949339427148531
        ],
        [
            -0.17539624124765396,
            -0.7059098035097122,
            -0.04310905933380127,
            -0.9607119858264923,
            0.10342937894165516,
            0.1374268066138029,
            0.16840169206261635,
            0.0759912098927581
        ],
        [
            -0.2021590620279312,
            -0.677301362156868,
            0.006380746490322053,
            -0.9698744863271713,
            0.1266530342400074,
            0.23177267983555794,
            0.1243814080953598,
            0.0
        ],
        [
            -0.20836498588323593,
            -0.6468766182661057,
            0.017533403588458896,
            -0.9614153951406479,
            0.14403698965907097,
            0.344323106110096,
            0.18107153475284576,
            0.0
        ],
        [
            0.0,
            0.0,
            0.0,
            0.0,
            0.0,
            0.0,
            0.0,
            0.0
        ],
        [
            0.0,
            0.0,
            0.0,
            0.0,
            0.0,
            0.0,
            0.0,
            0.0
        ],
        [
            0.0,
            0.0,
            0.0,
            0.0,
            0.0,
            0.0,
            0.0,
            0.0
        ]
    ],
    "retrieved_0_prompt": "move pan to the left",
    "retrieved_1_state": [
        0.5226849913597107,
        0.7924523949623108,
        0.26770758628845215,
        -1.7082772254943848,
        -0.15201328694820404,
        1.824615240097046,
        0.08869066089391708,
        1.0
    ],