{
    "query_state": [
        -0.2543569505214691,
        0.6724025011062622,
        -0.05042845383286476,
        -1.8827284574508667,
        0.06861110776662827,
        2.3991079330444336,
        -0.10231327265501022,
        0.0
    ],
    "query_prompt": "move the idli plate to the right",
    "inference_time": true,
    "retrieved_0_state": [
        -0.23419232666492462,
        0.5963169932365417,
        -0.07622788846492767,
        -1.705116629600525,
        -0.07759366929531097,
        1.9448474645614624,
        -0.2875281572341919,
        0.0
    ],
    "retrieved_0_actions": [
        [
            0.018002419965341687,
            0.16437243670225143,
            -0.06378888618201017,
            -0.023628806229680777,
            -0.07530709728598595,
            0.5757607147097588,
            0.05138368811458349,
            0.0
        ],
        [
            -0.004636856901925057,
            0.18152691423892975,
            -0.06735358852893114,
            0.010591608006507158,
            -0.07246028166264296,
            0.5526142939925194,
            0.030501047149300575,
            0.0
        ],
        [
            -0.014992073411121964,
            0.18366487696766853,
            -0.057928720489144325,
            0.04060954786837101,
            -0.05984928458929062,
            0.42508412152528763,
            0.025282276328653097,
            0.0
        ],
        [
            -0.01587116625159979,
            0.18667204305529594,
            -0.04152834415435791,
            0.05323465447872877,
            -0.056199003010988235,
            0.28892921283841133,
            0.017339285695925355,
            0.0
        ],
        [
            -0.012874456588178873,
            0.19148005172610283,
            -0.02195885870605707,
            0.06999529898166656,
            -0.04775828216224909,
            0.15603219158947468,
            0.006183661753311753,
            0.0
        ],
        [
            -0.010958699276670814,
            0.17489440739154816,
            -0.004827530938200653,
            0.058598052710294724,
            -0.037106568925082684,
            0.08537002839148045,
            0.000616259130765684,
            0.0
        ],
        [
            -0.0038117796066217124,
            0.15265186317265034,
            -0.004884090158157051,
            0.04382930230349302,
            -0.04979143850505352,
            0.09465363807976246,
            -0.00023972768758540042,
            0.0
        ],
        [
            -0.009512780234217644,
            0.1774817705154419,
            -0.01593537745065987,
            0.09607798419892788,
            -0.05725395865738392,
            0.14648172073066235,
            0.010997159406542778,
            0.0
        ],
        [
            -0.015336764045059681,
            0.211250688880682,
            -0.03334421198815107,
            0.1811782643198967,
            -0.06213501561433077,
            0.1370391622185707,
            0.03320333547890186,
            0.0
        ],
        [
            -0.045938640832901,
            0.22233251482248306,
            -0.04901948384940624,
            0.25998152792453766,
            -0.04853731952607632,
            0.09469253942370415,
            0.042224759235978127,
            0.0
        ],
        [
            -0.09379494935274124,
            0.2224951796233654,
            -0.051182741299271584,
            0.3094828128814697,
            -0.02521088346838951,
            0.047716908156871796,
            0.024661808274686337,
            0.0
        ],
        [
            -0.1563369296491146,
            0.19739259034395218,
            -0.04642628598958254,
            0.3336529806256294,
            0.023540197871625423,
            -0.034786202013492584,
            0.0004321464439271949,
            0.0
        ],
        [
            -0.21278554573655128,
            0.2106066793203354,
            -0.028274997603148222,
            0.3689592331647873,
            0.08142638951539993,
            -0.09807701222598553,
            -0.030422434210777283,
            0.0
        ],
        [
            -0.2632583864033222,
            0.22637218236923218,
            0.00371033966075629,
            0.3947766125202179,
            0.1402541622519493,
            -0.1365051232278347,
            -0.07984738796949387,
            0.0
        ],
        [
            -0.2752380445599556,
            0.26207422837615013,
            0.02882201923057437,
            0.4227549210190773,
            0.17643924802541733,
            -0.14925150200724602,
            -0.11902367696166039,
            0.0
        ]
    ],
    "retrieved_0_prompt": "move the idli plate to the right",
    "retrieved_1_state": [
        -0.006083983462303877,
        -0.5016085505485535,
        0.007979308255016804,
        -2.5480573177337646,
        0.009089164435863495,
        2.020131826400757,
        0.012592907063663006,
        0.0
    ],