{
    "query_state": [
        -0.06930029392242432,
        -0.1457059532403946,
        -0.024303114041686058,
        -2.35054612159729,
        -0.02779466100037098,
        2.166846990585327,
        0.009608227759599686,
        0.0
    ],
    "query_prompt": "move the idli plate to the right",
    "inference_time": true,
    "retrieved_0_state": [
        -0.08763986825942993,
        -0.1996784210205078,
        -0.030443832278251648,
        -2.436952590942383,
        -0.05860905721783638,
        2.241309642791748,
        0.02289956621825695,
        0.0
    ],
    "retrieved_0_actions": [
        [
            -0.028386388439685106,
            0.4918321222066879,
            -0.04236656241118908,
            0.092758908867836,
            -0.2195858582854271,
            0.38422495126724243,
            0.14870742335915565,
            0.0
        ],
        [
            -0.04468648228794336,
            0.6403416395187378,
            -0.07546838372945786,
            0.19538246095180511,
            -0.31865086406469345,
            0.376269593834877,
            0.0044792116386815906,
            0.0
        ],
        [
            -0.05393002647906542,
            0.7353251427412033,
            -0.10496933944523335,
            0.3434485197067261,
            -0.3694241866469383,
            0.23264262825250626,
            -0.053956336341798306,
            0.0
        ],
        [
            -0.04136625677347183,
            0.7463949173688889,
            -0.12242204509675503,
            0.4541464149951935,
            -0.3997739776968956,
            0.11796502396464348,
            -0.05778219550848007,
            0.0
        ],
        [
            -0.018113559344783425,
            0.762845054268837,
            -0.1376681588590145,
            0.5498022958636284,
            -0.361735038459301,
            0.04790961276739836,
            -0.08488894440233707,
            0.0
        ],
        [
            -0.0002854519698303193,
            0.7612353563308716,
            -0.13228432275354862,
            0.6000056117773056,
            -0.26657771319150925,
            0.02593579702079296,
            -0.14950471930205822,
            0.0
        ],
        [
            0.008696982986293733,
            0.8113081008195877,
            -0.10141347534954548,
            0.6476128101348877,
            -0.16108732670545578,
            0.04609393887221813,
            -0.22317362949252129,
            0.0
        ],
        [
            0.016297099646180868,
            0.789601132273674,
            -0.05517651792615652,
            0.6424177438020706,
            -0.06307648029178381,
            0.026790385600179434,
            -0.2466043457388878,
            0.0
        ],
        [
            0.027829145547002554,
            0.6963004916906357,
            -0.002888142771553248,
            0.5875265970826149,
            0.01512859482318163,
            -0.0015999239985831082,
            -0.24504564702510834,
            0.0
        ],
        [
            0.024545432534068823,
            0.611492395401001,
            0.038097144570201635,
            0.5168528482317924,
            0.06136887241154909,
            -0.012090731179341674,
            -0.26250172406435013,
            0.0
        ],
        [
            0.03405238967388868,
            0.5630440264940262,
            0.0487170135602355,
            0.4624463617801666,
            0.05763023626059294,
            -0.016033235006034374,
            -0.2388371154665947,
            0.0
        ],
        [
            0.039483425207436085,
            0.4878988489508629,
            0.05730772856622934,
            0.3972722962498665,
            0.06443265359848738,
            -0.035652213264256716,
            -0.2187100611627102,
            0.0
        ],
        [
            0.058248769491910934,
            0.40567055344581604,
            0.05385351832956076,
            0.3157379850745201,
            0.058555277064442635,
            -0.041073947213590145,
            -0.1779557205736637,
            0.0
        ],
        [
            0.048711029812693596,
            0.33194180577993393,
            0.04802619107067585,
            0.2540891058743,
            0.06535558495670557,
            -0.022414815612137318,
            -0.16460254788398743,
            0.0
        ],
        [
            -0.022280672565102577,
            0.3596575930714607,
            0.0367053272202611,
            0.27755606919527054,
            0.09867476299405098,
            0.04423747770488262,
            -0.18519479781389236,
            0.0
        ]
    ],
    "retrieved_0_prompt": "move the idli plate to the right",
    "retrieved_1_state": [
        -0.08760727941989899,
        -0.2086745947599411,
        -0.03042113222181797,
        -2.4344940185546875,
        -0.058578405529260635,
        2.233790397644043,
        0.018165551126003265,
        0.0
    ],