{
    "query_state": [
        -0.07011820375919342,
        0.5217407941818237,
        -0.05446689575910568,
        -1.9992753267288208,
        -0.04903096705675125,
        2.4006125926971436,
        -0.00611072639003396,
        0.0
    ],
    "query_prompt": "move the idli plate to the right",
    "inference_time": true,
    "retrieved_0_state": [
        -0.21121259033679962,
        0.5472940802574158,
        -0.06794574856758118,
        -2.190988302230835,
        -0.03543791547417641,
        2.485527753829956,
        -0.2099941223859787,
        0.0
    ],
    "retrieved_0_actions": [
        [
            -0.3182709589600563,
            0.33452603965997696,
            0.09705862030386925,
            0.29651693999767303,
            0.3186851367354393,
            0.00843638728838414,
            -0.27301400899887085,
            0.0
        ],
        [
            -0.3689096122980118,
            0.35351499915122986,
            0.06505750585347414,
            0.3490006923675537,
            0.3284519165754318,
            -0.022738391999155283,
            -0.2650083228945732,
            0.0
        ],
        [
            -0.39155643433332443,
            0.32568033784627914,
            0.03166757058352232,
            0.3664742037653923,
            0.3160034492611885,
            -0.04255989100784063,
            -0.25067899376153946,
            0.0
        ],
        [
            -0.41774481534957886,
            0.299815833568573,
            -0.012908526696264744,
            0.39977744221687317,
            0.30965741723775864,
            -0.09062189608812332,
            -0.23658383637666702,
            0.0
        ],
        [
            -0.3937334194779396,
            0.2957371063530445,
            -0.04716526251286268,
            0.4256485030055046,
            0.2886519394814968,
            -0.11531340889632702,
            -0.19875777885317802,
            0.0
        ],
        [
            -0.35182714462280273,
            0.2880672737956047,
            -0.07099097594618797,
            0.43858759105205536,
            0.26223156601190567,
            -0.1308063231408596,
            -0.15881597995758057,
            0.0
        ],
        [
            -0.31263064593076706,
            0.2755737863481045,
            -0.06992008537054062,
            0.44413134455680847,
            0.2545361779630184,
            -0.16401775181293488,
            -0.13205043971538544,
            0.0
        ],
        [
            -0.2955002151429653,
            0.23798365145921707,
            -0.05773008335381746,
            0.44278137385845184,
            0.2674275264143944,
            -0.2196280099451542,
            -0.11689198203384876,
            0.0
        ],
        [
            -0.27035661041736603,
            0.1777590997517109,
            -0.05720880813896656,
            0.41750989854335785,
            0.2748359367251396,
            -0.2705071307718754,
            -0.08469626307487488,
            0.0
        ],
        [
            -0.1125988457351923,
            0.05330263637006283,
            -0.0775619875639677,
            0.258842334151268,
            0.15374554321169853,
            -0.27343539521098137,
            -0.048452671617269516,
            0.0
        ],
        [
            0.0514050992205739,
            0.009070681990124285,
            -0.05371307488530874,
            0.014068864984437823,
            0.05080876871943474,
            -0.015515837585553527,
            -0.032322853803634644,
            0.0
        ],
        [
            0.1109660230576992,
            -0.2629809081554413,
            -0.05854731425642967,
            -0.2279694378376007,
            0.0032416763133369386,
            -0.04148710519075394,
            -0.04864517133682966,
            0.0
        ],
        [
            0.14495233073830605,
            -0.5039877444505692,
            -0.10027349926531315,
            -0.37465404719114304,
            -0.043378095142543316,
            -0.18312742933630943,
            -0.026168255135416985,
            0.0
        ],
        [
            0.14956703409552574,
            -0.5374592170119286,
            -0.15463341027498245,
            -0.33018141984939575,
            -0.07372095249593258,
            -0.32552123069763184,
            0.0038663909072056413,
            0.0
        ],
        [
            0.14744904823601246,
            -0.44663693755865097,
            -0.19629636779427528,
            -0.2183913253247738,
            -0.0721936346963048,
            -0.3468118980526924,
            0.048110936768352985,
            0.0
        ]
    ],
    "retrieved_0_prompt": "move the idli plate to the right",
    "retrieved_1_state": [
        -0.09104283899068832,
        0.5573028922080994,
        -0.08332272619009018,
        -2.0519368648529053,
        -0.2645336091518402,
        2.393766403198242,
        -0.06254586577415466,
        0.0
    ],