{
    "query_state": [
        -0.04537815600633621,
        -0.3913216292858124,
        -0.013852637261152267,
        -2.4619357585906982,
        0.007991096004843712,
        2.073584794998169,
        -0.02124006114900112,
        0.0
    ],
    "query_prompt": "move the idli plate to the right",
    "inference_time": true,
    "retrieved_0_state": [
        -0.05297642946243286,
        -0.4343843460083008,
        -0.01619040034711361,
        -2.498640298843384,
        0.003977833315730095,
        2.092562198638916,
        -0.019561275839805603,
        0.0
    ],
    "retrieved_0_actions": [
        [
            -0.13139176182448864,
            0.8935300260782242,
            -0.05361183546483517,
            0.40226809680461884,
            -0.25705134496092796,
            0.37568986415863037,
            0.17425308004021645,
            0.0
        ],
        [
            -0.12488631531596184,
            0.9199104458093643,
            -0.041481079533696175,
            0.47133952379226685,
            -0.3073824942111969,
            0.2964799851179123,
            0.23876890540122986,
            0.0
        ],
        [
            0.045037129893898964,
            -5.643522058562667e-06,
            -0.04495163448154926,
            0.006286691059358418,
            -0.011917396914213896,
            -0.00949924171436578,
            0.008504742290824652,
            0.0
        ],
        [
            0.02950995694845915,
            0.10173793882131577,
            -0.02544109709560871,
            -0.011248755035921931,
            -0.03860704135149717,
            0.12034310959279537,
            0.11771011166274548,
            0.0
        ],
        [
            0.01571167027577758,
            0.28812920674681664,
            -0.030059919226914644,
            0.019947246182709932,
            -0.09810489602386951,
            0.24916313588619232,
            0.09588482789695263,
            0.0
        ],
        [
            -0.028386388439685106,
            0.4918321222066879,
            -0.04236656241118908,
            0.092758908867836,
            -0.2195858582854271,
            0.38422495126724243,
            0.14870742335915565,
            0.0
        ],
        [
            -0.04468648228794336,
            0.6403416395187378,
            -0.07546838372945786,
            0.19538246095180511,
            -0.31865086406469345,
            0.376269593834877,
            0.0044792116386815906,
            0.0
        ],
        [
            -0.05393002647906542,
            0.7353251427412033,
            -0.10496933944523335,
            0.3434485197067261,
            -0.3694241866469383,
            0.23264262825250626,
            -0.053956336341798306,
            0.0
        ],
        [
            -0.04136625677347183,
            0.7463949173688889,
            -0.12242204509675503,
            0.4541464149951935,
            -0.3997739776968956,
            0.11796502396464348,
            -0.05778219550848007,
            0.0
        ],
        [
            -0.018113559344783425,
            0.762845054268837,
            -0.1376681588590145,
            0.5498022958636284,
            -0.361735038459301,
            0.04790961276739836,
            -0.08488894440233707,
            0.0
        ],
        [
            -0.0002854519698303193,
            0.7612353563308716,
            -0.13228432275354862,
            0.6000056117773056,
            -0.26657771319150925,
            0.02593579702079296,
            -0.14950471930205822,
            0.0
        ],
        [
            0.008696982986293733,
            0.8113081008195877,
            -0.10141347534954548,
            0.6476128101348877,
            -0.16108732670545578,
            0.04609393887221813,
            -0.22317362949252129,
            0.0
        ],
        [
            0.016297099646180868,
            0.789601132273674,
            -0.05517651792615652,
            0.6424177438020706,
            -0.06307648029178381,
            0.026790385600179434,
            -0.2466043457388878,
            0.0
        ],
        [
            0.027829145547002554,
            0.6963004916906357,
            -0.002888142771553248,
            0.5875265970826149,
            0.01512859482318163,
            -0.0015999239985831082,
            -0.24504564702510834,
            0.0
        ],
        [
            0.024545432534068823,
            0.611492395401001,
            0.038097144570201635,
            0.5168528482317924,
            0.06136887241154909,
            -0.012090731179341674,
            -0.26250172406435013,
            0.0
        ]
    ],
    "retrieved_0_prompt": "move the idli plate to the right",
    "retrieved_1_state": [
        -0.050991009920835495,
        -0.4538579285144806,
        -0.034528948366642,
        -2.517437696456909,
        0.027545377612113953,
        2.046159267425537,
        -0.024198245257139206,
        0.0
    ],