{
    "query_state": [
        0.04957956448197365,
        0.7728010416030884,
        0.024204399436712265,
        -1.364956021308899,
        -0.1692076325416565,
        1.9451673030853271,
        -0.24886848032474518,
        0.9911894276295312
    ],
    "query_prompt": "use the squeegee to clean the counter and push everything into the sink",
    "inference_time": true,
    "retrieved_0_state": [
        0.046925581991672516,
        0.3582265079021454,
        0.08083163946866989,
        -2.1563663482666016,
        0.8384220004081726,
        1.8620296716690063,
        0.08673624694347382,
        0.748898672718525
    ],
    "retrieved_0_actions": [
        [
            0.13637995347380638,
            -0.4501749575138092,
            -0.21748783066868782,
            0.05326020997017622,
            -0.6146851181983948,
            -0.0618165684863925,
            0.8125153183937073,
            0.9372246681796312
        ],
        [
            0.07946968078613281,
            -0.6063582375645638,
            -0.20918579772114754,
            -0.0007599272794323042,
            -0.6210719794034958,
            -0.11221007443964481,
            0.798942968249321,
            0.9372246681796312
        ],
        [
            0.039384434930980206,
            -0.6378219276666641,
            -0.17424654215574265,
            -0.00155532659846358,
            -0.6085968390107155,
            -0.13551365584135056,
            0.7400226593017578,
            0.9372246681796312
        ],
        [
            -0.009728691657073796,
            -0.509040467441082,
            -0.1189233548939228,
            0.050133406184613705,
            -0.5322902649641037,
            -0.1653868332505226,
            0.6349626928567886,
            0.9372246681796312
        ],
        [
            -0.05890326574444771,
            -0.2692655846476555,
            -0.07354918401688337,
            0.1084535289555788,
            -0.4324514791369438,
            -0.14953331090509892,
            0.5006652697920799,
            0.9372246681796312
        ],
        [
            -0.09819214232265949,
            -0.022192650940269232,
            -0.06417447701096535,
            0.14283563941717148,
            -0.30171606689691544,
            -0.11179555207490921,
            0.3719184920191765,
            0.9372246681796312
        ],
        [
            -0.11567100882530212,
            0.15638990327715874,
            -0.060383412055671215,
            0.14730634167790413,
            -0.1991691067814827,
            -0.0462676677852869,
            0.257439985871315,
            0.9372246681796312
        ],
        [
            -0.1136454101651907,
            0.23000039160251617,
            -0.060939155519008636,
            0.149405375123024,
            -0.15936627984046936,
            0.0005408299330156296,
            0.1734919659793377,
            0.9372246681796312
        ],
        [
            -0.10213266126811504,
            0.2536460757255554,
            -0.05995933897793293,
            0.15759019181132317,
            -0.1473848521709442,
            0.03674041014164686,
            0.11418997310101986,
            0.9372246681796312
        ],
        [
            -0.08710037916898727,
            0.25853198021650314,
            -0.05229081027209759,
            0.17062285915017128,
            -0.11878940276801586,
            0.06290076766163111,
            0.06411692593246698,
            0.9372246681796312
        ],
        [
            -0.07219469640403986,
            0.252473670989275,
            -0.03339814022183418,
            0.154081704095006,
            -0.07943578995764256,
            0.1351980958133936,
            -0.029872499871999025,
            0.9372246681796312
        ],
        [
            -0.05262679420411587,
            0.2467763051390648,
            -0.014431622112169862,
            0.15216361731290817,
            -0.055659287609159946,
            0.14290201477706432,
            -0.06184699013829231,
            0.9372246681796312
        ],
        [
            -0.055556087754666805,
            0.26678482070565224,
            0.009198254556395113,
            0.14976388774812222,
            0.051788100972771645,
            0.1356001477688551,
            -0.14148439280688763,
            0.9372246681796312
        ],
        [
            -0.05763128865510225,
            0.2642793767154217,
            0.03196086036041379,
            0.18997663632035255,
            0.12956244871020317,
            0.06158289033919573,
            -0.13677301816642284,
            0.9372246681796312
        ],
        [
            -0.05583710502833128,
            0.25562698021531105,
            0.04681556951254606,
            0.18986763432621956,
            0.15151732601225376,
            0.025819665752351284,
            -0.1113381702452898,
            0.9372246681796312
        ]
    ],
    "retrieved_0_prompt": "use the squeegee to clean the counter and push everything into the sink",
    "retrieved_1_state": [
        -0.05168626084923744,
        -0.45648863911628723,
        -0.018576573580503464,
        -2.5198984146118164,
        -0.022810546681284904,
        2.077969789505005,
        0.015763675794005394,
        0.0
    ],