{
    "query_state": [
        0.033741023391485214,
        0.7571863532066345,
        -0.007258335594087839,
        -1.4317392110824585,
        -0.17444519698619843,
        1.982744812965393,
        -0.17225636541843414,
        0.0
    ],
    "query_prompt": "use the squeegee to clean the counter and push everything into the sink",
    "inference_time": true,
    "retrieved_0_state": [
        -0.14771342277526855,
        -0.5720721483230591,
        -0.08590362221002579,
        -2.7101073265075684,
        -0.13202473521232605,
        2.1909852027893066,
        -0.0006244929973036051,
        0.0
    ],
    "retrieved_0_actions": [
        [
            -0.14800054021179676,
            0.3664158284664154,
            -0.04195352550595999,
            -0.06776712369173765,
            -0.08051613345742226,
            0.5275899171829224,
            0.1945587806403637,
            0.0
        ],
        [
            -0.1283195149153471,
            0.38834527134895325,
            0.0032962916884571314,
            -0.05867491941899061,
            -0.08307318203151226,
            0.5181646719574928,
            0.23885836824774742,
            0.0
        ],
        [
            -0.10005109012126923,
            0.4606720805168152,
            0.06081987638026476,
            0.007855564472265542,
            -0.08841891773045063,
            0.5066891759634018,
            0.30573345720767975,
            0.0
        ],
        [
            -0.08496330119669437,
            0.476347915828228,
            0.09932328015565872,
            0.006998754106462002,
            -0.09894103743135929,
            0.5127544701099396,
            0.3385358676314354,
            0.0
        ],
        [
            -0.08096644654870033,
            0.5054722726345062,
            0.10930405929684639,
            0.006113741546869278,
            -0.10165898129343987,
            0.5221954360604286,
            0.3485678508877754,
            0.0
        ],
        [
            -0.08169260807335377,
            0.5079799145460129,
            0.11206792667508125,
            0.00521196227055043,
            -0.10778850875794888,
            0.5182355269789696,
            0.36936651915311813,
            0.0
        ],
        [
            -0.0817499216645956,
            0.4899054393172264,
            0.12427601031959057,
            0.00442052201833576,
            -0.13801209628582,
            0.5071201175451279,
            0.40970318019390106,
            0.0
        ],
        [
            -0.08451642468571663,
            0.44205594807863235,
            0.12467258609831333,
            0.003947457007598132,
            -0.18843356519937515,
            0.46576689928770065,
            0.4392305389046669,
            0.0
        ],
        [
            -0.0824922975152731,
            0.39640340954065323,
            0.10874218307435513,
            0.003884919569827616,
            -0.22848693653941154,
            0.41412293910980225,
            0.46888619661331177,
            0.0
        ],
        [
            -0.06054456811398268,
            0.3428170830011368,
            0.08050262928009033,
            0.003925953060388565,
            -0.2533014491200447,
            0.3495924174785614,
            0.46963561326265335,
            0.0
        ],
        [
            -0.03385584568604827,
            0.30755389481782913,
            0.05259356927126646,
            0.0041965083801187575,
            -0.2699647657573223,
            0.3140738606452942,
            0.4595920443534851,
            0.0
        ],
        [
            0.0027777638752013445,
            0.25466617196798325,
            0.017791592981666327,
            0.00318958074785769,
            -0.27214525267481804,
            0.27759430930018425,
            0.4535455256700516,
            0.25
        ],
        [
            0.0446137273684144,
            0.16718387603759766,
            -0.01685359515249729,
            0.0035241982550360262,
            -0.2676549553871155,
            0.20313261076807976,
            0.430646613240242,
            0.31167397714705347
        ],
        [
            0.0751297315582633,
            0.07701794616878033,
            -0.04361026920378208,
            0.003906491328962147,
            -0.2572683058679104,
            0.12246630154550076,
            0.3941907361149788,
            0.4438326373468501
        ],
        [
            0.0836558360606432,
            0.019769712816923857,
            -0.05715882405638695,
            0.005306676612235606,
            -0.2610486373305321,
            0.06570049095898867,
            0.3733261302113533,
            0.5715859007668576
        ]
    ],
    "retrieved_0_prompt": "use the squeegee to clean the counter and push everything into the sink",
    "retrieved_1_state": [
        0.046925581991672516,
        0.3582265079021454,
        0.08083163946866989,
        -2.1563663482666016,
        0.8384220004081726,
        1.8620296716690063,
        0.08673624694347382,
        0.748898672718525
    ],