{
    "query_state": [
        -0.04658658057451248,
        0.4615135192871094,
        -0.03128685802221298,
        -2.139598846435547,
        -0.1334989368915558,
        2.3992068767547607,
        -0.015729662030935287,
        0.0
    ],
    "query_prompt": "rnp",
    "inference_time": true,
    "retrieved_0_state": [
        -0.050243061035871506,
        0.3976900577545166,
        -0.026912042871117592,
        -2.2876458168029785,
        -0.03218093141913414,
        2.4344122409820557,
        0.010171736590564251,
        0.0
    ],
    "retrieved_0_actions": [
        0.059411521069705486,
        0.536513589322567,
        0.0017280280007980764,
        0.6075500324368477,
        -0.058831265196204185,
        -0.13754460029304028,
        -0.09623969905078411,
        0.0,
        0.09589256718754768,
        0.3851895034313202,
        0.012116662692278624,
        0.5399075523018837,
        -0.0777580589056015,
        -0.20887533202767372,
        -0.057447776198387146,
        0.0,
        0.09825837798416615,
        0.2710242196917534,
        0.021376495715230703,
        0.4524025321006775,
        -0.07528587244451046,
        -0.21910207346081734,
        -0.05559165962040424,
        0.0,
        0.060807839035987854,
        0.2022203616797924,
        0.02690709661692381,
        0.37349365651607513,
        -0.0497250584885478,
        -0.20250044763088226,
        -0.08000679314136505,
        0.0,
        -0.009829906048253179,
        0.1666489988565445,
        0.02008301904425025,
        0.3083984740078449,
        -0.01672036130912602,
        -0.16875922679901123,
        -0.12184526771306992,
        0.0,
        -0.08078164421021938,
        0.13963371515274048,
        0.017536638770252466,
        0.25056347250938416,
        0.022634014021605253,
        -0.12231046333909035,
        -0.1737678423523903,
        0.0,
        -0.14740225858986378,
        0.11508489958941936,
        0.023924331180751324,
        0.19446227699518204,
        0.06874958518892527,
        -0.08769705891609192,
        -0.2270573191344738,
        0.0,
        -0.1943567767739296,
        0.07420604582875967,
        0.014998681144788861,
        0.11615312658250332,
        0.09420433081686497,
        -0.010529821738600731,
        -0.2522210590541363,
        0.0,
        -0.2319427952170372,
        0.02215940272435546,
        -0.0016179551312234253,
        -0.006707566208206117,
        0.13022873550653458,
        0.13589772395789623,
        -0.24332895874977112,
        0.0,
        -0.19809173420071602,
        -0.017809640849009156,
        -0.03297913586720824,
        -0.11793907731771469,
        0.12892636470496655,
        0.2418317273259163,
        -0.15892952680587769,
        0.0
    ],
    "retrieved_0_prompt": "move the idli plate to the right",
    "final_image_shape": [
        896,
        448,
        3
    ]
}