{
    "query_state": [
        -0.02345384657382965,
        -0.30537930130958557,
        -0.0037364354357123375,
        -2.4812278747558594,
        0.028037957847118378,
        2.127382516860962,
        -0.012702615931630135,
        0.0
    ],
    "query_prompt": "rnp",
    "inference_time": true,
    "retrieved_0_state": [
        -0.027268489822745323,
        -0.4081827402114868,
        -0.008891656994819641,
        -2.594428300857544,
        -0.0012114375131204724,
        2.105247974395752,
        0.027759112417697906,
        0.0
    ],
    "retrieved_0_actions": [
        -0.09906676597893238,
        0.9934507310390472,
        -0.07195294834673405,
        0.14888804405927658,
        -0.13469780795276165,
        0.6528647989034653,
        -0.0007158095831982791,
        0.0,
        -0.06516811437904835,
        0.9990095347166061,
        -0.07641959469765425,
        0.2954668924212456,
        -0.11590206995606422,
        0.5442436784505844,
        -0.0387118267826736,
        0.0,
        -0.03244610968977213,
        0.998183935880661,
        -0.06097291596233845,
        0.4554707184433937,
        -0.09971100836992264,
        0.40069572627544403,
        -0.04640554077923298,
        0.0,
        -0.002699849719647318,
        0.9620895236730576,
        -0.04743020050227642,
        0.5657929182052612,
        -0.07231054827570915,
        0.23633811622858047,
        -0.05175765138119459,
        0.0,
        0.018215355230495334,
        0.9122070670127869,
        -0.03557432210072875,
        0.6103821843862534,
        -0.04581118933856487,
        0.13131682761013508,
        -0.06969557143747807,
        0.0,
        0.02646887442097068,
        0.8776047080755234,
        -0.025348139461129904,
        0.6377030909061432,
        -0.03984239883720875,
        0.0991146732121706,
        -0.12664318084716797,
        0.0,
        0.0328195421025157,
        0.8288580179214478,
        -0.02278379164636135,
        0.6795461475849152,
        -0.04757341928780079,
        0.02825126051902771,
        -0.10906639508903027,
        0.0,
        0.04113391973078251,
        0.7328662276268005,
        -0.022265827283263206,
        0.6761641800403595,
        -0.05129828583449125,
        -0.047411476261913776,
        -0.08517300710082054,
        0.0,
        0.052368054166436195,
        0.6319378316402435,
        -0.013770770747214556,
        0.6531330198049545,
        -0.055102379992604256,
        -0.10166184976696968,
        -0.081104701384902,
        0.0,
        0.059411521069705486,
        0.536513589322567,
        0.0017280280007980764,
        0.6075500324368477,
        -0.058831265196204185,
        -0.13754460029304028,
        -0.09623969905078411,
        0.0
    ],
    "retrieved_0_prompt": "move the idli plate to the right",
    "final_image_shape": [
        896,
        448,
        3
    ]
}