{
    "query_state": [
        -0.0810326561331749,
        0.5696547627449036,
        -0.029182570055127144,
        -1.7539243698120117,
        0.04348078742623329,
        2.2969062328338623,
        0.09892978519201279,
        0.0
    ],
    "query_prompt": "rnp",
    "inference_time": true,
    "retrieved_0_state": [
        -0.08704546838998795,
        0.48200878500938416,
        -0.05572109669446945,
        -1.908246397972107,
        -0.09061238169670105,
        2.3359577655792236,
        0.21264246106147766,
        0.0
    ],
    "retrieved_0_actions": [
        0.09101390838623047,
        0.6764146685600281,
        -0.12592041864991188,
        0.7986905425786972,
        0.042872452177107334,
        -0.10018209926784039,
        -0.034602691885083914,
        0.0,
        0.07376948371529579,
        0.6338348239660263,
        -0.11860747821629047,
        0.764739140868187,
        0.05811786279082298,
        -0.10749401524662971,
        -0.061715440824627876,
        0.0,
        0.050708577036857605,
        0.5809226632118225,
        -0.10189873166382313,
        0.7230154424905777,
        0.09005500003695488,
        -0.13777178712189198,
        -0.08595218881964684,
        0.0,
        0.03360404400154948,
        0.5460783094167709,
        -0.09001479484140873,
        0.6691445410251617,
        0.10416160337626934,
        -0.14558859169483185,
        -0.10150288231670856,
        0.0,
        0.020889632869511843,
        0.49761228263378143,
        -0.08240902796387672,
        0.5991873890161514,
        0.11501088738441467,
        -0.15267277136445045,
        -0.10306656360626221,
        0.0,
        0.012423994485288858,
        0.41836321353912354,
        -0.08030333556234837,
        0.5402524769306183,
        0.12179633602499962,
        -0.16642682254314423,
        -0.09657537564635277,
        0.0,
        -0.009938189759850502,
        0.2872270904481411,
        -0.06461451761424541,
        0.42962417006492615,
        0.145502258092165,
        -0.1646752841770649,
        -0.10549507103860378,
        0.0,
        -0.0425050500780344,
        0.20196639001369476,
        -0.03641332732513547,
        0.3463142365217209,
        0.16638478264212608,
        -0.16756396740674973,
        -0.14598815701901913,
        0.0,
        -0.07103039417415857,
        0.1600014790892601,
        -0.04539208486676216,
        0.3003675490617752,
        0.14309865422546864,
        -0.1585763692855835,
        -0.19060829654335976,
        0.0,
        -0.07586942985653877,
        0.20291253924369812,
        -0.09329451248049736,
        0.320398285984993,
        0.08377947844564915,
        -0.1409684494137764,
        -0.19984930753707886,
        0.0
    ],
    "retrieved_0_prompt": "move the idli plate to the right",
    "final_image_shape": [
        896,
        448,
        3
    ]
}