{
    "query_state": [
        0.06717139482498169,
        0.25330018997192383,
        0.02913857251405716,
        -2.1505773067474365,
        -0.028705060482025146,
        2.2112174034118652,
        0.09314026683568954,
        0.0
    ],
    "query_prompt": "use the squeegee to clean the counter and push everything into the sink",
    "inference_time": true,
    "retrieved_0_state": [
        -0.06460622698068619,
        -0.4671814441680908,
        -0.06826906651258469,
        -2.571052074432373,
        0.021305492147803307,
        2.125079870223999,
        -0.008050138130784035,
        0.0
    ],
    "retrieved_0_actions": [
        [
            -0.061035482212901115,
            0.4452979564666748,
            -0.02138047944754362,
            -0.016189271118491888,
            -0.05599639844149351,
            0.5340586975216866,
            0.03131556557491422,
            0.0
        ],
        [
            -0.04740105476230383,
            0.4827747866511345,
            -0.014456474455073476,
            0.002338925114599988,
            -0.029234860558062792,
            0.5717061087489128,
            0.06492062471807003,
            0.0
        ],
        [
            -0.043454705737531185,
            0.49368225038051605,
            -0.008302888018079102,
            0.040147132240235806,
            -0.010219542309641838,
            0.5288051441311836,
            0.10310010053217411,
            0.0
        ],
        [
            -0.04037460312247276,
            0.49433980137109756,
            -0.001332504762103781,
            0.08662842214107513,
            -0.0018224878294859082,
            0.4650009050965309,
            0.13289585709571838,
            0.0
        ],
        [
            -0.03860492259263992,
            0.4885907471179962,
            -0.009344597347080708,
            0.1141625177115202,
            0.01056122942827642,
            0.40993135422468185,
            0.12358348816633224,
            0.0
        ],
        [
            -0.03577441209927201,
            0.48591431230306625,
            -0.025430722162127495,
            0.11687043122947216,
            0.03781774779781699,
            0.3954874724149704,
            0.08907676674425602,
            0.0
        ],
        [
            -0.029915368650108576,
            0.4815913736820221,
            -0.03495825221762061,
            0.11560914106667042,
            0.06330687552690506,
            0.39537981152534485,
            0.0513700395822525,
            0.0
        ],
        [
            -0.01834146911278367,
            0.4598313942551613,
            -0.031202025711536407,
            0.13632298447191715,
            0.07610880769789219,
            0.3552176430821419,
            0.024574226699769497,
            0.0
        ],
        [
            -0.007412843988277018,
            0.4382771626114845,
            -0.02011211821809411,
            0.15768364071846008,
            0.10263128206133842,
            0.32941997051239014,
            0.01710730022750795,
            0.0
        ],
        [
            0.00204959767870605,
            0.3926144912838936,
            -0.003242988314013928,
            0.17561746761202812,
            0.122084254398942,
            0.30123842880129814,
            0.0343782571144402,
            0.0
        ],
        [
            0.006412670481950045,
            0.34075498580932617,
            0.008435668423771858,
            0.18921427428722382,
            0.12586401775479317,
            0.26360414922237396,
            0.031187182758003473,
            0.0
        ],
        [
            0.011724960058927536,
            0.2815348654985428,
            0.018965082708746195,
            0.20285829901695251,
            0.11807325296103954,
            0.19798154011368752,
            0.05079618189483881,
            0.0
        ],
        [
            0.02257242565974593,
            0.21440783515572548,
            0.04064755979925394,
            0.19850699231028557,
            0.14107631519436836,
            0.14898884110152721,
            0.0566411018371582,
            0.0
        ],
        [
            0.03521955106407404,
            0.16206806525588036,
            0.05448675248771906,
            0.1808708719909191,
            0.1480648759752512,
            0.11108292266726494,
            0.08363495580852032,
            0.0
        ],
        [
            0.03650733968243003,
            0.13922960497438908,
            0.060170781798660755,
            0.15490258112549782,
            0.165499746799469,
            0.09962361305952072,
            0.0847871694713831,
            0.25
        ]
    ],
    "retrieved_0_prompt": "use the squeegee to clean the counter and push everything into the sink",
    "retrieved_1_state": [
        0.05594566464424133,
        0.312889963388443,
        0.09183720499277115,
        -2.1490018367767334,
        0.5721906423568726,
        1.9587501287460327,
        0.29834312200546265,
        0.7577092471433817
    ],