{
    "query_state": [
        0.04471846669912338,
        0.17536577582359314,
        -0.0003309756575617939,
        -2.226818323135376,
        -0.062416646629571915,
        2.2257094383239746,
        0.08692680299282074,
        0.0
    ],
    "query_prompt": "use the squeegee to clean the counter and push everything into the sink",
    "inference_time": true,
    "retrieved_0_state": [
        -0.003113979008048773,
        0.2292620837688446,
        0.011636489070951939,
        -2.210507392883301,
        0.48521342873573303,
        2.017296552658081,
        0.26236850023269653,
        0.7577092471433817
    ],
    "retrieved_0_actions": [
        [
            0.028449369128793478,
            0.10429110378026962,
            0.05940169095993042,
            0.12508091516792774,
            0.23807654157280922,
            -0.20611893385648727,
            0.12754119001328945,
            0.9394273117858454
        ],
        [
            0.057948995381593704,
            0.12639153748750687,
            0.06732167676091194,
            0.14111665077507496,
            0.20320957526564598,
            -0.1905439794063568,
            0.16389725729823112,
            0.9394273117858454
        ],
        [
            0.07433556485921144,
            0.14991321600973606,
            0.07124051451683044,
            0.15682024881243706,
            0.18579497933387756,
            -0.1881275698542595,
            0.17943864688277245,
            0.9394273117858454
        ],
        [
            0.07074971683323383,
            0.16196900978684425,
            0.07656226400285959,
            0.1700986921787262,
            0.21194586530327797,
            -0.20317772403359413,
            0.14502029865980148,
            0.9394273117858454
        ],
        [
            0.07106585893779993,
            0.16568681225180626,
            0.08157288655638695,
            0.18296312540769577,
            0.21422669291496277,
            -0.20987434312701225,
            0.11635757982730865,
            0.9394273117858454
        ],
        [
            0.06912042386829853,
            0.15522955916821957,
            0.07616991177201271,
            0.22187937051057816,
            0.20017554983496666,
            -0.2539561130106449,
            0.12242925353348255,
            0.9394273117858454
        ],
        [
            0.06618487648665905,
            0.1441805064678192,
            0.06344835739582777,
            0.23821240290999413,
            0.1858491636812687,
            -0.2659321203827858,
            0.12031939812004566,
            0.9394273117858454
        ],
        [
            0.05871281959116459,
            0.1347055472433567,
            0.04857789725065231,
            0.23823577910661697,
            0.16655635088682175,
            -0.2636411227285862,
            0.11004575528204441,
            0.9394273117858454
        ],
        [
            0.04953375086188316,
            0.13186952099204063,
            0.0415655504912138,
            0.23215517401695251,
            0.16931092366576195,
            -0.2593005821108818,
            0.09651531465351582,
            0.9394273117858454
        ],
        [
            0.04896349739283323,
            0.13310305774211884,
            0.04603419918566942,
            0.21229233592748642,
            0.18427178263664246,
            -0.2413049153983593,
            0.07916728965938091,
            0.9394273117858454
        ],
        [
            0.05172405857592821,
            0.1309568341821432,
            0.04484002012759447,
            0.2002859115600586,
            0.19559327512979507,
            -0.2319023758172989,
            0.07385924458503723,
            0.9394273117858454
        ],
        [
            0.06274854298681021,
            0.1320958510041237,
            0.05232674069702625,
            0.2225780487060547,
            0.2063705027103424,
            -0.24203428998589516,
            0.09016158990561962,
            0.9394273117858454
        ],
        [
            0.0740487826988101,
            0.13628809712827206,
            0.05779532250016928,
            0.2208634838461876,
            0.20793955773115158,
            -0.24020930752158165,
            0.08248846046626568,
            0.9394273117858454
        ],
        [
            0.08734969422221184,
            0.13783221133053303,
            0.07849818095564842,
            0.20762421190738678,
            0.2159597910940647,
            -0.24792350828647614,
            0.056373393163084984,
            0.9394273117858454
        ],
        [
            0.094021987169981,
            0.13214054517447948,
            0.0799313373863697,
            0.18983019515872002,
            0.21038353443145752,
            -0.24013034999370575,
            0.03398882457986474,
            0.9394273117858454
        ]
    ],
    "retrieved_0_prompt": "use the squeegee to clean the counter and push everything into the sink",
    "retrieved_1_state": [
        -0.10348126292228699,
        -0.18927812576293945,
        -0.11827685683965683,
        -2.4915733337402344,
        0.0012915184488520026,
        2.3109307289123535,
        -0.015211877413094044,
        0.0
    ],