{
    "query_state": [
        -0.018157901242375374,
        -0.6148581504821777,
        0.01738516241312027,
        -2.5393340587615967,
        -0.012789836153388023,
        1.9272946119308472,
        -0.029339486733078957,
        0.0
    ],
    "query_prompt": "push the lever on the toaster",
    "inference_time": true,
    "retrieved_0_state": [
        -0.0028921670746058226,
        -0.6085055470466614,
        -0.0016928440891206264,
        -2.5213778018951416,
        -0.02568824030458927,
        1.904077172279358,
        0.015621647238731384,
        0.0
    ],
    "retrieved_0_actions": [
        [
            0.019282911671325564,
            0.02659203950315714,
            0.07886139675974846,
            0.008413856849074364,
            -0.006681123049929738,
            0.0731972511857748,
            0.06332898512482643,
            0.0
        ],
        [
            0.03008881350979209,
            0.037970386911183596,
            0.09986741468310356,
            -0.014728407841175795,
            -0.02036286285147071,
            0.11964433826506138,
            0.08710543625056744,
            0.0
        ],
        [
            0.05011613015085459,
            0.05288055166602135,
            0.11666164733469486,
            -0.03701654262840748,
            -0.025108298286795616,
            0.139107508584857,
            0.10900433175265789,
            0.0
        ],
        [
            0.07044906727969646,
            0.05117550026625395,
            0.11891166679561138,
            -0.05419831722974777,
            -0.026680284645408392,
            0.14650260098278522,
            0.12099936604499817,
            0.0
        ],
        [
            0.07743274327367544,
            0.04392571747303009,
            0.09676901623606682,
            -0.059009622782468796,
            -0.026171263307332993,
            0.13602030463516712,
            0.11725393123924732,
            0.135714
        ],
        [
            0.08237134665250778,
            0.028194740880280733,
            0.07423458155244589,
            -0.07957666181027889,
            -0.022615112829953432,
            0.131927989423275,
            0.1091487891972065,
            0.31167397714705347
        ],
        [
            0.08315693587064743,
            0.022345574107021093,
            0.05260990932583809,
            -0.09377379901707172,
            -0.009415039094164968,
            0.13409779407083988,
            0.10495930910110474,
            0.43942732822094954
        ],
        [
            0.08140422403812408,
            0.026998119428753853,
            0.029480692464858294,
            -0.08210629224777222,
            0.0027348153525963426,
            0.13729404658079147,
            0.09134911000728607,
            0.5671806354679013
        ],
        [
            0.07138735614717007,
            0.054112416692078114,
            0.014668746152892709,
            -0.07205072790384293,
            0.007205828442238271,
            0.1612427644431591,
            0.09089935570955276,
            0.7081497824386661
        ],
        [
            0.055393301881849766,
            0.11004255153238773,
            0.0029067217838019133,
            -0.07485368754714727,
            0.00837092287838459,
            0.2093365229666233,
            0.08829512633383274,
            0.849118929409431
        ],
        [
            0.04309310112148523,
            0.1724720373749733,
            -0.008033729973249137,
            -0.057079922407865524,
            0.008226137142628431,
            0.23283490911126137,
            0.08429099805653095,
            0.968061684144998
        ],
        [
            0.035414937883615494,
            0.23919345811009407,
            -0.009765744907781482,
            -0.035196905955672264,
            -0.015170697588473558,
            0.26257917284965515,
            0.06748192943632603,
            1.0
        ],
        [
            0.029109935276210308,
            0.33376559615135193,
            -0.007678028778173029,
            -0.012838104739785194,
            -0.0354768056422472,
            0.3077801689505577,
            0.05814090836793184,
            1.0
        ],
        [
            0.029114314820617437,
            0.4158904403448105,
            0.008750638808123767,
            0.034396518021821976,
            -0.042719766497612,
            0.3164411336183548,
            0.07956434041261673,
            0.9977973569073828
        ],
        [
            0.03682414069771767,
            0.4226522520184517,
            0.03847563173621893,
            0.08333262987434864,
            -0.06058395840227604,
            0.27880141511559486,
            0.11263923719525337,
            0.9977973569073828
        ]
    ],
    "retrieved_0_prompt": "push the lever on the toaster",
    "retrieved_1_state": [
        -0.002896917052567005,
        -0.608966052532196,
        -0.0024463036097586155,
        -2.521373748779297,
        -0.02567894384264946,
        1.903844952583313,
        0.015610041096806526,
        0.0
    ],