{
    "query_state": [
        0.0015086395433172584,
        -0.4968588948249817,
        0.08350777626037598,
        -2.5782535076141357,
        -0.012800156138837337,
        2.0922470092773438,
        -0.00031353457598015666,
        0.0
    ],
    "query_prompt": "push the lever on the toaster",
    "inference_time": true,
    "retrieved_0_state": [
        -0.00368492491543293,
        -0.47796329855918884,
        0.011843736283481121,
        -2.5168423652648926,
        -0.03003835305571556,
        2.0431621074676514,
        0.021343570202589035,
        0.004405309125900536
    ],
    "retrieved_0_actions": [
        [
            0.03240084042772651,
            0.25248197838664055,
            0.0809141993522644,
            0.07746444549411535,
            -0.029021641239523888,
            0.19669979810714722,
            0.11281444691121578,
            0.2808369885735268
        ],
        [
            0.049958107993006706,
            0.26936570182442665,
            0.06181306205689907,
            0.09903551079332829,
            -0.00034807500924216583,
            0.17229102551937103,
            0.09912753477692604,
            0.31167397714705347
        ],
        [
            0.05821299273520708,
            0.2833009324967861,
            0.05214724689722061,
            0.10474325157701969,
            0.015633251750841737,
            0.16783738508820534,
            0.10701306164264679,
            0.43942732822094954
        ],
        [
            0.05945906043052673,
            0.28020840138196945,
            0.042799715884029865,
            0.11661015450954437,
            0.0167820043861866,
            0.1562089566141367,
            0.10747352614998817,
            0.5715859007668576
        ],
        [
            0.05739463493227959,
            0.27972808107733727,
            0.037666375283151865,
            0.1351420395076275,
            0.014873027103021741,
            0.1398758962750435,
            0.11968599632382393,
            0.6905286335889526
        ],
        [
            0.055862776935100555,
            0.28290003538131714,
            0.03455050755292177,
            0.15941161662340164,
            0.01591064501553774,
            0.1265210285782814,
            0.1309742033481598,
            0.813876675536948
        ],
        [
            0.05733597092330456,
            0.30187975615262985,
            0.03688447875902057,
            0.18918268382549286,
            0.023518383968621492,
            0.12358073145151138,
            0.13788960874080658,
            0.9328193864455708
        ],
        [
            0.0538351247087121,
            0.3197629377245903,
            0.04616225603967905,
            0.21806299686431885,
            0.021021615248173475,
            0.11052788235247135,
            0.16534654423594475,
            1.0
        ],
        [
            0.054790922440588474,
            0.3468257188796997,
            0.05099262576550245,
            0.24471934884786606,
            0.023704874329268932,
            0.10282334871590137,
            0.19863765686750412,
            1.0
        ],
        [
            0.06558121647685766,
            0.37042539566755295,
            0.05351319443434477,
            0.259763915091753,
            0.03349703038111329,
            0.08813247084617615,
            0.20197933539748192,
            0.9977973569073828
        ],
        [
            0.0712906988337636,
            0.37550199776887894,
            0.06258335895836353,
            0.3088916465640068,
            0.023662198800593615,
            0.03503747982904315,
            0.2294345386326313,
            0.9977973569073828
        ],
        [
            0.07771236822009087,
            0.3684806078672409,
            0.06054998841136694,
            0.33307429403066635,
            0.021873200312256813,
            0.010398757876828313,
            0.23226190358400345,
            0.9977973569073828
        ],
        [
            0.0744174886494875,
            0.349290668964386,
            0.05491608288139105,
            0.3258168324828148,
            -0.004624766006600112,
            0.009549526730552316,
            0.2445055916905403,
            0.9977973569073828
        ],
        [
            0.06331524811685085,
            0.3364469110965729,
            0.043756356462836266,
            0.3182879462838173,
            -0.03751247422769666,
            0.00153303102706559,
            0.2706056647002697,
            0.9977973569073828
        ],
        [
            0.05151389632374048,
            0.30647045001387596,
            0.018808876629918814,
            0.2905997261404991,
            -0.046489075757563114,
            -0.013049591798335314,
            0.2687508799135685,
            0.9977973569073828
        ]
    ],
    "retrieved_0_prompt": "push the lever on the toaster",
    "retrieved_1_state": [
        0.03441261872649193,
        -0.5883714556694031,
        0.05503074452280998,
        -2.5248911380767822,
        -0.02130959741771221,
        1.924269437789917,
        0.0349244549870491,
        0.0
    ],