{
    "query_state": [
        0.022873040288686752,
        -0.2767428159713745,
        0.1392551064491272,
        -2.588874101638794,
        -0.031011605635285378,
        2.2861058712005615,
        0.0331285335123539,
        0.9911894276295312
    ],
    "query_prompt": "push the lever on the toaster",
    "inference_time": true,
    "retrieved_0_state": [
        0.030397985130548477,
        -0.27152326703071594,
        0.09868014603853226,
        -2.5759754180908203,
        -0.03202135115861893,
        2.2210097312927246,
        0.0532795749604702,
        0.9911894276295312
    ],
    "retrieved_0_actions": [
        [
            0.0436145206913352,
            0.19335730001330376,
            0.052131013944745064,
            0.1393203902989626,
            -0.1336383819580078,
            0.04559627268463373,
            0.2551097609102726,
            0.9977973569073828
        ],
        [
            0.021633501164615154,
            0.11646606959402561,
            0.024844410363584757,
            0.10245449841022491,
            -0.14143646694719791,
            0.012414385564625263,
            0.2462487295269966,
            0.9977973569073828
        ],
        [
            0.0054237659787759185,
            0.022231766488403082,
            -0.004219638649374247,
            0.05417407490313053,
            -0.12741198763251305,
            -0.027745903935283422,
            0.21970221772789955,
            0.9977973569073828
        ],
        [
            0.00013637831216328777,
            -0.036392039619386196,
            -0.01820647856220603,
            0.01972808036953211,
            -0.10881790891289711,
            -0.04738704767078161,
            0.1864844560623169,
            0.9977973569073828
        ],
        [
            -0.001995162747334689,
            -0.05677413661032915,
            -0.02429543063044548,
            -0.0027037953259423375,
            -0.10320809669792652,
            -0.0539944926276803,
            0.15976328402757645,
            0.9977973569073828
        ],
        [
            -0.003794959920924157,
            -0.03526787040755153,
            -0.02448596293106675,
            -0.011586020700633526,
            -0.10544558987021446,
            -0.05239657126367092,
            0.15079262666404247,
            0.9977973569073828
        ],
        [
            -0.005879599484615028,
            -0.016007577069103718,
            -0.02116832649335265,
            -0.016707847826182842,
            -0.11337039060890675,
            -0.045547340996563435,
            0.1547562051564455,
            0.9977973569073828
        ],
        [
            -0.010468425462022424,
            -0.008223686600103974,
            -0.022071802522987127,
            -0.021568513475358486,
            -0.11947573162615299,
            -0.038646203465759754,
            0.1535230129957199,
            0.9977973569073828
        ],
        [
            -0.01527529675513506,
            -0.0025831811944954097,
            -0.024524610489606857,
            -0.020365710370242596,
            -0.12663045898079872,
            -0.03629333106800914,
            0.14581335708498955,
            0.9977973569073828
        ],
        [
            -0.022481235209852457,
            0.030738848727196455,
            -0.027759335935115814,
            -0.007421732880175114,
            -0.1400072779506445,
            -0.02073227660730481,
            0.13864567503333092,
            0.9977973569073828
        ],
        [
            -0.025967813562601805,
            0.07120714522898197,
            -0.02416337840259075,
            0.009220708743669093,
            -0.15416917391121387,
            0.0017384770035278052,
            0.14745382592082024,
            0.9977973569073828
        ],
        [
            -0.02675446681678295,
            0.12516828253865242,
            -0.020625917240977287,
            0.03396139945834875,
            -0.16091831028461456,
            0.04301978275179863,
            0.15200781635940075,
            0.9977973569073828
        ],
        [
            -0.01813050825148821,
            0.2050958015024662,
            -0.026382713112980127,
            0.08704622276127338,
            -0.132262846454978,
            0.07398922462016344,
            0.11894344352185726,
            0.9977973569073828
        ],
        [
            -0.00505675096064806,
            0.2691817283630371,
            -0.024243718944489956,
            0.13426590710878372,
            -0.110072772949934,
            0.08967103436589241,
            0.11050304397940636,
            0.9977973569073828
        ],
        [
            0.005695525323972106,
            0.32187703996896744,
            -0.01293482375331223,
            0.1657402515411377,
            -0.126216858625412,
            0.113638611510396,
            0.1364714838564396,
            0.9977973569073828
        ]
    ],
    "retrieved_0_prompt": "push the lever on the toaster",
    "retrieved_1_state": [
        0.02663702331483364,
        -0.29581403732299805,
        0.09202027320861816,
        -2.5845797061920166,
        -0.030953625217080116,
        2.2135238647460938,
        0.04337003454566002,
        0.9911894276295312
    ],