{
    "query_state": [
        0.024600662291049957,
        -0.23329462110996246,
        -0.006575565319508314,
        -2.38645339012146,
        -0.04886002466082573,
        2.178903818130493,
        0.032742690294981,
        0.0
    ],
    "query_prompt": "open the door of the bottom shelf",
    "inference_time": true,
    "retrieved_0_state": [
        0.04297185316681862,
        -0.25255364179611206,
        0.049981653690338135,
        -2.5146985054016113,
        0.012375394813716412,
        2.3487093448638916,
        -0.02387608401477337,
        0.0
    ],
    "retrieved_0_actions": [
        [
            0.07755143102258444,
            0.7965026050806046,
            0.11798353865742683,
            0.46027492731809616,
            -0.08778916671872139,
            0.3833971917629242,
            0.18170712515711784,
            0.0
        ],
        [
            0.05995410494506359,
            0.6990712881088257,
            0.09933467954397202,
            0.500783696770668,
            -0.20217126235365868,
            0.29932767152786255,
            0.28270190581679344,
            0.0
        ],
        [
            0.05977274850010872,
            0.606633834540844,
            0.06144174374639988,
            0.5287106335163116,
            -0.28327658772468567,
            0.2200007066130638,
            0.3555924817919731,
            0.0
        ],
        [
            0.07557935547083616,
            0.49836456775665283,
            0.0050980644300580025,
            0.5191680788993835,
            -0.28770633041858673,
            0.12075581587851048,
            0.35475410521030426,
            0.0
        ],
        [
            0.08693048730492592,
            0.4166654497385025,
            -0.03136231563985348,
            0.4963778331875801,
            -0.2623133733868599,
            0.062037245370447636,
            0.33882997930049896,
            0.0
        ],
        [
            0.09671962819993496,
            0.3406546264886856,
            -0.05609655287116766,
            0.4613672196865082,
            -0.2106623724102974,
            0.01748853363096714,
            0.31370967626571655,
            0.0
        ],
        [
            0.1053881086409092,
            0.26916513219475746,
            -0.07398297544568777,
            0.3833416476845741,
            -0.17559319734573364,
            0.009053146350197494,
            0.29306216165423393,
            0.0
        ],
        [
            0.10469022206962109,
            0.1936112344264984,
            -0.08238519541919231,
            0.2805488184094429,
            -0.14844998717308044,
            0.016131516313180327,
            0.26159707456827164,
            0.0
        ],
        [
            0.09396296925842762,
            0.131181413307786,
            -0.08771813474595547,
            0.19919589161872864,
            -0.1464731153100729,
            0.025707262102514505,
            0.2203034609556198,
            0.25
        ],
        [
            0.07427488919347525,
            0.08169756270945072,
            -0.08239763788878918,
            0.14306696131825447,
            -0.1109664048999548,
            0.027382206171751022,
            0.15482097864151,
            0.31167397714705347
        ],
        [
            0.054045687429606915,
            0.01054022810421884,
            -0.08592452853918076,
            0.06587769370526075,
            -0.08587048389017582,
            0.05465186666697264,
            0.11429641395807266,
            0.46145378619656363
        ],
        [
            0.037558123003691435,
            -0.03659076290205121,
            -0.08157098665833473,
            0.014281442854553461,
            -0.049166176468133926,
            0.07340211421251297,
            0.06951055023819208,
            0.5892070496165712
        ],
        [
            0.019547385163605213,
            -0.09802845306694508,
            -0.07423983421176672,
            -0.046793846413493156,
            -0.010490069398656487,
            0.09526143781840801,
            0.026296209543943405,
            0.7257709312883798
        ],
        [
            0.01283244346268475,
            -0.1385737955570221,
            -0.06954182870686054,
            -0.08240802213549614,
            -0.0062131090089678764,
            0.1215338334441185,
            0.010009718826040626,
            0.8447136641104748
        ],
        [
            0.037943345960229635,
            -0.15636742115020752,
            -0.09605874307453632,
            -0.10496187023818493,
            -0.15375934541225433,
            0.17163187265396118,
            0.1040060818195343,
            0.968061684144998
        ]
    ],
    "retrieved_0_prompt": "open the door of the bottom shelf",
    "retrieved_1_state": [
        0.05301649123430252,
        -0.15892967581748962,
        0.06670267134904861,
        -2.4847142696380615,
        0.012332776561379433,
        2.418189287185669,
        -0.01645776815712452,
        0.0
    ],