{
    "query_state": [
        -0.00730679789558053,
        -0.06893318891525269,
        -0.0014452259056270123,
        -2.470618486404419,
        0.027808014303445816,
        2.301497459411621,
        -0.014354470185935497,
        0.0
    ],
    "query_prompt": "",
    "inference_time": true,
    "retrieved_0_state": [
        -0.0720020979642868,
        -0.07133202254772186,
        -0.052665892988443375,
        -2.5845143795013428,
        0.008111878298223019,
        2.5133731365203857,
        -0.0252468790858984,
        0.0
    ],
    "retrieved_0_actions": [
        [
            0.028357908595353365,
            0.6834355741739273,
            0.001234683149959892,
            0.34072384238243103,
            -0.1740686222910881,
            0.22657733410596848,
            0.033055683597922325,
            0.0
        ],
        [
            0.046305982396006584,
            0.6711805611848831,
            0.0044209923362359405,
            0.39561502635478973,
            -0.16019631177186966,
            0.1564057171344757,
            0.006895800470374525,
            0.0
        ],
        [
            0.058701327070593834,
            0.6409450620412827,
            -0.0004069508213433437,
            0.41096877306699753,
            -0.18679924309253693,
            0.1424194686114788,
            0.020291050896048546,
            0.0
        ],
        [
            0.06638136226683855,
            0.5914907157421112,
            -0.015344270505011082,
            0.4061608389019966,
            -0.203903466463089,
            0.14460253529250622,
            0.026131263002753258,
            0.0
        ],
        [
            0.06996204145252705,
            0.5627326667308807,
            -0.01974743092432618,
            0.4167880490422249,
            -0.1799863949418068,
            0.11570874601602554,
            0.017572620417922735,
            0.0
        ],
        [
            0.06850210949778557,
            0.5036814883351326,
            -0.013581683160737157,
            0.404815711081028,
            -0.140088414773345,
            0.07778857834637165,
            0.0009878203127300367,
            0.0
        ],
        [
            0.07552005350589752,
            0.4581374302506447,
            0.0020250235684216022,
            0.3826402872800827,
            -0.11470385827124119,
            0.050047412514686584,
            0.007743673049844801,
            0.0
        ],
        [
            0.07646404672414064,
            0.41342273354530334,
            0.017230533994734287,
            0.3452685847878456,
            -0.09606938809156418,
            0.037422224413603544,
            0.010885134106501937,
            0.0
        ],
        [
            0.0645478954538703,
            0.3732423111796379,
            0.025203244294971228,
            0.3026508167386055,
            -0.08371547795832157,
            0.031237073708325624,
            -0.0010909732372965664,
            0.0
        ],
        [
            0.0285391416400671,
            0.34405216574668884,
            0.03271304536610842,
            0.2689552493393421,
            -0.055190189741551876,
            0.041843107901513577,
            -0.031668259762227535,
            0.0
        ]
    ],
    "retrieved_0_prompt": "move the idli plate to the right",
    "final_image_shape": [
        672,
        448,
        3
    ]
}