{
    "query_state": [
        0.08195482194423676,
        -0.020908232778310776,
        0.08360208570957184,
        -2.3752353191375732,
        -0.07233348488807678,
        2.3312244415283203,
        -0.13916444778442383,
        0.0
    ],
    "query_prompt": "move the squeegee to the right and try to drag it",
    "inference_time": true,
    "retrieved_0_state": [
        0.08170914649963379,
        -0.020472846925258636,
        0.08805671334266663,
        -2.255181074142456,
        -0.11860767006874084,
        2.0747852325439453,
        -0.13072311878204346,
        0.0
    ],
    "retrieved_0_actions": [
        [
            0.1143511850386858,
            0.6098706275224686,
            0.09936532936990261,
            0.3072033263742924,
            -0.23635009303689003,
            0.13740316964685917,
            -0.15942921862006187,
            0.0
        ],
        [
            0.09702229872345924,
            0.5559220165014267,
            0.07102206349372864,
            0.284409299492836,
            -0.27021992951631546,
            0.15605817548930645,
            -0.16018932685256004,
            0.0
        ],
        [
            0.07597163785248995,
            0.5162642523646355,
            0.03677012398838997,
            0.2735128812491894,
            -0.28784437105059624,
            0.19857190549373627,
            -0.15499458648264408,
            0.0
        ],
        [
            0.05526615306735039,
            0.48137735575437546,
            0.0012114747369196266,
            0.2725827693939209,
            -0.3000580333173275,
            0.2570466138422489,
            -0.12891393154859543,
            0.0
        ],
        [
            0.029935913626104593,
            0.43301403522491455,
            -0.013830126263201237,
            0.28444118797779083,
            -0.23111049085855484,
            0.25058725848793983,
            -0.15281148254871368,
            0.0
        ],
        [
            0.01384980627335608,
            0.4061483219265938,
            -0.010439609177410603,
            0.3078531101346016,
            -0.14843065291643143,
            0.22167230024933815,
            -0.18943306058645248,
            0.0
        ],
        [
            0.02303041284903884,
            0.3781624138355255,
            -0.013827005168423057,
            0.3111061826348305,
            -0.11872814036905766,
            0.20974541082978249,
            -0.141479829326272,
            0.0
        ],
        [
            0.02947010798379779,
            0.34757524728775024,
            -0.01043590484187007,
            0.2947855554521084,
            -0.08053365163505077,
            0.2419697307050228,
            -0.09510357864201069,
            0.0
        ],
        [
            0.03994395490735769,
            0.33682387322187424,
            -0.008697350858710706,
            0.3067641891539097,
            -0.05498714279383421,
            0.2152244746685028,
            -0.06784237921237946,
            0.0
        ],
        [
            0.03984381444752216,
            0.3433200716972351,
            -0.0051658484153449535,
            0.33321134746074677,
            -0.018151053227484226,
            0.1710662618279457,
            -0.06580081768333912,
            0.0
        ],
        [
            0.04349167924374342,
            0.346638485789299,
            -0.00673977134283632,
            0.354611873626709,
            0.0003903273682226427,
            0.13587943278253078,
            -0.059258295223116875,
            0.0
        ],
        [
            0.04703485406935215,
            0.33246926963329315,
            -0.016986802220344543,
            0.3463645279407501,
            0.00040159204218070954,
            0.13162094168365002,
            -0.05043589975684881,
            0.0
        ],
        [
            0.052240435034036636,
            0.3113106079399586,
            -0.027571097016334534,
            0.33072810620069504,
            -0.0012054481339873746,
            0.14507029205560684,
            -0.03420320572331548,
            0.0
        ],
        [
            0.04946139641106129,
            0.2904985472559929,
            -0.02096736803650856,
            0.3248985484242439,
            0.024134290870279074,
            0.13096649199724197,
            -0.03140923334285617,
            0.0
        ],
        [
            0.04909802693873644,
            0.2665460668504238,
            -0.018634535372257233,
            0.31617823988199234,
            0.043770913034677505,
            0.1064536813646555,
            -0.01974737737327814,
            0.0
        ]
    ],
    "retrieved_0_prompt": "move the squeegee to the right and try to drag it",
    "retrieved_1_state": [
        0.0892353504896164,
        -0.0689501091837883,
        0.11181095242500305,
        -2.476804256439209,
        -0.10656774789094925,
        2.491861581802368,
        -0.08729056268930435,
        0.0
    ],