{
    "query_state": [
        -0.030882813036441803,
        -0.17971785366535187,
        -0.014964847825467587,
        -2.3528947830200195,
        -0.03831103816628456,
        2.155545473098755,
        -0.02463306486606598,
        0.0
    ],
    "query_prompt": "move the idli plate to the right",
    "inference_time": true,
    "retrieved_0_state": [
        -0.044419627636671066,
        0.22746628522872925,
        -0.02261921763420105,
        -2.264512538909912,
        -0.036880750209093094,
        2.4227077960968018,
        0.05608370155096054,
        0.0
    ],
    "retrieved_0_actions": [
        [
            -0.00010919069609371945,
            0.6453130394220352,
            -0.027377060614526272,
            0.4816790670156479,
            0.05793779157102108,
            0.1188284158706665,
            -0.10789336636662483,
            0.0
        ],
        [
            0.008314239676110446,
            0.6628352403640747,
            -0.027149226516485214,
            0.5354776605963707,
            0.027019453700631857,
            0.08135884068906307,
            -0.11546366848051548,
            0.0
        ],
        [
            0.033223158679902554,
            0.6593552976846695,
            -0.03768975613638759,
            0.5927034839987755,
            -0.008788045379333198,
            0.033438317477703094,
            -0.07318520918488503,
            0.0
        ],
        [
            0.025269025936722755,
            0.6196154281497002,
            -0.018724440596997738,
            0.6147652864456177,
            0.022130266297608614,
            -0.026431125588715076,
            -0.0967007502913475,
            0.0
        ],
        [
            0.036233237478882074,
            0.5746937170624733,
            -0.011916436487808824,
            0.6250433623790741,
            0.019034892320632935,
            -0.07499613333493471,
            -0.09077462367713451,
            0.0
        ],
        [
            0.04235888831317425,
            0.5484878644347191,
            -0.0027656240854412317,
            0.6193500757217407,
            0.028529376722872257,
            -0.09538073092699051,
            -0.07875829935073853,
            0.0
        ],
        [
            0.031741580460220575,
            0.48735957592725754,
            0.021481984294950962,
            0.5657628178596497,
            0.05666153971105814,
            -0.1129258330911398,
            -0.0903188344091177,
            0.0
        ],
        [
            0.024610618129372597,
            0.40712542831897736,
            0.03093327395617962,
            0.4736349731683731,
            0.06820236332714558,
            -0.10346162132918835,
            -0.0950277503579855,
            0.0
        ],
        [
            0.003237157070543617,
            0.3438878804445267,
            0.0249923556111753,
            0.3824986144900322,
            0.08522957563400269,
            -0.0632185535505414,
            -0.0931941345334053,
            0.0
        ],
        [
            -0.007784278714098036,
            0.31223397701978683,
            0.00210350684938021,
            0.32144874334335327,
            0.08780337870121002,
            -0.015610120026394725,
            -0.06647208239883184,
            0.0
        ],
        [
            -0.031413608230650425,
            0.29813632369041443,
            -0.008568416233174503,
            0.28247425332665443,
            0.1067800261080265,
            0.0030372748733498156,
            -0.05311706103384495,
            0.0
        ],
        [
            -0.07924993522465229,
            0.23413628339767456,
            -0.016698692925274372,
            0.20927326753735542,
            0.1411550585180521,
            0.01309711835347116,
            -0.05424742121249437,
            0.0
        ],
        [
            -0.13549377210438251,
            0.14746205881237984,
            -0.02509532729163766,
            0.12434232048690319,
            0.17201630398631096,
            0.02190173603594303,
            -0.06845124065876007,
            0.0
        ],
        [
            -0.21875785663723946,
            0.03299814648926258,
            -0.04196248948574066,
            0.021905465982854366,
            0.21140316501259804,
            0.009734852355904877,
            -0.10512459091842175,
            0.0
        ],
        [
            -0.2799178473651409,
            -0.040986835956573486,
            -0.06180437747389078,
            -0.02869617659598589,
            0.23238686844706535,
            -0.018993746489286423,
            -0.13925747014582157,
            0.0
        ]
    ],
    "retrieved_0_prompt": "move the idli plate to the right",
    "retrieved_1_state": [
        -0.053738631308078766,
        -0.1588338166475296,
        -0.022167259827256203,
        -2.3056271076202393,
        -0.024696260690689087,
        2.2141942977905273,
        -0.01939094252884388,
        0.0
    ],