{
    "query_state": [
        -0.015056938864290714,
        -0.5970144867897034,
        0.0022253396455198526,
        -2.513221263885498,
        0.020934395492076874,
        1.9083646535873413,
        -0.023056231439113617,
        0.0
    ],
    "query_prompt": "move the idli plate to the right",
    "inference_time": true,
    "retrieved_0_state": [
        -0.023851294070482254,
        -0.510862410068512,
        -0.002584475791081786,
        -2.5058510303497314,
        0.0258799996227026,
        1.9980212450027466,
        -0.022892968729138374,
        0.0
    ],
    "retrieved_0_actions": [
        [
            -0.0720053305849433,
            0.9085816144943237,
            -0.04691010806709528,
            0.37736766040325165,
            -0.19591547548770905,
            0.5547792837023735,
            0.008236838621087372,
            0.0
        ],
        [
            -0.05803858395665884,
            0.959700420498848,
            -0.04759470000863075,
            0.45423831790685654,
            -0.18913228064775467,
            0.5011753737926483,
            0.006461329176090658,
            0.0
        ],
        [
            -0.039254748262465,
            0.9954046458005905,
            -0.047284853644669056,
            0.5368543043732643,
            -0.17688261345028877,
            0.4222171753644943,
            -0.00096954419859685,
            0.0
        ],
        [
            -0.028984551317989826,
            0.9688685089349747,
            -0.04518494475632906,
            0.5912737548351288,
            -0.17771104350686073,
            0.3341618552803993,
            0.021645857486873865,
            0.0
        ],
        [
            -0.01636439119465649,
            0.9090083837509155,
            -0.04745372571051121,
            0.6443364173173904,
            -0.1710890233516693,
            0.19321775063872337,
            0.027504353784024715,
            0.0
        ],
        [
            0.03340641036629677,
            0.01719201565720141,
            -0.028105839155614376,
            -0.06253983825445175,
            -0.08534383960068226,
            0.1281155738979578,
            0.07128482684493065,
            0.0
        ],
        [
            0.02442268654704094,
            0.20246140658855438,
            -0.05342268384993076,
            0.02270143711939454,
            -0.17086517065763474,
            0.26701459661126137,
            0.186065211892128,
            0.0
        ],
        [
            0.0081136409426108,
            0.48225946724414825,
            -0.09489312767982483,
            0.21464142948389053,
            -0.27844682335853577,
            0.4680030420422554,
            0.25074781849980354,
            0.0
        ],
        [
            0.011511347256600857,
            0.5781913176178932,
            -0.12098124250769615,
            0.3356296196579933,
            -0.29791930690407753,
            0.44312451034784317,
            0.26431433856487274,
            0.0
        ],
        [
            0.006756072398275137,
            0.6350593268871307,
            -0.13129869475960732,
            0.47465942800045013,
            -0.20014336332678795,
            0.30940424650907516,
            0.18637647852301598,
            0.0
        ],
        [
            0.010590521851554513,
            0.6090255454182625,
            -0.11857429519295692,
            0.536792017519474,
            -0.11389590799808502,
            0.16811497509479523,
            0.1172862108796835,
            0.0
        ],
        [
            0.017965601291507483,
            0.5986593291163445,
            -0.09506888687610626,
            0.5843823775649071,
            -0.05846573505550623,
            0.04786199890077114,
            0.08514366112649441,
            0.0
        ],
        [
            0.025462948251515627,
            0.5665997415781021,
            -0.06950637325644493,
            0.5892641842365265,
            -0.024520123843103647,
            -0.03145141759887338,
            0.06331171374768019,
            0.0
        ],
        [
            0.02992777619510889,
            0.5376997217535973,
            -0.04220579285174608,
            0.5851548910140991,
            0.0037769030313938856,
            -0.07907457649707794,
            0.03504582680761814,
            0.0
        ],
        [
            0.041423216462135315,
            0.5057122558355331,
            -0.031054755672812462,
            0.5776769295334816,
            0.017942532431334257,
            -0.12114866636693478,
            0.034819627180695534,
            0.0
        ]
    ],
    "retrieved_0_prompt": "move the idli plate to the right",
    "retrieved_1_state": [
        -0.013642209582030773,
        -0.5867566466331482,
        0.0006880888831801713,
        -2.518524169921875,
        0.02762005291879177,
        1.9210357666015625,
        -0.022889459505677223,
        0.0
    ],