{
    "query_state": [
        -0.3709612190723419,
        0.9241535067558289,
        -0.008508382365107536,
        -1.4595035314559937,
        0.1686352640390396,
        2.3720526695251465,
        -0.07542995363473892,
        0.0
    ],
    "query_prompt": "move the idli plate to the right",
    "inference_time": true,
    "retrieved_0_state": [
        -0.3491396903991699,
        0.9067873358726501,
        -0.04504403471946716,
        -1.4570082426071167,
        0.18279139697551727,
        2.3338348865509033,
        -0.05851270630955696,
        0.0
    ],
    "retrieved_0_actions": [
        [
            0.04502344410866499,
            -0.5918746069073677,
            -0.020255970302969217,
            -0.7084842026233673,
            0.05112062208354473,
            0.2553904429078102,
            -0.1207098551094532,
            0.0
        ],
        [
            0.023543669376522303,
            -0.49714699387550354,
            0.013352233218029141,
            -0.6287667900323868,
            0.06913189310580492,
            0.13750582933425903,
            -0.16445696353912354,
            0.0
        ],
        [
            0.06381378974765539,
            -0.20419053733348846,
            -0.0036700209602713585,
            -0.414140485227108,
            0.040650530718266964,
            0.20758597180247307,
            -0.14075680635869503,
            0.0
        ],
        [
            0.17158987000584602,
            0.21181242540478706,
            -0.12649879790842533,
            -0.0703699141740799,
            -0.06600608117878437,
            0.22856302559375763,
            0.08377391844987869,
            0.0
        ],
        [
            0.1743794046342373,
            0.34171558916568756,
            -0.15215137042105198,
            0.07005966268479824,
            -0.08276176638901234,
            0.2827548608183861,
            0.1386625785380602,
            0.0
        ],
        [
            0.15209457837045193,
            0.39761461317539215,
            -0.17051173374056816,
            0.2714560739696026,
            -0.1002816203981638,
            0.20194467157125473,
            0.1796889491379261,
            0.0
        ],
        [
            0.12807998806238174,
            0.3749796003103256,
            -0.169131550937891,
            0.41186824440956116,
            -0.10426430962979794,
            0.08676694706082344,
            0.2082855999469757,
            0.0
        ],
        [
            0.11962962336838245,
            0.3219692036509514,
            -0.16803745180368423,
            0.4844914376735687,
            -0.11060630902647972,
            -0.030506763141602278,
            0.22830292582511902,
            0.0
        ],
        [
            0.08937036618590355,
            0.3028304688632488,
            -0.1370206382125616,
            0.5001118779182434,
            -0.09791316464543343,
            -0.0824966561049223,
            0.19769569858908653,
            0.0
        ],
        [
            0.026304868515580893,
            0.3454740345478058,
            -0.09189143776893616,
            0.5571533739566803,
            -0.05124089773744345,
            -0.12913514859974384,
            0.17426539212465286,
            0.0
        ],
        [
            -0.06475755013525486,
            0.4144356772303581,
            -0.06388922221958637,
            0.6491590291261673,
            0.01932138344272971,
            -0.24090128019452095,
            0.18671231344342232,
            0.0
        ],
        [
            -0.14989866875112057,
            0.4676656797528267,
            -0.04843242932111025,
            0.7061160355806351,
            0.06926349364221096,
            -0.3263961151242256,
            0.17111625522375107,
            0.0
        ],
        [
            -0.21914733573794365,
            0.5080632492899895,
            -0.03357290290296078,
            0.7460986077785492,
            0.1149338111281395,
            -0.3567424789071083,
            0.15317647717893124,
            0.0
        ],
        [
            -0.2877562493085861,
            0.5651547759771347,
            -0.03811081638559699,
            0.8057768642902374,
            0.1653592847287655,
            -0.3779786080121994,
            0.17007343471050262,
            0.0
        ],
        [
            -0.30002307146787643,
            0.5809921771287918,
            -0.05150429904460907,
            0.819687619805336,
            0.17563773319125175,
            -0.3700125962495804,
            0.19370075315237045,
            0.0
        ]
    ],
    "retrieved_0_prompt": "move the idli plate to the right",
    "retrieved_1_state": [
        -0.35017144680023193,
        0.915196418762207,
        -0.04498511180281639,
        -1.4493316411972046,
        0.1827983409166336,
        2.3301126956939697,
        -0.05800319463014603,
        0.0
    ],