{
    "query_state": [
        -0.0073807151056826115,
        -0.6031671166419983,
        0.002057359553873539,
        -2.514925003051758,
        -0.026707570999860764,
        1.9048824310302734,
        0.022204754874110222,
        0.0
    ],
    "query_prompt": "",
    "inference_time": true,
    "retrieved_0_state": [
        -0.003199097467586398,
        -0.6038603782653809,
        -0.000698008225299418,
        -2.520733118057251,
        -0.028307894244790077,
        1.9056158065795898,
        0.02141968160867691,
        0.0
    ],
    "retrieved_0_actions": [
        [
            -0.05307402927428484,
            0.09632272645831108,
            -0.031097070313990116,
            -0.14055637642741203,
            -0.04900734405964613,
            0.20083561539649963,
            -0.03644077805802226,
            0.0
        ],
        [
            -0.05358675494790077,
            0.16840049996972084,
            -0.0717064831405878,
            -0.035355486907064915,
            -0.01875893329270184,
            0.03650965867564082,
            -0.0779489241540432,
            0.0
        ],
        [
            -0.013061079662293196,
            0.0014788754924666137,
            0.010459487093612552,
            0.0077511678682640195,
            0.006284492556005716,
            -0.009536007419228554,
            -0.006468058563768864,
            0.0
        ],
        [
            -0.04239003174006939,
            -0.04837069660425186,
            0.0723802950233221,
            -0.23307925090193748,
            -0.17416104674339294,
            0.29106825590133667,
            0.0014631955127697438,
            0.0
        ],
        [
            -0.06634778808802366,
            -0.02523946575820446,
            0.11073143221437931,
            -0.277862548828125,
            -0.2611228823661804,
            0.2872815355658531,
            0.04138950724154711,
            0.0
        ],
        [
            -0.08180727250874043,
            0.001270387729164213,
            0.14846999198198318,
            -0.34912653267383575,
            -0.3349563106894493,
            0.39208535104990005,
            0.08351021446287632,
            0.0
        ],
        [
            -0.07783866487443447,
            0.04803486634045839,
            0.16207901760935783,
            -0.32321665436029434,
            -0.32915573567152023,
            0.45198775827884674,
            0.1192429568618536,
            0.0
        ],
        [
            -0.06639884319156408,
            0.10690029710531235,
            0.15583807602524757,
            -0.2593858167529106,
            -0.27074143290519714,
            0.46234574168920517,
            0.1495010033249855,
            0.0
        ],
        [
            -0.0714749051257968,
            0.15315758995711803,
            0.1659553498029709,
            -0.19264021888375282,
            -0.24784190580248833,
            0.4496821388602257,
            0.19831426441669464,
            0.0
        ],
        [
            -0.0859449990093708,
            0.1952526904642582,
            0.1655987836420536,
            -0.19481897354125977,
            -0.23285092785954475,
            0.5176848918199539,
            0.252176895737648,
            0.0
        ]
    ],
    "retrieved_0_prompt": "pick up the poke ball and put it in the tray",
    "final_image_shape": [
        672,
        448,
        3
    ]
}