{
    "query_state": [
        -0.08477174490690231,
        0.6696650385856628,
        -0.06370393186807632,
        -1.536567211151123,
        -0.0308269951492548,
        1.9012575149536133,
        0.07906758040189743,
        0.9911894276295312
    ],
    "query_prompt": "pick up the poke ball and put it in the tray",
    "inference_time": true,
    "retrieved_0_state": [
        0.055352430790662766,
        0.41373521089553833,
        -0.11837686598300934,
        -1.8725049495697021,
        -0.14586585760116577,
        2.4405996799468994,
        0.20346495509147644,
        0.6475770887461436
    ],
    "retrieved_0_actions": [
        [
            -0.04495185799896717,
            -0.35909466445446014,
            -0.15922944992780685,
            -0.3376590833067894,
            -0.2127152867615223,
            -0.04127971362322569,
            0.24293892085552216,
            0.8975770887461436
        ],
        [
            -0.04629045259207487,
            -0.35254281014204025,
            -0.1385420747101307,
            -0.3166196867823601,
            -0.22541528567671776,
            -0.05845313426107168,
            0.24590635672211647,
            0.8975770887461436
        ],
        [
            -0.049535282887518406,
            -0.3626134991645813,
            -0.12478454038500786,
            -0.3211113438010216,
            -0.23611372336745262,
            -0.07384362630546093,
            0.25030024349689484,
            0.8975770887461436
        ],
        [
            -0.051942034624516964,
            -0.37851836532354355,
            -0.11296027339994907,
            -0.3451910987496376,
            -0.24240534752607346,
            -0.0806664302945137,
            0.25899508967995644,
            0.8975770887461436
        ],
        [
            -0.06034154910594225,
            -0.3750187158584595,
            -0.09097767993807793,
            -0.3526606410741806,
            -0.23636182770133018,
            -0.08166158571839333,
            0.2599913440644741,
            0.8975770887461436
        ],
        [
            -0.06434174720197916,
            -0.3389042243361473,
            -0.07457771338522434,
            -0.3732078894972801,
            -0.23520106449723244,
            -0.036964789032936096,
            0.2746056020259857,
            0.8975770887461436
        ],
        [
            -0.0693242996931076,
            -0.31842444092035294,
            -0.060469964519143105,
            -0.3645946830511093,
            -0.22919517010450363,
            -0.03422072855755687,
            0.2730876952409744,
            0.8975770887461436
        ],
        [
            -0.07256593089550734,
            -0.3009519912302494,
            -0.05030025728046894,
            -0.343514159321785,
            -0.22409526631236076,
            -0.04022912587970495,
            0.26620134711265564,
            0.8975770887461436
        ],
        [
            -0.07681565824896097,
            -0.28390781953930855,
            -0.04133111797273159,
            -0.31778715550899506,
            -0.21453628316521645,
            -0.04725303500890732,
            0.25501713156700134,
            0.8975770887461436
        ],
        [
            -0.07533199619501829,
            -0.26002325117588043,
            -0.02567444695159793,
            -0.2771691046655178,
            -0.18981009721755981,
            -0.058027710765600204,
            0.22343091666698456,
            0.3975770887461436
        ],
        [
            -0.062496461905539036,
            -0.22852279245853424,
            -0.013556805206462741,
            -0.22097254171967506,
            -0.192521084100008,
            -0.06897374056279659,
            0.20215271040797234,
            0.3359030896856179
        ],
        [
            -0.053190398029983044,
            -0.20764561370015144,
            -0.001012383509078063,
            -0.1737763173878193,
            -0.19386835396289825,
            -0.07189030293375254,
            0.18773525953292847,
            0.2081497824386661
        ],
        [
            -0.04583810921758413,
            -0.19444243982434273,
            0.00664014951325953,
            -0.14032693579792976,
            -0.18925733864307404,
            -0.07593506015837193,
            0.1733388751745224,
            0.08480178431761487
        ],
        [
            -0.0404463242739439,
            -0.1818247325718403,
            0.010752930538728833,
            -0.11201567016541958,
            -0.19229156896471977,
            -0.08305167779326439,
            0.166864562779665,
            0.0
        ],
        [
            -0.03005335573107004,
            -0.17159661278128624,
            0.012172294082120061,
            -0.08665584027767181,
            -0.21192429587244987,
            -0.09522578679025173,
            0.16969799995422363,
            0.0
        ]
    ],
    "retrieved_0_prompt": "pick up the poke ball and put it in the tray",
    "retrieved_1_state": [
        0.059310346841812134,
        0.43115293979644775,
        -0.09635685384273529,
        -1.8443727493286133,
        -0.13467372953891754,
        2.4402058124542236,
        0.1850501298904419,
        0.6475770887461436
    ],