{
    "query_state": [
        -0.12289110571146011,
        0.4666004776954651,
        -0.08042564988136292,
        -1.8252999782562256,
        -0.0686505064368248,
        1.8852555751800537,
        0.02785397134721279,
        0.9911894276295312
    ],
    "query_prompt": "pick up the poke ball and put it in the tray",
    "inference_time": true,
    "retrieved_0_state": [
        -0.031247001141309738,
        0.20103870332241058,
        -0.2428095042705536,
        -2.171252727508545,
        -0.29358184337615967,
        2.434170961380005,
        0.42312005162239075,
        0.2687224542177167
    ],
    "retrieved_0_actions": [
        [
            -0.0404463242739439,
            -0.1818247325718403,
            0.010752930538728833,
            -0.11201567016541958,
            -0.19229156896471977,
            -0.08305167779326439,
            0.166864562779665,
            0.0
        ],
        [
            -0.03005335573107004,
            -0.17159661278128624,
            0.012172294082120061,
            -0.08665584027767181,
            -0.21192429587244987,
            -0.09522578679025173,
            0.16969799995422363,
            0.0
        ],
        [
            -0.02498559420928359,
            -0.16597352921962738,
            0.01494682626798749,
            -0.07405786775052547,
            -0.21089378744363785,
            -0.09727402590215206,
            0.16273437067866325,
            0.0
        ],
        [
            -0.021219367627054453,
            -0.15813546255230904,
            0.019268306205049157,
            -0.06581056863069534,
            -0.1998504064977169,
            -0.09847653098404408,
            0.15401587821543217,
            0.0
        ],
        [
            -0.015374529175460339,
            -0.14838915318250656,
            0.025810033548623323,
            -0.054825544357299805,
            -0.19190996885299683,
            -0.10250583291053772,
            0.1441467646509409,
            0.0
        ],
        [
            -0.014791478170081973,
            -0.13952495530247688,
            0.038101004902273417,
            -0.047968882136046886,
            -0.16624614596366882,
            -0.08779993280768394,
            0.11782882735133171,
            0.0
        ],
        [
            0.0,
            0.0,
            0.0,
            0.0,
            0.0,
            0.0,
            0.0,
            0.0
        ],
        [
            0.0,
            0.0,
            0.0,
            0.0,
            0.0,
            0.0,
            0.0,
            0.0
        ],
        [
            0.0,
            0.0,
            0.0,
            0.0,
            0.0,
            0.0,
            0.0,
            0.0
        ],
        [
            0.0,
            0.0,
            0.0,
            0.0,
            0.0,
            0.0,
            0.0,
            0.0
        ],
        [
            0.0,
            0.0,
            0.0,
            0.0,
            0.0,
            0.0,
            0.0,
            0.0
        ],
        [
            0.0,
            0.0,
            0.0,
            0.0,
            0.0,
            0.0,
            0.0,
            0.0
        ],
        [
            0.0,
            0.0,
            0.0,
            0.0,
            0.0,
            0.0,
            0.0,
            0.0
        ],
        [
            0.0,
            0.0,
            0.0,
            0.0,
            0.0,
            0.0,
            0.0,
            0.0
        ],
        [
            0.0,
            0.0,
            0.0,
            0.0,
            0.0,
            0.0,
            0.0,
            0.0
        ]
    ],
    "retrieved_0_prompt": "pick up the poke ball and put it in the tray",
    "retrieved_1_state": [
        -0.03301804140210152,
        0.1967558115720749,
        -0.24291111528873444,
        -2.1780707836151123,
        -0.29776954650878906,
        2.434168577194214,
        0.43062666058540344,
        0.1409691907977091
    ],
    "retrieved_1_actions": [
        [
            -0.03005335573107004,
            -0.17159661278128624,
            0.012172294082120061,
            -0.08665584027767181,
            -0.21192429587244987,
            -0.09522578679025173,
            0.16969799995422363,
            0.0
        ],
        [
            -0.02498559420928359,
            -0.16597352921962738,
            0.01494682626798749,
            -0.07405786775052547,
            -0.21089378744363785,
            -0.09727402590215206,
            0.16273437067866325,
            0.0
        ],
        [
            -0.021219367627054453,
            -0.15813546255230904,
            0.019268306205049157,
            -0.06581056863069534,
            -0.1998504064977169,
            -0.09847653098404408,
            0.15401587821543217,
            0.0
        ],
        [
            -0.015374529175460339,
            -0.14838915318250656,
            0.025810033548623323,
            -0.054825544357299805,
            -0.19190996885299683,
            -0.10250583291053772,
            0.1441467646509409,
            0.0
        ],
        [
            -0.014791478170081973,
            -0.13952495530247688,
            0.038101004902273417,
            -0.047968882136046886,
            -0.16624614596366882,
            -0.08779993280768394,
            0.11782882735133171,
            0.0
        ],
        [
            0.0,
            0.0,
            0.0,
            0.0,
            0.0,
            0.0,
            0.0,
            0.0
        ],
        [
            0.0,
            0.0,
            0.0,
            0.0,
            0.0,
            0.0,
            0.0,
            0.0
        ],
        [
            0.0,
            0.0,
            0.0,
            0.0,
            0.0,
            0.0,
            0.0,
            0.0
        ],
        [
            0.0,
            0.0,
            0.0,
            0.0,
            0.0,
            0.0,
            0.0,
            0.0
        ],
        [
            0.0,
            0.0,
            0.0,
            0.0,
            0.0,
            0.0,
            0.0,
            0.0
        ],
        [
            0.0,
            0.0,
            0.0,
            0.0,
            0.0,
            0.0,
            0.0,
            0.0
        ],
        [
            0.0,
            0.0,
            0.0,
            0.0,
            0.0,
            0.0,
            0.0,
            0.0
        ],
        [
            0.0,
            0.0,
            0.0,
            0.0,
            0.0,
            0.0,
            0.0,
            0.0
        ],
        [
            0.0,
            0.0,
            0.0,
            0.0,
            0.0,
            0.0,
            0.0,
            0.0
        ],
        [
            0.0,
            0.0,
            0.0,
            0.0,
            0.0,
            0.0,
            0.0,
            0.0
        ]
    ],
    "retrieved_1_prompt": "pick up the poke ball and put it in the tray",
    "retrieved_2_state": [
        -0.03374502435326576,
        0.1951552778482437,
        -0.24291373789310455,
        -2.1804230213165283,
        -0.30425435304641724,
        2.4341063499450684,
        0.43885892629623413,
        0.0220264579756142
    ],