{
    "query_state": [
        -0.03863717243075371,
        0.02241498976945877,
        -0.047996118664741516,
        -2.370191812515259,
        -0.17801760137081146,
        2.3982014656066895,
        0.10704340040683746,
        0.3832599217408553
    ],
    "query_prompt": "",
    "inference_time": true,
    "retrieved_0_state": [
        -0.014038176275789738,
        0.0627526119351387,
        0.005671908147633076,
        -2.4394192695617676,
        0.039760105311870575,
        2.5813701152801514,
        -0.02372647635638714,
        0.7004405352952845
    ],
    "retrieved_0_actions": [
        [
            -0.2533048950135708,
            -0.4382893815636635,
            -0.2815741114318371,
            -0.13414465822279453,
            -0.11714075691998005,
            -0.20125871524214745,
            -0.2012779749929905,
            0.9251101338238211
        ],
        [
            -0.26218587532639503,
            -0.3741476684808731,
            -0.29049040749669075,
            -0.06233543623238802,
            -0.19186975434422493,
            -0.24263480678200722,
            -0.1484509464353323,
            0.9251101338238211
        ],
        [
            -0.250773411244154,
            -0.28390757739543915,
            -0.2713516168296337,
            -0.02322884276509285,
            -0.20566992461681366,
            -0.2152838557958603,
            -0.11751708574593067,
            0.9251101338238211
        ],
        [
            -0.24175764992833138,
            -0.19873982295393944,
            -0.2527185529470444,
            0.008736778981983662,
            -0.2163475938141346,
            -0.17716160044074059,
            -0.08639874868094921,
            0.9251101338238211
        ],
        [
            -0.21203894168138504,
            -0.1253086980432272,
            -0.21764392033219337,
            0.031240549869835377,
            -0.19222548231482506,
            -0.1500234752893448,
            -0.06622516550123692,
            0.9251101338238211
        ],
        [
            -0.17147717997431755,
            -0.08654638193547726,
            -0.1829528994858265,
            0.03901442512869835,
            -0.1283117849379778,
            -0.14397620223462582,
            -0.07832120172679424,
            0.4504405352952845
        ],
        [
            -0.11903787963092327,
            -0.07231719326227903,
            -0.12801419012248516,
            0.052007208578288555,
            -0.11547859758138657,
            -0.14123591594398022,
            -0.053876549936831,
            0.3887665143212867
        ],
        [
            -0.07867182604968548,
            -0.06853731349110603,
            -0.08850827813148499,
            0.05535402800887823,
            -0.10194999165832996,
            -0.13713504187762737,
            -0.03502074396237731,
            0.2389867710121929
        ],
        [
            -0.055627631954848766,
            -0.0724788149818778,
            -0.061253500171005726,
            0.05708588287234306,
            -0.09828601032495499,
            -0.13260496780276299,
            -0.01817690907046199,
            0.11563877289114166
        ],
        [
            -0.04393985494971275,
            -0.08261184208095074,
            -0.04381698090583086,
            0.05963585339486599,
            -0.11997122317552567,
            -0.134518351405859,
            -0.0010975758050335571,
            0.004405298169164434
        ]
    ],
    "retrieved_0_prompt": "pick up the poke ball and put it in the tray",
    "final_image_shape": [
        672,
        448,
        3
    ]
}