{
    "query_state": [
        0.004151719622313976,
        -0.008436501026153564,
        0.029561152681708336,
        -2.436108350753784,
        -0.13162612915039062,
        2.42075514793396,
        0.0976368635892868,
        0.9471365644075951
    ],
    "query_prompt": "",
    "inference_time": true,
    "retrieved_0_state": [
        0.036203961819410324,
        0.3793715834617615,
        0.034318357706069946,
        -1.9339884519577026,
        -0.027834929525852203,
        2.4743034839630127,
        0.04793550446629524,
        0.0
    ],
    "retrieved_0_actions": [
        [
            0.09901737794280052,
            0.23653114214539528,
            -0.07467173039913177,
            0.14745589345693588,
            -0.10262051597237587,
            0.06875521037727594,
            0.10293788276612759,
            0.0
        ],
        [
            0.12441725470125675,
            0.2082686685025692,
            -0.11673379689455032,
            0.1603860966861248,
            -0.1719827577471733,
            0.05165970418602228,
            0.14184050261974335,
            0.0
        ],
        [
            0.13727287761867046,
            0.1796388067305088,
            -0.1430975180119276,
            0.16857372596859932,
            -0.2109423652291298,
            0.04539531655609608,
            0.1518605276942253,
            0.0
        ],
        [
            0.1285675447434187,
            0.16213953495025635,
            -0.1392053533345461,
            0.17407434061169624,
            -0.18253618851304054,
            0.03564008977264166,
            0.1371104083955288,
            0.0
        ],
        [
            0.11843737214803696,
            0.16729194670915604,
            -0.1271406188607216,
            0.172722227871418,
            -0.13984192162752151,
            0.027245795354247093,
            0.12641350738704205,
            0.0
        ],
        [
            0.11325161904096603,
            0.17181135714054108,
            -0.12054222635924816,
            0.1713414303958416,
            -0.1177592296153307,
            0.018760880921036005,
            0.12177134864032269,
            0.0
        ],
        [
            0.11156454682350159,
            0.18325768411159515,
            -0.12314336374402046,
            0.1771705225110054,
            -0.1192305888980627,
            0.009797710226848722,
            0.12211916968226433,
            0.0
        ],
        [
            0.10093679651618004,
            0.19072400406002998,
            -0.12006131000816822,
            0.1894858106970787,
            -0.10619131848216057,
            0.0010978790669469163,
            0.11156544089317322,
            0.0
        ],
        [
            0.0937133189290762,
            0.20068196579813957,
            -0.12012746185064316,
            0.20702023059129715,
            -0.10150969959795475,
            0.02292352495715022,
            0.09447246789932251,
            0.0
        ],
        [
            0.09876195341348648,
            0.20223990082740784,
            -0.12970935553312302,
            0.2282811515033245,
            -0.11702115647494793,
            0.028647633735090494,
            0.09156160987913609,
            0.0
        ]
    ],
    "retrieved_0_prompt": "pick up the poke ball and put it in the tray",
    "final_image_shape": [
        672,
        448,
        3
    ]
}