{
    "query_state": [
        -0.11239595711231232,
        0.2271566390991211,
        -0.11015044152736664,
        -2.0986368656158447,
        -0.025365926325321198,
        2.2121455669403076,
        0.12206575274467468,
        0.0
    ],
    "query_prompt": "use the squeegee to clean the counter and push everything into the sink",
    "inference_time": true,
    "retrieved_0_state": [
        0.022726677358150482,
        0.10333284735679626,
        -0.007520531769841909,
        -2.4216108322143555,
        0.23877425491809845,
        2.318533420562744,
        0.46825891733169556,
        1.0
    ],
    "retrieved_0_actions": [
        [
            -0.018273283494636416,
            -0.10475008748471737,
            0.041826339438557625,
            0.05567152053117752,
            0.3789083659648895,
            -0.2755872346460819,
            -0.0027546286582946777,
            1.0
        ],
        [
            -0.02162239048629999,
            -0.10042402893304825,
            0.043196375481784344,
            0.040575629100203514,
            0.37439193576574326,
            -0.2755037136375904,
            -0.020806032698601484,
            1.0
        ],
        [
            -0.016132716555148363,
            -0.07815309800207615,
            0.06041691638529301,
            0.029687536880373955,
            0.4162951558828354,
            -0.2877003699541092,
            -0.05603775382041931,
            1.0
        ],
        [
            0.0008487120067002252,
            -0.062349867075681686,
            0.07958405651152134,
            0.025144102983176708,
            0.4225311055779457,
            -0.2826075069606304,
            -0.07510340306907892,
            1.0
        ],
        [
            0.01644410891458392,
            -0.03917507827281952,
            0.08835948072373867,
            0.036039205733686686,
            0.4252495616674423,
            -0.2702692709863186,
            -0.0940930750221014,
            1.0
        ],
        [
            0.024156810250133276,
            -0.018572242697700858,
            0.07638590410351753,
            0.0486066285520792,
            0.38053151220083237,
            -0.24610305204987526,
            -0.09124423377215862,
            1.0
        ],
        [
            0.024325838312506676,
            -0.007989741279743612,
            0.05679522641003132,
            0.058356174267828465,
            0.3303246572613716,
            -0.22019226104021072,
            -0.08466300554573536,
            1.0
        ],
        [
            0.022606123238801956,
            -0.007103098905645311,
            0.03688436932861805,
            0.06434892769902945,
            0.2835611067712307,
            -0.20558562129735947,
            -0.07832707837224007,
            1.0
        ],
        [
            0.02102574333548546,
            -0.011695269495248795,
            0.019754862878471613,
            0.06681559607386589,
            0.2376619353890419,
            -0.1959642581641674,
            -0.07057413458824158,
            1.0
        ],
        [
            0.017423878889530897,
            -0.011010544840246439,
            0.007347490172833204,
            0.06885156966745853,
            0.22379659116268158,
            -0.19001081585884094,
            -0.07069027051329613,
            1.0
        ],
        [
            0.01628233236260712,
            -0.005183933535590768,
            0.004858751781284809,
            0.07243477739393711,
            0.23361828178167343,
            -0.18772335723042488,
            -0.08159494027495384,
            1.0
        ],
        [
            0.021290488075464964,
            0.006378254620358348,
            0.01075897947885096,
            0.07609427440911531,
            0.24984057992696762,
            -0.18586035817861557,
            -0.09131287224590778,
            1.0
        ],
        [
            0.026547510642558336,
            0.01630481332540512,
            0.020625318866223097,
            0.060527254827320576,
            0.2873353287577629,
            -0.18328700214624405,
            -0.1291381288319826,
            1.0
        ],
        [
            0.040983185172080994,
            0.027548717334866524,
            0.035801646299660206,
            0.06461859215050936,
            0.3150623291730881,
            -0.1877986267209053,
            -0.14336996711790562,
            1.0
        ],
        [
            0.05224754102528095,
            0.0408711563795805,
            0.04191574174910784,
            0.07543244864791632,
            0.32257288694381714,
            -0.19310330972075462,
            -0.14316738583147526,
            1.0
        ]
    ],
    "retrieved_0_prompt": "use the squeegee to clean the counter and push everything into the sink",
    "retrieved_1_state": [
        0.11063525825738907,
        0.17803600430488586,
        0.09687558561563492,
        -2.3831403255462646,
        0.22761143743991852,
        2.2126121520996094,
        0.5721173882484436,
        0.6828193864455708
    ],