{
    "query_state": [
        0.027866724878549576,
        -0.5970794558525085,
        -0.02121211774647236,
        -2.512705087661743,
        0.005141491070389748,
        1.9104629755020142,
        0.015752233564853668,
        0.0
    ],
    "query_prompt": "use the squeegee to clean the counter and push everything into the sink",
    "inference_time": true,
    "retrieved_0_state": [
        0.008200139738619328,
        -0.5877531170845032,
        0.003823661245405674,
        -2.51200270652771,
        0.020204177126288414,
        1.9151214361190796,
        0.01647844910621643,
        0.0
    ],
    "retrieved_0_actions": [
        [
            -0.11919474229216576,
            0.2699139341711998,
            -0.08705492131412029,
            0.007520841318182647,
            -0.12628340162336826,
            0.29899314045906067,
            -0.07931872271001339,
            0.0
        ],
        [
            -0.1343538984656334,
            0.31323760747909546,
            -0.12149426154792309,
            0.030776013154536486,
            -0.13488312251865864,
            0.3211337700486183,
            -0.10885482653975487,
            0.0
        ],
        [
            -0.14691938646137714,
            0.37928320467472076,
            -0.13236857950687408,
            0.07014674134552479,
            -0.15489771030843258,
            0.3524436056613922,
            -0.12294613756239414,
            0.0
        ],
        [
            -0.1574372500181198,
            0.4521804302930832,
            -0.12989397160708904,
            0.10196756571531296,
            -0.15871686860919,
            0.36873340606689453,
            -0.09752392768859863,
            0.0
        ],
        [
            -0.15486028045415878,
            0.5261792242527008,
            -0.12729618698358536,
            0.1460016705095768,
            -0.1516410056501627,
            0.36117348819971085,
            -0.08152280002832413,
            0.0
        ],
        [
            -0.145280659198761,
            0.5466403067111969,
            -0.13031437061727047,
            0.2513984590768814,
            -0.12996919453144073,
            0.26435060426592827,
            -0.07967821322381496,
            0.0
        ],
        [
            -0.11618047021329403,
            0.5588294193148613,
            -0.14097784645855427,
            0.37782449275255203,
            -0.06780858151614666,
            0.1603453978896141,
            -0.12388824485242367,
            0.0
        ],
        [
            -0.07581940852105618,
            0.5059845745563507,
            -0.1220319140702486,
            0.47669723629951477,
            -0.01790405949577689,
            0.03242539707571268,
            -0.15241011045873165,
            0.0
        ],
        [
            -0.043891798704862595,
            0.4437189921736717,
            -0.08673601783812046,
            0.500873290002346,
            0.02066823188215494,
            -0.025037459563463926,
            -0.15570435672998428,
            0.0
        ],
        [
            -0.02869920339435339,
            0.38853831589221954,
            -0.06427671760320663,
            0.49885645508766174,
            0.07313503883779049,
            -0.0785896647721529,
            -0.15081153251230717,
            0.0
        ],
        [
            0.011942170094698668,
            0.6499260663986206,
            0.018138308078050613,
            0.1421113684773445,
            0.06387926638126373,
            0.4451204836368561,
            0.021915044635534286,
            0.0
        ],
        [
            0.036259538028389215,
            0.6682589650154114,
            0.08683149702847004,
            0.15293346717953682,
            -0.06294618360698223,
            0.46049389988183975,
            0.1941484399139881,
            0.0
        ],
        [
            0.05121736787259579,
            0.6604479998350143,
            0.0837875995784998,
            0.10725347325205803,
            -0.022225049324333668,
            0.5128298327326775,
            0.23332130163908005,
            0.0
        ],
        [
            0.05943389609456062,
            0.6198609247803688,
            0.07501146756112576,
            0.16192594543099403,
            0.0393075542524457,
            0.4233955219388008,
            0.24047387763857841,
            0.0
        ],
        [
            0.06433929316699505,
            0.5304620787501335,
            0.058887810446321964,
            0.1929699443280697,
            0.047574988566339016,
            0.33697888255119324,
            0.22332608699798584,
            0.0
        ]
    ],
    "retrieved_0_prompt": "use the squeegee to clean the counter and push everything into the sink",
    "retrieved_1_state": [
        -0.050082605332136154,
        -0.4817206859588623,
        -0.05162113159894943,
        -2.5601370334625244,
        0.012970559298992157,
        2.0349154472351074,
        -0.02315649390220642,
        0.0
    ],