{
    "query_state": [
        -0.06784386932849884,
        -0.10169345140457153,
        -0.11272943764925003,
        -2.232285499572754,
        -0.034356821328401566,
        2.102309465408325,
        -0.06760428845882416,
        0.0
    ],
    "query_prompt": "move the idli plate to the sink",
    "inference_time": true,
    "retrieved_0_state": [
        -0.0879945307970047,
        -0.09435602277517319,
        -0.10449989885091782,
        -2.279740333557129,
        -0.0073125241324305534,
        2.158073663711548,
        -0.047499798238277435,
        0.0
    ],
    "retrieved_0_actions": [
        [
            -0.07555765099823475,
            0.8605987578630447,
            -0.05959155037999153,
            0.6201738491654396,
            0.03882524557411671,
            0.15896528959274292,
            -0.08857868611812592,
            0.0
        ],
        [
            -0.07742336019873619,
            0.8105441927909851,
            -0.034250232856720686,
            0.5861169844865799,
            0.048955981619656086,
            0.19843237474560738,
            -0.056380401365458965,
            0.0
        ],
        [
            -0.08519979193806648,
            0.7679856568574905,
            -0.014815742615610361,
            0.5802319198846817,
            0.08245470933616161,
            0.17097562551498413,
            -0.06283170077949762,
            0.0
        ],
        [
            -0.08686653338372707,
            0.7187499105930328,
            0.02220895141363144,
            0.5687607079744339,
            0.1254630647599697,
            0.16683639958500862,
            -0.08523346856236458,
            0.0
        ],
        [
            -0.06028344389051199,
            0.6053880974650383,
            0.06156706251204014,
            0.5191070213913918,
            0.12596161104738712,
            0.09974007494747639,
            -0.026833564043045044,
            0.0
        ],
        [
            -0.025966516695916653,
            0.4678356647491455,
            0.09333545342087746,
            0.39420466870069504,
            0.103924460709095,
            0.05663106683641672,
            0.03190050134435296,
            0.0
        ],
        [
            0.03944109193980694,
            0.3187193349003792,
            0.1092124730348587,
            0.19661379978060722,
            0.04815144930034876,
            0.0812993198633194,
            0.09016613475978374,
            0.0
        ],
        [
            0.08782834745943546,
            0.19438417628407478,
            0.129872914403677,
            0.023959616664797068,
            0.04733269102871418,
            0.12322995811700821,
            0.11017821729183197,
            0.0
        ],
        [
            0.11951151303946972,
            0.10466505773365498,
            0.1571848802268505,
            -0.10026508942246437,
            0.07625668309628963,
            0.15800196677446365,
            0.11149870231747627,
            0.0
        ],
        [
            0.15185704454779625,
            0.01619718037545681,
            0.1784275844693184,
            -0.22410942241549492,
            0.09634883143007755,
            0.2038012444972992,
            0.10469305329024792,
            0.0
        ],
        [
            0.16892362385988235,
            -0.01592779066413641,
            0.18381575122475624,
            -0.27343181893229485,
            0.10534076020121574,
            0.21991336718201637,
            0.09961592964828014,
            0.0
        ],
        [
            0.18848266452550888,
            -0.03064034739509225,
            0.17744844779372215,
            -0.2946038357913494,
            0.10704811662435532,
            0.22620394825935364,
            0.11046277359127998,
            0.0
        ],
        [
            0.21996142342686653,
            -0.07667910307645798,
            0.20685771480202675,
            -0.3252793103456497,
            0.12922720052301884,
            0.21603278815746307,
            0.12070943601429462,
            0.0
        ],
        [
            0.23196052759885788,
            -0.09759735316038132,
            0.22352086380124092,
            -0.32304640859365463,
            0.15027864836156368,
            0.20748484879732132,
            0.11190978810191154,
            0.0
        ],
        [
            0.2609226293861866,
            -0.14185271225869656,
            0.2513893321156502,
            -0.3055895306169987,
            0.17534708604216576,
            0.1601049117743969,
            0.11814141646027565,
            0.0
        ]
    ],
    "retrieved_0_prompt": "move the idli plate to the sink",
    "retrieved_1_state": [
        -0.09243431687355042,
        -0.11863717436790466,
        -0.08217906951904297,
        -2.3372066020965576,
        -0.05135257542133331,
        2.176361083984375,
        -0.005224344786256552,
        0.0
    ],