{
    "query_state": [
        0.07678614556789398,
        0.42909473180770874,
        -0.07328062504529953,
        -1.9713579416275024,
        -0.19353672862052917,
        2.2552237510681152,
        0.22369009256362915,
        0.0
    ],
    "query_prompt": "move the idli plate to the sink",
    "inference_time": true,
    "retrieved_0_state": [
        0.004076930694282055,
        0.37321844696998596,
        0.11063222587108612,
        -2.114675521850586,
        0.11856572329998016,
        2.393306016921997,
        -0.08210083097219467,
        0.0
    ],
    "retrieved_0_actions": [
        [
            0.36651611328125,
            -0.2477053366601467,
            0.24021049961447716,
            -0.387398861348629,
            0.18808281049132347,
            0.21788446232676506,
            0.3306707367300987,
            0.0
        ],
        [
            0.3787781670689583,
            -0.17795249819755554,
            0.2527040056884289,
            -0.2977689914405346,
            0.18497083336114883,
            0.21377971395850182,
            0.32436344772577286,
            0.0
        ],
        [
            0.3643670305609703,
            -0.12967516668140888,
            0.24582698941230774,
            -0.21031195297837257,
            0.17802827060222626,
            0.20178819075226784,
            0.3034554608166218,
            0.0
        ],
        [
            0.30425354838371277,
            -0.14319357462227345,
            0.20450273528695107,
            -0.12909320183098316,
            0.15768954530358315,
            0.1375134475529194,
            0.2452290803194046,
            0.0
        ],
        [
            0.2115674689412117,
            -0.2502613328397274,
            0.173406470566988,
            -0.1109972596168518,
            0.169676523655653,
            0.05070401821285486,
            0.15511265024542809,
            0.0
        ],
        [
            0.10396462865173817,
            -0.4082872346043587,
            0.13980473391711712,
            -0.14874170534312725,
            0.21142318844795227,
            -0.015495374100282788,
            0.05203408654779196,
            0.0
        ],
        [
            0.02801199210807681,
            -0.5185852572321892,
            0.0931527279317379,
            -0.18712781369686127,
            0.2087419107556343,
            -0.03999820910394192,
            -0.012371252523735166,
            0.0
        ],
        [
            -0.031250836327672005,
            -0.6104902923107147,
            0.03189156297594309,
            -0.20653536543250084,
            0.19005082547664642,
            -0.14402221888303757,
            -0.05166254471987486,
            0.0
        ],
        [
            0.0,
            0.0,
            0.0,
            0.0,
            0.0,
            0.0,
            0.0,
            0.0
        ],
        [
            0.0,
            0.0,
            0.0,
            0.0,
            0.0,
            0.0,
            0.0,
            0.0
        ],
        [
            0.0,
            0.0,
            0.0,
            0.0,
            0.0,
            0.0,
            0.0,
            0.0
        ],
        [
            0.0,
            0.0,
            0.0,
            0.0,
            0.0,
            0.0,
            0.0,
            0.0
        ],
        [
            0.0,
            0.0,
            0.0,
            0.0,
            0.0,
            0.0,
            0.0,
            0.0
        ],
        [
            0.0,
            0.0,
            0.0,
            0.0,
            0.0,
            0.0,
            0.0,
            0.0
        ],
        [
            0.0,
            0.0,
            0.0,
            0.0,
            0.0,
            0.0,
            0.0,
            0.0
        ]
    ],
    "retrieved_0_prompt": "move the idli plate to the sink",
    "retrieved_1_state": [
        0.0024503592867404222,
        0.45128464698791504,
        0.0356866829097271,
        -2.0683345794677734,
        0.01719234697520733,
        2.374087333679199,
        0.006898072082549334,
        0.0
    ],
    "retrieved_1_actions": [
        [
            0.27676574885845184,
            -0.16264662146568298,
            0.2802915871143341,
            -0.30096935108304024,
            0.20074088126420975,
            0.13394542038440704,
            0.11019017547369003,
            0.0
        ],
        [
            0.2713601663708687,
            -0.15339555218815804,
            0.27601825073361397,
            -0.2617746405303478,
            0.20973552018404007,
            0.1188727468252182,
            0.09264756925404072,
            0.0
        ],
        [
            0.24603212252259254,
            -0.18657345324754715,
            0.2703046053647995,
            -0.24926036596298218,
            0.22276178002357483,
            0.09217147715389729,
            0.05811248440295458,
            0.0
        ],
        [
            0.20500574260950089,
            -0.19317308440804482,
            0.23977890610694885,
            -0.2132423035800457,
            0.22883787751197815,
            0.05352606065571308,
            0.03888982580974698,
            0.0
        ],
        [
            0.03930370323359966,
            -0.000851135264383629,
            -0.03811171744018793,
            0.010360793676227331,
            0.021593947894871235,
            -0.013373534893617034,
            -0.013638455420732498,
            0.0
        ],
        [
            0.0,
            0.0,
            0.0,
            0.0,
            0.0,
            0.0,
            0.0,
            0.0
        ],
        [
            0.0,
            0.0,
            0.0,
            0.0,
            0.0,
            0.0,
            0.0,
            0.0
        ],
        [
            0.0,
            0.0,
            0.0,
            0.0,
            0.0,
            0.0,
            0.0,
            0.0
        ],
        [
            0.0,
            0.0,
            0.0,
            0.0,
            0.0,
            0.0,
            0.0,
            0.0
        ],
        [
            0.0,
            0.0,
            0.0,
            0.0,
            0.0,
            0.0,
            0.0,
            0.0
        ],
        [
            0.0,
            0.0,
            0.0,
            0.0,
            0.0,
            0.0,
            0.0,
            0.0
        ],
        [
            0.0,
            0.0,
            0.0,
            0.0,
            0.0,
            0.0,
            0.0,
            0.0
        ],
        [
            0.0,
            0.0,
            0.0,
            0.0,
            0.0,
            0.0,
            0.0,
            0.0
        ],
        [
            0.0,
            0.0,
            0.0,
            0.0,
            0.0,
            0.0,
            0.0,
            0.0
        ],
        [
            0.0,
            0.0,
            0.0,
            0.0,
            0.0,
            0.0,
            0.0,
            0.0
        ]
    ],
    "retrieved_1_prompt": "move the idli plate to the sink",
    "retrieved_2_state": [
        0.022149434313178062,
        0.39423054456710815,
        0.04225059598684311,
        -2.1091995239257812,
        0.010240808129310608,
        2.4198122024536133,
        0.008111539296805859,
        0.0
    ],