{
    "query_state": [
        0.04530096426606178,
        0.1163480207324028,
        0.1413617879152298,
        -2.206932306289673,
        -0.009874457493424416,
        2.3895440101623535,
        -0.27105292677879333,
        0.9691629949913692
    ],
    "query_prompt": "open the door of the bottom shelf",
    "inference_time": true,
    "retrieved_0_state": [
        0.06896771490573883,
        0.18031105399131775,
        0.20014521479606628,
        -2.3363444805145264,
        0.014638546854257584,
        2.7597568035125732,
        -0.3591848909854889,
        0.8942731288151903
    ],
    "retrieved_0_actions": [
        [
            0.019308817572891712,
            -0.10358037427067757,
            0.07573164068162441,
            0.14437295496463776,
            0.18282011151313782,
            -0.1680149883031845,
            -0.09134260006248951,
            0.5693832571606434
        ],
        [
            0.037372352089732885,
            -0.02662209328263998,
            0.03613297129049897,
            0.19584160298109055,
            0.11737911030650139,
            -0.13534234836697578,
            -0.07335208356380463,
            0.446035248082856
        ],
        [
            0.04264329094439745,
            0.010670903138816357,
            0.0039146916242316365,
            0.23633476346731186,
            0.050015063025057316,
            -0.14205077663064003,
            -0.053853695280849934,
            0.3270925152607611
        ],
        [
            0.04416642710566521,
            0.10043147020041943,
            -0.012604687362909317,
            0.2616933174431324,
            0.007499248604290187,
            -0.09701025672256947,
            -0.04822928924113512,
            0.2081497824386661
        ],
        [
            0.04340417683124542,
            0.19664915278553963,
            -0.020346923265606165,
            0.2938007563352585,
            -0.016608108999207616,
            -0.07290611043572426,
            -0.04450360778719187,
            0.07158590076685756
        ],
        [
            0.03565246472135186,
            0.26690131053328514,
            -0.016077511245384812,
            0.31579744070768356,
            -0.01954972045496106,
            -0.05707606207579374,
            -0.051937433890998363,
            0.0
        ],
        [
            0.02154948888346553,
            0.2949190139770508,
            -0.005151022342033684,
            0.3139660134911537,
            -0.022339033894240856,
            -0.04091220907866955,
            -0.0739787146449089,
            0.0
        ],
        [
            -0.04193336237221956,
            0.27708226814866066,
            0.06712358444929123,
            0.2978448197245598,
            0.09151054546236992,
            -0.06199465598911047,
            -0.22287894040346146,
            0.25
        ],
        [
            -0.07469913922250271,
            0.22900797426700592,
            0.08847719058394432,
            0.2463182620704174,
            0.09833253920078278,
            -0.035618271213024855,
            -0.2384975366294384,
            0.25440530912590054
        ],
        [
            -0.09469535201787949,
            0.1798715442419052,
            0.09675676003098488,
            0.19593363627791405,
            0.08822786621749401,
            -0.01480701263062656,
            -0.2225099690258503,
            0.368942732822095
        ],
        [
            -0.10579505935311317,
            0.13403740711510181,
            0.09705871343612671,
            0.147392638027668,
            0.07430268917232752,
            0.0070382049307227135,
            -0.19704880192875862,
            0.501101305368003
        ],
        [
            -0.11933388188481331,
            0.0945034809410572,
            0.10413886979222298,
            0.1119163166731596,
            0.09235342964529991,
            0.009023677557706833,
            -0.19312599673867226,
            0.6244493473159984
        ],
        [
            -0.136291878297925,
            0.06291783414781094,
            0.09478048421442509,
            0.09032908827066422,
            0.11933591216802597,
            -0.0019972895097453147,
            -0.20097989588975906,
            0.7433920801380934
        ],
        [
            -0.13730762526392937,
            0.041878619231283665,
            0.06871140096336603,
            0.07607530802488327,
            0.11541193351149559,
            -0.008028965094126761,
            -0.18909167498350143,
            0.8579295038342878
        ],
        [
            -0.13482322916388512,
            0.008904766291379929,
            0.04091633949428797,
            0.04957796074450016,
            0.10804962366819382,
            -0.022056906018406153,
            -0.16793740913271904,
            0.9724669713574265
        ]
    ],
    "retrieved_0_prompt": "open the door of the bottom shelf",
    "retrieved_1_state": [
        0.0695294737815857,
        0.11602871119976044,
        0.1720842868089676,
        -2.3288533687591553,
        0.10586722940206528,
        2.788656234741211,
        -0.4473154842853546,
        0.8193832571606434
    ],