{
    "query_state": [
        0.07828915119171143,
        -0.11232779175043106,
        0.09023206681013107,
        -2.402151584625244,
        -0.1355179101228714,
        2.231797933578491,
        0.052246514707803726,
        0.0
    ],
    "query_prompt": "",
    "inference_time": true,
    "retrieved_0_state": [
        0.143172487616539,
        -0.13649117946624756,
        0.12367834895849228,
        -2.47971248626709,
        -0.0543229915201664,
        2.272341012954712,
        -0.16154249012470245,
        0.0
    ],
    "retrieved_0_actions": [
        [
            -0.015501589514315128,
            0.6088938191533089,
            -0.0010071785800391808,
            0.0762647157534957,
            -0.1298079825937748,
            0.6035850569605827,
            -0.15103928744792938,
            0.0
        ],
        [
            -0.01937965746037662,
            0.6490720808506012,
            0.01402354333549738,
            0.17110902816057205,
            -0.18052730709314346,
            0.5631811544299126,
            -0.09236103855073452,
            0.0
        ],
        [
            -0.020525974687188864,
            0.6558709591627121,
            0.01535293529741466,
            0.23837685585021973,
            -0.1960342563688755,
            0.48689987510442734,
            -0.07691336330026388,
            0.0
        ],
        [
            -0.020005153492093086,
            0.6350138038396835,
            0.0029454188188537955,
            0.3167681023478508,
            -0.21572666242718697,
            0.36391619592905045,
            -0.05040728487074375,
            0.0
        ],
        [
            -0.010130171431228518,
            0.6208536773920059,
            -0.004738857096526772,
            0.36639444530010223,
            -0.20450830459594727,
            0.29155731201171875,
            -0.04202194977551699,
            0.0
        ],
        [
            0.0012521645112428814,
            0.5744275823235512,
            -0.014538313262164593,
            0.39191659539937973,
            -0.18943039700388908,
            0.21635843440890312,
            -0.03700055880472064,
            0.0
        ],
        [
            0.01957884756848216,
            0.5107027292251587,
            -0.03566087456420064,
            0.3918805718421936,
            -0.19256582483649254,
            0.17475800588726997,
            -0.013881140621379018,
            0.0
        ],
        [
            0.03147761104628444,
            0.4525378718972206,
            -0.060765109956264496,
            0.36861494183540344,
            -0.19010525196790695,
            0.1524548139423132,
            -0.001509667927166447,
            0.0
        ],
        [
            0.005484839784912765,
            0.3879629075527191,
            -0.06001760717481375,
            0.31925514340400696,
            -0.12946861796081066,
            0.12628182768821716,
            -0.020772614516317844,
            0.0
        ],
        [
            -0.014947045128792524,
            0.31614702194929123,
            -0.05664371419698,
            0.25386519730091095,
            -0.105185117572546,
            0.11682039126753807,
            -0.03806268097832799,
            0.0
        ]
    ],
    "retrieved_0_prompt": "move the squeegee to the right and try to drag it",
    "final_image_shape": [
        672,
        448,
        3
    ]
}