{
    "query_state": [
        -0.0007918424671515822,
        -0.4312302768230438,
        0.023786330595612526,
        -2.5121347904205322,
        -0.008677443489432335,
        2.143770456314087,
        0.10371025651693344,
        0.0
    ],
    "query_prompt": "pick up the pan and swing it like a badminton serve",
    "inference_time": true,
    "retrieved_0_state": [
        -0.017822299152612686,
        -0.42401930689811707,
        0.00805587600916624,
        -2.5087852478027344,
        -0.03285500034689903,
        2.1403825283050537,
        0.13923349976539612,
        0.7665198215682385
    ],
    "retrieved_0_actions": [
        [
            0.10614394210278988,
            -0.7788801193237305,
            0.009106497163884342,
            0.07326448801904917,
            0.17374848946928978,
            -0.14587651006877422,
            -0.19276682287454605,
            0.9416299553920596
        ],
        [
            0.1146175991743803,
            -0.7446729391813278,
            -0.01012478256598115,
            0.10751232504844666,
            0.20183036103844643,
            -0.17362836748361588,
            -0.20230624824762344,
            0.9416299553920596
        ],
        [
            0.09147218428552151,
            -0.5637627094984055,
            -0.009985408978536725,
            0.1505331415683031,
            0.17548779025673866,
            -0.21282434463500977,
            -0.17699047923088074,
            0.9416299553920596
        ],
        [
            0.06525725591927767,
            -0.34756824374198914,
            -0.01546209561638534,
            0.1247656811028719,
            0.15274384059011936,
            -0.16544805839657784,
            -0.1695353165268898,
            0.9416299553920596
        ],
        [
            0.06588633172214031,
            -0.20807739347219467,
            -0.034298894461244345,
            0.09754972532391548,
            0.16008321195840836,
            -0.12733250856399536,
            -0.19084466621279716,
            0.9416299553920596
        ],
        [
            0.07239761296659708,
            -0.10987436398863792,
            -0.04662557039409876,
            0.08570889942348003,
            0.1605570688843727,
            -0.12023318558931351,
            -0.20637262612581253,
            0.9416299553920596
        ],
        [
            0.06241007708013058,
            -0.0524413026869297,
            -0.04371604882180691,
            0.06988531444221735,
            0.15152172185480595,
            -0.09779139421880245,
            -0.18551580607891083,
            0.9416299553920596
        ],
        [
            0.060302745550870895,
            -0.028009717352688313,
            -0.04823090974241495,
            0.06481403950601816,
            0.15454847365617752,
            -0.08703979663550854,
            -0.17682282254099846,
            0.9416299553920596
        ],
        [
            0.04701092839241028,
            -0.010049710981547832,
            -0.03903096076101065,
            0.06638334598392248,
            0.13955055736005306,
            -0.08601975627243519,
            -0.15993688255548477,
            0.9416299553920596
        ],
        [
            0.054171979427337646,
            -0.00430393498390913,
            -0.04794041160494089,
            0.06394790951162577,
            0.14951704069972038,
            -0.07753512356430292,
            -0.1667851023375988,
            0.9416299553920596
        ],
        [
            0.0,
            0.0,
            0.0,
            0.0,
            0.0,
            0.0,
            0.0,
            0.9416299553920596
        ],
        [
            0.0,
            0.0,
            0.0,
            0.0,
            0.0,
            0.0,
            0.0,
            0.9416299553920596
        ],
        [
            0.0,
            0.0,
            0.0,
            0.0,
            0.0,
            0.0,
            0.0,
            0.9416299553920596
        ],
        [
            0.0,
            0.0,
            0.0,
            0.0,
            0.0,
            0.0,
            0.0,
            0.9416299553920596
        ],
        [
            0.0,
            0.0,
            0.0,
            0.0,
            0.0,
            0.0,
            0.0,
            0.9416299553920596
        ]
    ],
    "retrieved_0_prompt": "pick up the pan and swing it like a badminton serve",
    "retrieved_1_state": [
        -0.044960204511880875,
        -0.4341691732406616,
        -0.00025358362472616136,
        -2.4704089164733887,
        -0.1194017305970192,
        2.0645182132720947,
        0.028591781854629517,
        0.7621145343558101
    ],