{
    "query_state": [
        0.0013259828556329012,
        -0.48248615860939026,
        0.006886769086122513,
        -2.5868804454803467,
        -0.006445033475756645,
        2.0757689476013184,
        0.12817543745040894,
        0.0
    ],
    "query_prompt": "pick up the pan and swing it like a badminton serve",
    "inference_time": true,
    "retrieved_0_state": [
        -0.018765747547149658,
        -0.4765276312828064,
        0.003487205831333995,
        -2.581042528152466,
        -0.027554884552955627,
        2.0786516666412354,
        0.12580743432044983,
        0.0
    ],
    "retrieved_0_actions": [
        [
            -0.08147872053086758,
            0.19935131072998047,
            0.033349054865539074,
            0.020018815994262695,
            -0.045458171516656876,
            0.16191242262721062,
            0.0784568302333355,
            0.0
        ],
        [
            -0.07319299969822168,
            0.19844815135002136,
            0.03923790995031595,
            0.04705166909843683,
            -0.04509806167334318,
            0.14751541428267956,
            0.08593159727752209,
            0.0
        ],
        [
            -0.06318234838545322,
            0.17916398122906685,
            0.045803445391356945,
            0.062150643207132816,
            -0.04135371185839176,
            0.12568622827529907,
            0.09248235262930393,
            0.0
        ],
        [
            -0.05217543803155422,
            0.14725727960467339,
            0.05210104864090681,
            0.07288126274943352,
            -0.03803398692980409,
            0.09932002052664757,
            0.08910094387829304,
            0.0
        ],
        [
            -0.044507929123938084,
            0.11717739515006542,
            0.0554226990789175,
            0.09078636765480042,
            -0.03916397225111723,
            0.0769212655723095,
            0.0819012988358736,
            0.0
        ],
        [
            -0.045788162387907505,
            0.1024081651121378,
            0.049864593893289566,
            0.11361989192664623,
            -0.039519318379461765,
            0.05145919043570757,
            0.0746940216049552,
            0.0126375
        ],
        [
            -0.04755992442369461,
            0.08502237498760223,
            0.044680070132017136,
            0.12070288881659508,
            -0.04890854936093092,
            0.031572114676237106,
            0.05754703190177679,
            0.2588106182518011
        ],
        [
            -0.0484613748267293,
            0.06258306559175253,
            0.03993409685790539,
            0.11823941953480244,
            -0.051218592561781406,
            0.026073509361594915,
            0.047281510196626186,
            0.3028634465491409
        ],
        [
            -0.05024351179599762,
            0.042910901829600334,
            0.03983739297837019,
            0.10838479734957218,
            -0.05968871992081404,
            0.024582811165601015,
            0.043163131922483444,
            0.435022019095049
        ],
        [
            -0.053084143437445164,
            0.02600070321932435,
            0.041672359220683575,
            0.10083087719976902,
            -0.07229258771985769,
            0.02106697764247656,
            0.041210842318832874,
            0.5848017843176149
        ],
        [
            -0.05569476168602705,
            0.010916882893070579,
            0.04247665870934725,
            0.09420998394489288,
            -0.08545559830963612,
            0.01642394345253706,
            0.03385308664292097,
            0.7037445171397099
        ],
        [
            -0.05529307294636965,
            -0.004768988292198628,
            0.04267412703484297,
            0.08958745747804642,
            -0.08793621324002743,
            0.008774006855674088,
            0.028638341464102268,
            0.8226872499618048
        ],
        [
            -0.04975705407559872,
            -0.029149455949664116,
            0.04417107440531254,
            0.08598495274782181,
            -0.08494083769619465,
            -0.0028152449522167444,
            0.019001206383109093,
            0.9592511097201413
        ],
        [
            -0.04122490528970957,
            -0.06169775500893593,
            0.046856882981956005,
            0.07851190865039825,
            -0.08013205602765083,
            -0.015481763985008001,
            0.00666534760966897,
            0.9482378862107022
        ],
        [
            -0.02714532194659114,
            -0.11603845283389091,
            0.04599831532686949,
            0.07565842475742102,
            -0.05897514522075653,
            -0.04865952301770449,
            -0.013743799645453691,
            0.9416299553920596
        ]
    ],
    "retrieved_0_prompt": "pick up the pan and swing it like a badminton serve",
    "retrieved_1_state": [
        -0.02011835016310215,
        -0.4922260046005249,
        -0.010071998462080956,
        -2.5570666790008545,
        -0.015680626034736633,
        2.010784387588501,
        0.03045610710978508,
        0.0
    ],