{
    "query_state": [
        -0.11578869074583054,
        0.24241812527179718,
        -0.1423938125371933,
        -2.2441506385803223,
        -0.05078989639878273,
        2.4248034954071045,
        -0.1721770167350769,
        0.0
    ],
    "query_prompt": "pick up the bagel and put it in the toaster",
    "inference_time": true,
    "retrieved_0_state": [
        -0.10808821022510529,
        0.4514272212982178,
        -0.14707334339618683,
        -2.1833300590515137,
        -0.021751699969172478,
        2.609238624572754,
        0.33739155530929565,
        0.1409691907977091
    ],
    "retrieved_0_actions": [
        [
            0.1536707766354084,
            -0.009172878344543278,
            -0.13408424332737923,
            0.06906213704496622,
            0.04398406948894262,
            0.02592184580862522,
            0.08931160904467106,
            0.4702643167944762
        ],
        [
            0.150630921125412,
            -0.04911391995847225,
            -0.12991169467568398,
            0.04745740443468094,
            0.03758994862437248,
            -0.0008231365791289136,
            0.09253032505512238,
            0.6068281984662849
        ],
        [
            0.15210483223199844,
            -0.11568303219974041,
            -0.1352975144982338,
            0.007541038794443011,
            0.01727291033603251,
            -0.021880061831325293,
            0.09593338705599308,
            0.7257709312883798
        ],
        [
            0.13277830556035042,
            -0.17311390489339828,
            -0.12299066409468651,
            -0.026530318427830935,
            0.02936692675575614,
            -0.056612114422023296,
            0.08226378820836544,
            0.8623348129601884
        ],
        [
            0.14085442759096622,
            -0.2990204095840454,
            -0.1215476356446743,
            -0.08712664246559143,
            0.004826158983632922,
            -0.1915755681693554,
            0.0779979582875967,
            0.9900880982936682
        ],
        [
            0.14655070379376411,
            -0.49392301589250565,
            -0.1073895301669836,
            -0.20243298262357712,
            -0.017106453888118267,
            -0.26946237310767174,
            0.05704646464437246,
            0.9878854601658219
        ],
        [
            0.18674297258257866,
            -0.6724627315998077,
            -0.13021365739405155,
            -0.27924053370952606,
            -0.11471118777990341,
            -0.37691112607717514,
            0.10524715296924114,
            0.9581497796994821
        ],
        [
            0.1463236752897501,
            -0.9400695562362671,
            -0.12281944043934345,
            -0.5306049436330795,
            -0.17774583771824837,
            -0.40255505591630936,
            0.062489607371389866,
            0.9812775375647314
        ],
        [
            0.10262670926749706,
            -0.9455171227455139,
            -0.056431074626743793,
            -0.44581063091754913,
            -0.20884934812784195,
            -0.49154382199048996,
            0.06147492676973343,
            0.9691629977305533
        ],
        [
            0.059489430859684944,
            -0.9163979440927505,
            0.030120627488940954,
            -0.3272176906466484,
            -0.1906147040426731,
            -0.5717522650957108,
            0.041897278279066086,
            0.9702643195336602
        ],
        [
            0.03922136966139078,
            -0.7996570318937302,
            0.13827698305249214,
            -0.163040142506361,
            -0.09770211763679981,
            -0.6066513806581497,
            0.017140337731689215,
            0.966960354124339
        ],
        [
            0.05817115306854248,
            -0.6225486472249031,
            0.2247130125761032,
            -0.003411451179999858,
            0.0003647003904916346,
            -0.5833902209997177,
            -0.0009275858610635623,
            0.9713656303800313
        ],
        [
            0.09014955721795559,
            -0.4378828778862953,
            0.2639116905629635,
            0.12996059842407703,
            0.10415750555694103,
            -0.5286258459091187,
            -0.043711778707802296,
            0.9680616731882621
        ],
        [
            0.11361868120729923,
            -0.2488311380147934,
            0.26693327352404594,
            0.28053440153598785,
            0.15952587127685547,
            -0.49342695623636246,
            -0.03854392562061548,
            0.9724669604006905
        ],
        [
            0.11904199607670307,
            -0.07710103876888752,
            0.2397887408733368,
            0.37331704050302505,
            0.1877610944211483,
            -0.42107321321964264,
            -0.049894414842128754,
            0.9691629949913692
        ]
    ],
    "retrieved_0_prompt": "pick up the bagel and put it in the toaster",
    "retrieved_1_state": [
        -0.11162576824426651,
        0.4504629969596863,
        -0.14456945657730103,
        -2.1851634979248047,
        -0.021752698346972466,
        2.6088287830352783,
        0.33734068274497986,
        0.07929512599676714
    ],