{
    "query_state": [
        -0.04908694326877594,
        -0.4704304039478302,
        -0.09422516077756882,
        -2.454070568084717,
        -0.09002038836479187,
        1.967167854309082,
        -0.058425422757864,
        0.0
    ],
    "query_prompt": "pick up the bagel and put it in the toaster",
    "inference_time": true,
    "retrieved_0_state": [
        -0.0607236884534359,
        -0.4730550944805145,
        -0.0801784098148346,
        -2.4635629653930664,
        -0.09702431410551071,
        1.9995038509368896,
        -0.06201295182108879,
        0.0
    ],
    "retrieved_0_actions": [
        [
            -0.07664172444492579,
            0.8109624683856964,
            -0.191701240837574,
            0.31749848276376724,
            -0.02938579535111785,
            0.45953772962093353,
            -0.2984575740993023,
            0.0
        ],
        [
            -0.05886740516871214,
            0.8872963488101959,
            -0.1788020320236683,
            0.3421233966946602,
            0.049256193451583385,
            0.5204935744404793,
            -0.31213702633976936,
            0.0
        ],
        [
            -0.05978816654533148,
            0.8797242492437363,
            -0.14430303126573563,
            0.3703157603740692,
            0.09790735319256783,
            0.5051417648792267,
            -0.31301699578762054,
            0.0
        ],
        [
            -0.07919209077954292,
            0.8665864169597626,
            -0.11118552647531033,
            0.41493285447359085,
            0.14953436329960823,
            0.4530841112136841,
            -0.3144323453307152,
            0.0
        ],
        [
            -0.10386219248175621,
            0.7914646714925766,
            -0.06738978438079357,
            0.4393419250845909,
            0.1800721138715744,
            0.3496849164366722,
            -0.29748039320111275,
            0.0
        ],
        [
            -0.13198289088904858,
            0.7157998532056808,
            -0.033873210195451975,
            0.43231483548879623,
            0.20318930968642235,
            0.27292773127555847,
            -0.29284097254276276,
            0.0
        ],
        [
            -0.15121150761842728,
            0.6603522598743439,
            0.010511623695492744,
            0.4384376108646393,
            0.21781843155622482,
            0.1971433125436306,
            -0.28203999623656273,
            0.0
        ],
        [
            -0.15819218009710312,
            0.6010017171502113,
            0.06659737788140774,
            0.4445038363337517,
            0.24819185957312584,
            0.14188291504979134,
            -0.269977655261755,
            0.0
        ],
        [
            -0.1603732630610466,
            0.5143599957227707,
            0.11394450441002846,
            0.4264584928750992,
            0.22725019603967667,
            0.09997154586017132,
            -0.22367088124155998,
            0.0
        ],
        [
            -0.15993108972907066,
            0.4463769868016243,
            0.1418143231421709,
            0.41107177734375,
            0.17923861742019653,
            0.07509700022637844,
            -0.1624189130961895,
            0.0
        ],
        [
            -0.16470761969685555,
            0.41197288781404495,
            0.16132166609168053,
            0.40443699806928635,
            0.16038112342357635,
            0.05879680626094341,
            -0.15106634236872196,
            0.0
        ],
        [
            -0.1542314887046814,
            0.37781931459903717,
            0.18504753708839417,
            0.3959178179502487,
            0.16657914966344833,
            0.059425714425742626,
            -0.10908881202340126,
            0.0
        ],
        [
            -0.15283187851309776,
            0.30121440067887306,
            0.21388815715909004,
            0.3594096004962921,
            0.19165515899658203,
            0.02569011878222227,
            -0.12130875140428543,
            0.0
        ],
        [
            -0.1302102953195572,
            0.22918039932847023,
            0.21849581971764565,
            0.3100779466331005,
            0.1779862493276596,
            0.014372705481946468,
            -0.09626416489481926,
            0.0
        ],
        [
            -0.09530643001198769,
            0.20164914429187775,
            0.1783420331776142,
            0.26776568964123726,
            0.11663973331451416,
            0.046933675184845924,
            -0.030561327002942562,
            0.0
        ]
    ],
    "retrieved_0_prompt": "pick up the bagel and put it in the toaster",
    "retrieved_1_state": [
        -0.1461632251739502,
        -0.06272903829813004,
        -0.13505195081233978,
        -2.59332275390625,
        -0.11442854255437851,
        2.545686960220337,
        -0.034078199416399,
        0.0
    ],