{
    "query_state": [
        -0.12202605605125427,
        0.367534339427948,
        -0.11071522533893585,
        -2.160562515258789,
        -0.05071467161178589,
        2.4513559341430664,
        -0.1711026430130005,
        0.0
    ],
    "query_prompt": "pick up the bagel and put it in the toaster",
    "inference_time": true,
    "retrieved_0_state": [
        0.10398891568183899,
        0.07742462307214737,
        0.05716317147016525,
        -2.085659980773926,
        -0.08710144460201263,
        2.1727330684661865,
        0.4343573749065399,
        0.8722466927530482
    ],
    "retrieved_0_actions": [
        [
            0.05038012284785509,
            -0.015943755861371756,
            0.05451028700917959,
            0.025780752766877413,
            -0.08322049863636494,
            0.023092895280569792,
            0.06391359027475119,
            0.9680616731882621
        ],
        [
            0.04155843984335661,
            -0.004218650283291936,
            0.03961046691983938,
            0.030207138042896986,
            -0.08455588482320309,
            0.027692660223692656,
            0.06072664633393288,
            0.9680616731882621
        ],
        [
            0.028387641068547964,
            0.014672726392745972,
            0.026861554943025112,
            0.04952459596097469,
            -0.08375327102839947,
            0.024164582137018442,
            0.056488760747015476,
            0.9680616731882621
        ],
        [
            0.01907931873574853,
            0.030151756945997477,
            0.018358444795012474,
            0.059695588424801826,
            -0.07668036967515945,
            0.022319969721138477,
            0.048657022416591644,
            0.9680616731882621
        ],
        [
            0.014677061699330807,
            0.050693172961473465,
            0.012916068080812693,
            0.06759424693882465,
            -0.07466746494174004,
            0.02442581346258521,
            0.03960901405662298,
            0.9680616731882621
        ],
        [
            0.015865062596276402,
            0.0758164981380105,
            0.013186965370550752,
            0.08583717979490757,
            -0.07806885987520218,
            0.02357898047193885,
            0.03672142280265689,
            0.9680616731882621
        ],
        [
            0.019727740436792374,
            0.10506393387913704,
            0.016068085096776485,
            0.11315540410578251,
            -0.07849550805985928,
            0.02248693024739623,
            0.035715121775865555,
            0.9680616731882621
        ],
        [
            0.027316040359437466,
            0.13108187355101109,
            0.020516091026365757,
            0.14755706302821636,
            -0.07648508530110121,
            0.019384920597076416,
            0.03958369139581919,
            0.9680616731882621
        ],
        [
            0.03679364454001188,
            0.14724692329764366,
            0.0205923430621624,
            0.16897320747375488,
            -0.08042164146900177,
            0.012946840142831206,
            0.04274702165275812,
            0.9680616731882621
        ],
        [
            0.0553666427731514,
            0.1571023277938366,
            0.025308544281870127,
            0.2324317954480648,
            -0.08354812860488892,
            -0.04478530026972294,
            0.058719548396766186,
            0.9680616731882621
        ],
        [
            0.0611733878031373,
            0.15433229506015778,
            0.017624363536015153,
            0.24326834827661514,
            -0.07894148118793964,
            -0.05959243979305029,
            0.06236270070075989,
            0.9680616731882621
        ],
        [
            0.0599381048232317,
            0.1438612025231123,
            0.007902447250671685,
            0.2338663674890995,
            -0.07295789662748575,
            -0.07422993425279856,
            0.05975136533379555,
            0.9680616731882621
        ],
        [
            0.05719637963920832,
            0.12385456822812557,
            -0.001141081884270534,
            0.2189922332763672,
            -0.06870385259389877,
            -0.09193372912704945,
            0.06053230259567499,
            0.9680616731882621
        ],
        [
            0.054547665640711784,
            0.10534139350056648,
            -0.008448213920928538,
            0.204519871622324,
            -0.06700027268379927,
            -0.10198742151260376,
            0.06340847350656986,
            0.9680616731882621
        ],
        [
            0.05475143902003765,
            0.08919492363929749,
            -0.014175730757415295,
            0.19061096012592316,
            -0.06378712598234415,
            -0.11173405684530735,
            0.0679509062319994,
            0.9680616731882621
        ]
    ],
    "retrieved_0_prompt": "pick up the bagel and put it in the toaster",
    "retrieved_1_state": [
        -0.16895446181297302,
        0.4138314723968506,
        -0.10655631124973297,
        -2.0547773838043213,
        0.012321640737354755,
        2.475816011428833,
        -0.26874643564224243,
        0.0
    ],