{
    "query_state": [
        -0.011008483357727528,
        -0.6416575908660889,
        0.005730424076318741,
        -2.5403077602386475,
        0.00798893254250288,
        1.8797496557235718,
        0.0041059753857553005,
        0.0
    ],
    "query_prompt": "open the door of the bottom shelf",
    "inference_time": true,
    "retrieved_0_state": [
        -0.015749910846352577,
        -0.6264588236808777,
        0.009037734940648079,
        -2.5430526733398438,
        -0.016408715397119522,
        1.9132003784179688,
        -0.017525242641568184,
        0.0
    ],
    "retrieved_0_actions": [
        [
            0.027470081113278866,
            0.002018064697040245,
            -0.02232098253443837,
            0.009543042397126555,
            -0.01326198922470212,
            -0.011893389746546745,
            0.014235585695132613,
            0.0
        ],
        [
            0.0582337100058794,
            0.1318588200956583,
            0.00856545811984688,
            0.07379801478236914,
            -0.008839965448714793,
            0.057565560564398766,
            0.009603170910850167,
            0.0
        ],
        [
            0.07912386208772659,
            0.2125115692615509,
            0.018488235073164105,
            0.10124367661774158,
            -0.002850476885214448,
            0.11765250004827976,
            -0.003602544602472335,
            0.0
        ],
        [
            0.11247296817600727,
            0.32908815890550613,
            0.026391372084617615,
            0.1345690991729498,
            -0.006919749430380762,
            0.18332863226532936,
            -0.05296689458191395,
            0.0
        ],
        [
            0.1307951007038355,
            0.37363652139902115,
            0.024555949494242668,
            0.15212306752800941,
            -0.0035358525929041207,
            0.20567459985613823,
            -0.0935601070523262,
            0.0
        ],
        [
            0.15682252123951912,
            0.4441024363040924,
            0.03740519750863314,
            0.17075780779123306,
            0.01563107594847679,
            0.2488737553358078,
            -0.130951926112175,
            0.0
        ],
        [
            0.16203131526708603,
            0.46561893075704575,
            0.04859025124460459,
            0.1743798702955246,
            0.027373498305678368,
            0.2838885225355625,
            -0.14723943546414375,
            0.0
        ],
        [
            0.18158230930566788,
            0.5388860777020454,
            0.05540155805647373,
            0.18440654501318932,
            0.05034814588725567,
            0.3583620861172676,
            -0.19762104377150536,
            0.0
        ],
        [
            0.1735691912472248,
            0.593617707490921,
            0.055780885741114616,
            0.21267738193273544,
            0.057637812569737434,
            0.3796611353754997,
            -0.219770148396492,
            0.0
        ],
        [
            0.14156472869217396,
            0.6420508027076721,
            0.06861670408397913,
            0.24368099868297577,
            0.022571200970560312,
            0.4329570382833481,
            -0.2048295922577381,
            0.0
        ],
        [
            0.1157345250248909,
            0.665469616651535,
            0.05873361602425575,
            0.29498662799596786,
            0.009205277892760932,
            0.47907624393701553,
            -0.24267729371786118,
            0.0
        ],
        [
            0.09301500394940376,
            0.6740151345729828,
            0.054890052415430546,
            0.3200004994869232,
            -0.009276989731006324,
            0.5116391554474831,
            -0.25963639840483665,
            0.0
        ],
        [
            0.08488982915878296,
            0.6910480558872223,
            0.05914108827710152,
            0.3511572629213333,
            0.00835496699437499,
            0.521969310939312,
            -0.2698621526360512,
            0.0
        ],
        [
            0.07865844294428825,
            0.6636960804462433,
            0.05670622456818819,
            0.3828924894332886,
            0.08546973578631878,
            0.4578646272420883,
            -0.3207266703248024,
            0.0
        ],
        [
            0.05212591029703617,
            0.6329198181629181,
            0.0797352846711874,
            0.42085621505975723,
            0.06593364290893078,
            0.3801737353205681,
            -0.281349066644907,
            0.0
        ]
    ],
    "retrieved_0_prompt": "open the door of the bottom shelf",
    "retrieved_1_state": [
        -0.015746532008051872,
        -0.6260714530944824,
        0.009030631743371487,
        -2.5446949005126953,
        -0.01642950437963009,
        1.9132083654403687,
        -0.017527597025036812,
        0.0
    ],