{
    "query_state": [
        0.23586881160736084,
        0.46029818058013916,
        0.16027531027793884,
        -2.1153547763824463,
        -1.193040132522583,
        2.004849910736084,
        0.9875990152359009,
        0.0
    ],
    "query_prompt": "open the door of the bottom shelf",
    "inference_time": true,
    "retrieved_0_state": [
        0.1632087081670761,
        0.0023082636762410402,
        0.18240824341773987,
        -2.421076536178589,
        0.07904288172721863,
        2.4497272968292236,
        -0.0420922189950943,
        0.7621145343558101
    ],
    "retrieved_0_actions": [
        [
            -0.21088026463985443,
            -0.7413212954998016,
            -0.24116069078445435,
            -0.6167345121502876,
            -0.2271375060081482,
            -0.5895929783582687,
            0.0017521386325825006,
            0.47246697135742655
        ],
        [
            0.0,
            0.0,
            0.0,
            0.0,
            0.0,
            0.0,
            0.0,
            0.47246697135742655
        ],
        [
            0.0,
            0.0,
            0.0,
            0.0,
            0.0,
            0.0,
            0.0,
            0.47246697135742655
        ],
        [
            0.0,
            0.0,
            0.0,
            0.0,
            0.0,
            0.0,
            0.0,
            0.47246697135742655
        ],
        [
            0.0,
            0.0,
            0.0,
            0.0,
            0.0,
            0.0,
            0.0,
            0.47246697135742655
        ],
        [
            0.0,
            0.0,
            0.0,
            0.0,
            0.0,
            0.0,
            0.0,
            0.47246697135742655
        ],
        [
            0.0,
            0.0,
            0.0,
            0.0,
            0.0,
            0.0,
            0.0,
            0.47246697135742655
        ],
        [
            0.0,
            0.0,
            0.0,
            0.0,
            0.0,
            0.0,
            0.0,
            0.47246697135742655
        ],
        [
            0.0,
            0.0,
            0.0,
            0.0,
            0.0,
            0.0,
            0.0,
            0.47246697135742655
        ],
        [
            0.0,
            0.0,
            0.0,
            0.0,
            0.0,
            0.0,
            0.0,
            0.47246697135742655
        ],
        [
            0.0,
            0.0,
            0.0,
            0.0,
            0.0,
            0.0,
            0.0,
            0.47246697135742655
        ],
        [
            0.0,
            0.0,
            0.0,
            0.0,
            0.0,
            0.0,
            0.0,
            0.47246697135742655
        ],
        [
            0.0,
            0.0,
            0.0,
            0.0,
            0.0,
            0.0,
            0.0,
            0.47246697135742655
        ],
        [
            0.0,
            0.0,
            0.0,
            0.0,
            0.0,
            0.0,
            0.0,
            0.47246697135742655
        ],
        [
            0.0,
            0.0,
            0.0,
            0.0,
            0.0,
            0.0,
            0.0,
            0.47246697135742655
        ]
    ],
    "retrieved_0_prompt": "open the door of the bottom shelf",
    "retrieved_1_state": [
        0.08403825014829636,
        -0.3487997055053711,
        0.13829129934310913,
        -2.5169780254364014,
        0.025840356945991516,
        2.1819775104522705,
        0.0802917554974556,
        0.0
    ],
    "retrieved_1_actions": [
        [
            0.11921226046979427,
            0.6667285412549973,
            0.1283081341534853,
            0.22922642529010773,
            0.016916898312047124,
            0.47527022659778595,
            0.21457618102431297,
            0.0
        ],
        [
            0.12234626337885857,
            0.6785587966442108,
            0.10324672795832157,
            0.2729654498398304,
            0.027254403103142977,
            0.45640595257282257,
            0.18665755167603493,
            0.0
        ],
        [
            0.11991654522716999,
            0.6806490570306778,
            0.08187872357666492,
            0.3197341412305832,
            -0.006938211154192686,
            0.4449007660150528,
            0.12780251912772655,
            0.0
        ],
        [
            0.11590230278670788,
            0.6680774688720703,
            0.05806408356875181,
            0.3720330074429512,
            -0.02078818855807185,
            0.40342196822166443,
            0.07769452407956123,
            0.0
        ],
        [
            0.11147758923470974,
            0.613635890185833,
            0.03197526792064309,
            0.4163126274943352,
            -0.004146187275182456,
            0.31197836622595787,
            0.0014936034858692437,
            0.0
        ],
        [
            0.10734027251601219,
            0.527556799352169,
            0.020682599861174822,
            0.4508191719651222,
            -0.05169475916773081,
            0.23140955716371536,
            -0.0511421961709857,
            0.0
        ],
        [
            0.10143324732780457,
            0.4492560401558876,
            0.006898086867295206,
            0.4379647225141525,
            -0.13456621207296848,
            0.18505658954381943,
            -0.03628594567999244,
            0.0
        ],
        [
            0.08834932930767536,
            0.39596281945705414,
            -0.006718175718560815,
            0.4216783866286278,
            -0.18801886588335037,
            0.128453578799963,
            -0.04714951850473881,
            0.0
        ],
        [
            0.06758955307304859,
            0.3555010259151459,
            -0.014918462838977575,
            0.39996135979890823,
            -0.15072854235768318,
            0.08360922336578369,
            -0.09146180003881454,
            0.0
        ],
        [
            0.04640455823391676,
            0.31823065131902695,
            -0.016600295202806592,
            0.3679237887263298,
            -0.09097836911678314,
            0.05574256647378206,
            -0.1265860628336668,
            0.25
        ],
        [
            0.021328201983124018,
            0.2835731953382492,
            -0.015331609174609184,
            0.3379889950156212,
            -0.021129953674972057,
            0.030483207665383816,
            -0.1719251088798046,
            0.31167397714705347
        ],
        [
            0.0032324582571163774,
            0.26042044162750244,
            -0.016320458380505443,
            0.31998418271541595,
            0.03079596208408475,
            0.015074274269863963,
            -0.19965576007962227,
            0.4438326373468501
        ],
        [
            -0.020925586577504873,
            0.23173833265900612,
            -0.019692154601216316,
            0.29725387692451477,
            0.08582675829529762,
            -0.0013317010598257184,
            -0.23825524374842644,
            0.5715859007668576
        ],
        [
            -0.04264341667294502,
            0.2043737657368183,
            -0.02601080108433962,
            0.2781016007065773,
            0.11456760577857494,
            -0.02026018686592579,
            -0.2697855234146118,
            0.6773127938651394
        ],
        [
            -0.06533956155180931,
            0.1773887500166893,
            -0.03718682797625661,
            0.2506021037697792,
            0.12222387827932835,
            -0.04147463012486696,
            -0.2900603227317333,
            0.783039643136477
        ]
    ],
    "retrieved_1_prompt": "open the door of the bottom shelf",