{
    "query_state": [
        -0.13825911283493042,
        0.09532519429922104,
        -0.1245969906449318,
        -2.3088908195495605,
        -0.1295011192560196,
        2.291905403137207,
        0.0688653290271759,
        0.0
    ],
    "query_prompt": "pick up the bagel and put it in the toaster",
    "inference_time": true,
    "retrieved_0_state": [
        -0.13448108732700348,
        0.27204349637031555,
        -0.12774363160133362,
        -2.3449556827545166,
        -0.08984966576099396,
        2.5854077339172363,
        -0.0899069532752037,
        0.0
    ],
    "retrieved_0_actions": [
        [
            0.019963737577199936,
            0.1775885559618473,
            0.03646909026429057,
            0.11351565830409527,
            0.029128605965524912,
            0.1354914903640747,
            0.01967061311006546,
            0.0
        ],
        [
            0.019054259173572063,
            0.1394823007285595,
            0.028744202572852373,
            0.0849500298500061,
            0.028893714770674706,
            0.12262565083801746,
            0.0220269663259387,
            0.05311350000000001
        ],
        [
            0.01582773867994547,
            0.09678056463599205,
            0.025185542181134224,
            0.061378879472613335,
            0.03913175314664841,
            0.11179244145751,
            0.021240473724901676,
            0.29845813742324034
        ],
        [
            0.01604508957825601,
            0.05333073902875185,
            0.01604801043868065,
            0.04604683257639408,
            0.04298552870750427,
            0.09481108747422695,
            0.032792140264064074,
            0.3072687556750414
        ],
        [
            0.01602881820872426,
            0.00893510296009481,
            0.006033200770616531,
            0.03438246436417103,
            0.041945637203752995,
            0.05902061238884926,
            0.04081364255398512,
            0.40859033964742275
        ],
        [
            0.024570808745920658,
            -0.06221021991223097,
            -0.01244424027390778,
            0.002112148067681119,
            0.018499608850106597,
            0.027078420389443636,
            0.05945782642811537,
            0.5451541774922871
        ],
        [
            0.03181232372298837,
            -0.17823383212089539,
            -0.027365682180970907,
            -0.04338773898780346,
            0.0018259818898513913,
            -0.03696549218147993,
            0.07060080301016569,
            0.6905286335889526
        ],
        [
            0.03544483566656709,
            -0.27339672669768333,
            -0.030624400824308395,
            -0.08082949556410313,
            0.005087493336759508,
            -0.09868981316685677,
            0.07953436113893986,
            0.8094713664110476
        ],
        [
            0.058925882913172245,
            -0.40564022958278656,
            -0.05812634713947773,
            -0.13981495052576065,
            -0.030396466609090567,
            -0.19823016598820686,
            0.13710428960621357,
            0.9240088120207139
        ],
        [
            0.06773584522306919,
            -0.4961487650871277,
            -0.06744871381670237,
            -0.17099803313612938,
            -0.05209408700466156,
            -0.2912507764995098,
            0.147979985922575,
            0.9845814892781326
        ],
        [
            0.0669526495039463,
            -0.6073548644781113,
            -0.06165242288261652,
            -0.18717825412750244,
            -0.0647031283006072,
            -0.39106767624616623,
            0.13364466838538647,
            0.9592511042417733
        ],
        [
            0.07791145239025354,
            -0.6852226704359055,
            -0.03667527111247182,
            -0.17050374299287796,
            -0.07725405506789684,
            -0.4643581807613373,
            0.12566113844513893,
            0.9471365644075951
        ],
        [
            0.09659058414399624,
            -0.6745170056819916,
            0.006447720224969089,
            -0.10847752913832664,
            -0.08444979786872864,
            -0.48473741859197617,
            0.13780384324491024,
            0.9603524260448804
        ],
        [
            0.12350255623459816,
            -0.6352970749139786,
            0.06611444521695375,
            -0.008884845301508904,
            -0.06702900864183903,
            -0.4989800974726677,
            0.17234595492482185,
            0.9504405298169165
        ],
        [
            0.1522953063249588,
            -0.544562041759491,
            0.1360887475311756,
            0.10134970769286156,
            -0.016591723542660475,
            -0.4836113378405571,
            0.2003386989235878,
            0.9504405298169165
        ]
    ],
    "retrieved_0_prompt": "pick up the bagel and put it in the toaster",
    "retrieved_1_state": [
        -0.13605298101902008,
        0.25075677037239075,
        -0.13037164509296417,
        -2.354161500930786,
        -0.08985067903995514,
        2.5658977031707764,
        -0.0899706706404686,
        0.0
    ],