{
    "query_state": [
        -0.07733708620071411,
        -0.4296472370624542,
        -0.015417095273733139,
        -2.483703374862671,
        -0.058741506189107895,
        2.027543544769287,
        0.08603617548942566,
        0.0
    ],
    "query_prompt": "pick up the bagel and put it in the toaster",
    "inference_time": true,
    "retrieved_0_state": [
        -0.12586568295955658,
        0.20873776078224182,
        -0.17493249475955963,
        -2.2903411388397217,
        -0.028883513063192368,
        2.557387590408325,
        -0.13121776282787323,
        0.0
    ],
    "retrieved_0_actions": [
        [
            -0.09515720419585705,
            0.4014753922820091,
            0.12607441283762455,
            0.3184882551431656,
            0.10203861631453037,
            0.13972987420856953,
            -0.00724164885468781,
            0.0
        ],
        [
            -0.09091520681977272,
            0.368582047522068,
            0.12927700765430927,
            0.29631199315190315,
            0.09447691030800343,
            0.11665484867990017,
            0.02690444467589259,
            0.0
        ],
        [
            -0.08867816999554634,
            0.34665945917367935,
            0.11295570060610771,
            0.2561476267874241,
            0.07509573362767696,
            0.11114388704299927,
            0.067041190341115,
            0.0
        ],
        [
            -0.08430695161223412,
            0.3456924110651016,
            0.09282263927161694,
            0.2304869331419468,
            0.06124699488282204,
            0.1288533490151167,
            0.10885621421039104,
            0.0
        ],
        [
            -0.08384091779589653,
            0.32399557530879974,
            0.09142754599452019,
            0.22042974829673767,
            0.06314562633633614,
            0.12816834263503551,
            0.11236620135605335,
            0.0
        ],
        [
            -0.08373407647013664,
            0.2859470620751381,
            0.10419769212603569,
            0.21437996998429298,
            0.07488674484193325,
            0.1332738809287548,
            0.10035288520157337,
            0.0
        ],
        [
            -0.0736752524971962,
            0.23678943514823914,
            0.1084723137319088,
            0.20630018785595894,
            0.07307623978704214,
            0.13565110974013805,
            0.09908114559948444,
            0.0
        ],
        [
            -0.07290389388799667,
            0.18412001430988312,
            0.11351704597473145,
            0.18894540145993233,
            0.08105243556201458,
            0.12527259066700935,
            0.08848029188811779,
            0.0
        ],
        [
            -0.05907619837671518,
            0.12872900813817978,
            0.09646229445934296,
            0.15978967770934105,
            0.07721259724348783,
            0.11925850063562393,
            0.1049931813031435,
            0.1956045
        ],
        [
            -0.04886416718363762,
            0.0851674098521471,
            0.07452518679201603,
            0.12523830868303776,
            0.05996729712933302,
            0.11360388249158859,
            0.09567891247570515,
            0.3248899045247551
        ],
        [
            -0.04624588880687952,
            0.06137094460427761,
            0.06568767130374908,
            0.10167735628783703,
            0.05926996469497681,
            0.09533219039440155,
            0.09206380695104599,
            0.46145378619656363
        ],
        [
            -0.03991017583757639,
            0.04545004107058048,
            0.055167763493955135,
            0.08799436502158642,
            0.05490916781127453,
            0.07731801830232143,
            0.0944246631115675,
            0.5892070496165712
        ],
        [
            -0.032570650801062584,
            0.023295828141272068,
            0.042535047978162766,
            0.0813739188015461,
            0.050292438827455044,
            0.041510812006890774,
            0.10250999592244625,
            0.6905286335889526
        ],
        [
            -0.021040155552327633,
            -0.01076490618288517,
            0.023320862092077732,
            0.06996946409344673,
            0.03819046774879098,
            0.007105072145350277,
            0.11535061523318291,
            0.8270925152607611
        ],
        [
            -0.007934097666293383,
            -0.06126690190285444,
            -0.001351564860669896,
            0.049076927825808525,
            0.022953206207603216,
            -0.03859855933114886,
            0.13168565928936005,
            0.9416299608704277
        ]
    ],
    "retrieved_0_prompt": "pick up the bagel and put it in the toaster",
    "retrieved_1_state": [
        -0.14647029340267181,
        -0.004735059570521116,
        -0.08121190220117569,
        -2.5107922554016113,
        -0.09590603411197662,
        2.553642511367798,
        0.2619103789329529,
        0.0
    ],